anio,seleccion_id,posicion,etapa,pts,pj,pg,pe,pp,gf,gc,dif,participo
1950,1,,no participó,,,,,,,,,False
1954,1,,no participó,,,,,,,,,False
1958,1,,no participó,,,,,,,,,False
1962,1,,no participó,,,,,,,,,False
1966,1,,no participó,,,,,,,,,False
1970,1,,no participó,,,,,,,,,False
1974,1,6.0,Grupos 2da Ronda,6.0,6.0,2.0,2.0,2.0,5.0,5.0,0.0,True
1978,1,,no participó,,,,,,,,,False
1982,1,,no participó,,,,,,,,,False
1986,1,,no participó,,,,,,,,,False
1990,1,,no participó,,,,,,,,,False
1994,1,,no participó,,,,,,,,,False
1998,1,,no participó,,,,,,,,,False
2002,1,,no participó,,,,,,,,,False
2006,1,,no participó,,,,,,,,,False
2010,1,,no participó,,,,,,,,,False
2014,1,,no participó,,,,,,,,,False
2018,1,,no participó,,,,,,,,,False
2022,1,,no participó,,,,,,,,,False
2026,1,,no participó,,,,,,,,,False
1930,1,,no participó,,,,,,,,,False
1934,1,3.0,Partido 3er Puesto,6.0,4.0,3.0,0.0,1.0,11.0,8.0,3.0,True
1938,1,10.0,Octavos de Final,1.0,2.0,0.0,1.0,1.0,3.0,5.0,-2.0,True
1954,1,1.0,Final,10.0,6.0,5.0,0.0,1.0,25.0,14.0,11.0,True
1958,1,4.0,Partido 3er Puesto,6.0,6.0,2.0,2.0,2.0,12.0,14.0,-2.0,True
1962,1,7.0,Cuartos de Final,5.0,4.0,2.0,1.0,1.0,4.0,2.0,2.0,True
1966,1,2.0,Final,9.0,6.0,4.0,1.0,1.0,15.0,6.0,9.0,True
1970,1,3.0,Partido 3er Puesto,10.0,6.0,5.0,0.0,1.0,17.0,10.0,7.0,True
1974,1,1.0,Final,12.0,7.0,6.0,0.0,1.0,13.0,4.0,9.0,True
1978,1,6.0,Grupos 2da Ronda,6.0,6.0,1.0,4.0,1.0,10.0,5.0,5.0,True
1982,1,2.0,Final,8.0,7.0,3.0,2.0,2.0,12.0,10.0,2.0,True
1986,1,2.0,Final,8.0,7.0,3.0,2.0,2.0,8.0,7.0,1.0,True
1990,1,1.0,Final,12.0,7.0,5.0,2.0,0.0,15.0,5.0,10.0,True
1994,1,5.0,Cuartos de Final,10.0,5.0,3.0,1.0,1.0,9.0,7.0,2.0,True
1998,1,7.0,Cuartos de Final,10.0,5.0,3.0,1.0,1.0,8.0,6.0,2.0,True
2002,1,2.0,Final,16.0,7.0,5.0,1.0,1.0,14.0,3.0,11.0,True
2006,1,3.0,Partido 3er Puesto,16.0,7.0,5.0,1.0,1.0,14.0,6.0,8.0,True
2010,1,3.0,Partido 3er Puesto,15.0,7.0,5.0,0.0,2.0,16.0,5.0,11.0,True
2014,1,1.0,Final,19.0,7.0,6.0,1.0,0.0,18.0,4.0,14.0,True
2018,1,22.0,Grupos 1ra Ronda,3.0,3.0,1.0,0.0,2.0,2.0,4.0,-2.0,True
2022,1,17.0,Grupos 1ra Ronda,4.0,3.0,1.0,1.0,1.0,6.0,5.0,1.0,True
2026,1,,clasificado,0.0,0.0,0.0,0.0,0.0,0.0,0.0,0.0,True
1930,2,,no participó,,,,,,,,,False
1934,2,,no participó,,,,,,,,,False
1938,2,,no participó,,,,,,,,,False
1950,2,,no participó,,,,,,,,,False
1954,2,,no participó,,,,,,,,,False
1958,2,,no participó,,,,,,,,,False
1962,2,,no participó,,,,,,,,,False
1966,2,,no participó,,,,,,,,,False
1970,2,,no participó,,,,,,,,,False
1974,2,,no participó,,,,,,,,,False
1978,2,,no participó,,,,,,,,,False
1982,2,,no participó,,,,,,,,,False
1986,2,,no participó,,,,,,,,,False
1990,2,,no participó,,,,,,,,,False
1994,2,,no participó,,,,,,,,,False
1998,2,,no participó,,,,,,,,,False
2002,2,,no participó,,,,,,,,,False
2006,2,23.0,Grupos 1ra Ronda,2.0,3.0,0.0,2.0,1.0,1.0,2.0,-1.0,True
2010,2,,no participó,,,,,,,,,False
2014,2,,no participó,,,,,,,,,False
2018,2,,no participó,,,,,,,,,False
2022,2,,no participó,,,,,,,,,False
2026,2,,no participó,,,,,,,,,False
1930,3,,no participó,,,,,,,,,False
1934,3,,no participó,,,,,,,,,False
1938,3,,no participó,,,,,,,,,False
1950,3,,no participó,,,,,,,,,False
1954,3,,no participó,,,,,,,,,False
1958,3,,no participó,,,,,,,,,False
1962,3,,no participó,,,,,,,,,False
1966,3,,no participó,,,,,,,,,False
1970,3,,no participó,,,,,,,,,False
1974,3,,no participó,,,,,,,,,False
1978,3,,no participó,,,,,,,,,False
1982,3,,no participó,,,,,,,,,False
1986,3,,no participó,,,,,,,,,False
1990,3,,no participó,,,,,,,,,False
1994,3,12.0,Octavos de Final,6.0,4.0,2.0,0.0,2.0,5.0,6.0,-1.0,True
1998,3,28.0,Grupos 1ra Ronda,1.0,3.0,0.0,1.0,2.0,2.0,7.0,-5.0,True
2002,3,32.0,Grupos 1ra Ronda,0.0,3.0,0.0,0.0,3.0,0.0,12.0,-12.0,True
2006,3,28.0,Grupos 1ra Ronda,1.0,3.0,0.0,1.0,2.0,2.0,7.0,-5.0,True
2010,3,,no participó,,,,,,,,,False
2014,3,,no participó,,,,,,,,,False
2018,3,26.0,Grupos 1ra Ronda,3.0,3.0,1.0,0.0,2.0,2.0,7.0,-5.0,True
2022,3,25.0,Grupos 1ra Ronda,3.0,3.0,1.0,0.0,2.0,3.0,5.0,-2.0,True
2026,3,,clasificado,0.0,0.0,0.0,0.0,0.0,0.0,0.0,0.0,True
1930,4,,no participó,,,,,,,,,False
1934,4,,no participó,,,,,,,,,False
1938,4,,no participó,,,,,,,,,False
1950,4,,no participó,,,,,,,,,False
1954,4,,no participó,,,,,,,,,False
1958,4,,no participó,,,,,,,,,False
1962,4,,no participó,,,,,,,,,False
1966,4,,no participó,,,,,,,,,False
1970,4,,no participó,,,,,,,,,False
1974,4,,no participó,,,,,,,,,False
1978,4,,no participó,,,,,,,,,False
1982,4,13.0,Grupos 1ra Ronda,4.0,3.0,2.0,0.0,1.0,5.0,5.0,0.0,True
1986,4,22.0,Grupos 1ra Ronda,1.0,3.0,0.0,1.0,2.0,1.0,5.0,-4.0,True
1990,4,,no participó,,,,,,,,,False
1994,4,,no participó,,,,,,,,,False
1998,4,,no participó,,,,,,,,,False
2002,4,,no participó,,,,,,,,,False
2006,4,,no participó,,,,,,,,,False
2010,4,28.0,Grupos 1ra Ronda,1.0,3.0,0.0,1.0,2.0,0.0,2.0,-2.0,True
2014,4,14.0,Octavos de Final,4.0,4.0,1.0,1.0,2.0,7.0,7.0,0.0,True
2018,4,,no participó,,,,,,,,,False
2022,4,,no participó,,,,,,,,,False
2026,4,,clasificado,0.0,0.0,0.0,0.0,0.0,0.0,0.0,0.0,True
1930,5,2.0,Final,8.0,5.0,4.0,0.0,1.0,18.0,9.0,9.0,True
1934,5,9.0,Octavos de Final,0.0,1.0,0.0,0.0,1.0,2.0,3.0,-1.0,True
1938,5,,no participó,,,,,,,,,False
1950,5,,no participó,,,,,,,,,False
1954,5,,no participó,,,,,,,,,False
1958,5,13.0,Grupos 1ra Ronda,2.0,3.0,1.0,0.0,2.0,5.0,10.0,-5.0,True
1962,5,10.0,Grupos 1ra Ronda,3.0,3.0,1.0,1.0,1.0,2.0,3.0,-1.0,True
1966,5,5.0,Cuartos de Final,5.0,4.0,2.0,1.0,1.0,4.0,2.0,2.0,True
1970,5,,no participó,,,,,,,,,False
1974,5,8.0,Grupos 2da Ronda,4.0,6.0,1.0,2.0,3.0,9.0,12.0,-3.0,True
1978,5,1.0,Final,11.0,7.0,5.0,1.0,1.0,15.0,4.0,11.0,True
1982,5,11.0,Grupos 2da Ronda,4.0,5.0,2.0,0.0,3.0,8.0,7.0,1.0,True
1986,5,1.0,Final,13.0,7.0,6.0,1.0,0.0,14.0,5.0,9.0,True
1990,5,2.0,Final,7.0,7.0,2.0,3.0,2.0,5.0,4.0,1.0,True
1994,5,10.0,Octavos de Final,6.0,4.0,2.0,0.0,2.0,8.0,6.0,2.0,True
1998,5,6.0,Cuartos de Final,10.0,5.0,3.0,1.0,1.0,10.0,4.0,6.0,True
2002,5,18.0,Grupos 1ra Ronda,4.0,3.0,1.0,1.0,1.0,2.0,2.0,0.0,True
2006,5,6.0,Cuartos de Final,11.0,5.0,3.0,2.0,0.0,11.0,3.0,8.0,True
2010,5,5.0,Cuartos de Final,12.0,5.0,4.0,0.0,1.0,10.0,6.0,4.0,True
2014,5,2.0,Final,16.0,7.0,5.0,1.0,1.0,8.0,4.0,4.0,True
2018,5,16.0,Octavos de Final,4.0,4.0,1.0,1.0,2.0,6.0,9.0,-3.0,True
2022,5,1.0,Final,14.0,7.0,4.0,2.0,1.0,15.0,8.0,7.0,True
2026,5,,clasificado,0.0,0.0,0.0,0.0,0.0,0.0,0.0,0.0,True
1930,6,,no participó,,,,,,,,,False
1934,6,,no participó,,,,,,,,,False
1938,6,,no participó,,,,,,,,,False
1950,6,,no participó,,,,,,,,,False
1954,6,,no participó,,,,,,,,,False
1958,6,,no participó,,,,,,,,,False
1962,6,,no participó,,,,,,,,,False
1966,6,,no participó,,,,,,,,,False
1970,6,,no participó,,,,,,,,,False
1974,6,14.0,Grupos 1ra Ronda,1.0,3.0,0.0,1.0,2.0,0.0,5.0,-5.0,True
1978,6,,no participó,,,,,,,,,False
1982,6,,no participó,,,,,,,,,False
1986,6,,no participó,,,,,,,,,False
1990,6,,no participó,,,,,,,,,False
1994,6,,no participó,,,,,,,,,False
1998,6,,no participó,,,,,,,,,False
2002,6,,no participó,,,,,,,,,False
2006,6,16.0,Octavos de Final,4.0,4.0,1.0,1.0,2.0,5.0,6.0,-1.0,True
2010,6,21.0,Grupos 1ra Ronda,4.0,3.0,1.0,1.0,1.0,3.0,6.0,-3.0,True
2014,6,30.0,Grupos 1ra Ronda,0.0,3.0,0.0,0.0,3.0,3.0,9.0,-6.0,True
2018,6,30.0,Grupos 1ra Ronda,1.0,3.0,0.0,1.0,2.0,2.0,5.0,-3.0,True
2022,6,11.0,Octavos de Final,6.0,4.0,2.0,0.0,2.0,4.0,6.0,-2.0,True
2026,6,,clasificado,0.0,0.0,0.0,0.0,0.0,0.0,0.0,0.0,True
1930,7,,no participó,,,,,,,,,False
1934,7,4.0,Partido 3er Puesto,4.0,4.0,2.0,0.0,2.0,7.0,7.0,0.0,True
1938,7,16.0,Octavos de Final,0.0,0.0,0.0,0.0,0.0,0.0,0.0,0.0,True
1950,7,,no participó,,,,,,,,,False
1954,7,3.0,Partido 3er Puesto,8.0,5.0,4.0,0.0,1.0,17.0,12.0,5.0,True
1958,7,15.0,Grupos 1ra Ronda,1.0,3.0,0.0,1.0,2.0,2.0,7.0,-5.0,True
1962,7,,no participó,,,,,,,,,False
1966,7,,no participó,,,,,,,,,False
1970,7,,no participó,,,,,,,,,False
1974,7,,no participó,,,,,,,,,False
1978,7,7.0,Grupos 2da Ronda,6.0,6.0,3.0,0.0,3.0,7.0,10.0,-3.0,True
1982,7,8.0,Grupos 2da Ronda,5.0,5.0,2.0,1.0,2.0,5.0,4.0,1.0,True
1986,7,,no participó,,,,,,,,,False
1990,7,18.0,Grupos 1ra Ronda,2.0,3.0,1.0,0.0,2.0,2.0,3.0,-1.0,True
1994,7,,no participó,,,,,,,,,False
1998,7,23.0,Grupos 1ra Ronda,2.0,3.0,0.0,2.0,1.0,3.0,4.0,-1.0,True
2002,7,,no participó,,,,,,,,,False
2006,7,,no participó,,,,,,,,,False
2010,7,,no participó,,,,,,,,,False
2014,7,,no participó,,,,,,,,,False
2018,7,,no participó,,,,,,,,,False
2022,7,,no participó,,,,,,,,,False
2026,7,,clasificado,0.0,0.0,0.0,0.0,0.0,0.0,0.0,0.0,True
1930,12,11.0,Grupos 1ra Ronda,0.0,2.0,0.0,0.0,2.0,0.0,4.0,-4.0,True
1934,12,15.0,Octavos de Final,0.0,1.0,0.0,0.0,1.0,2.0,5.0,-3.0,True
1938,12,13.0,Octavos de Final,0.0,1.0,0.0,0.0,1.0,1.0,3.0,-2.0,True
1950,12,,no participó,,,,,,,,,False
1954,12,12.0,Grupos 1ra Ronda,1.0,2.0,0.0,1.0,1.0,5.0,8.0,-3.0,True
1958,12,,no participó,,,,,,,,,False
1962,12,,no participó,,,,,,,,,False
1966,12,,no participó,,,,,,,,,False
1970,12,10.0,Grupos 1ra Ronda,2.0,3.0,1.0,0.0,2.0,4.0,5.0,-1.0,True
1974,12,,no participó,,,,,,,,,False
1978,12,,no participó,,,,,,,,,False
1982,12,10.0,Grupos 2da Ronda,5.0,5.0,2.0,1.0,2.0,3.0,5.0,-2.0,True
1986,12,4.0,Partido 3er Puesto,6.0,7.0,2.0,2.0,3.0,12.0,15.0,-3.0,True
1990,12,11.0,Octavos de Final,4.0,4.0,2.0,0.0,2.0,6.0,4.0,2.0,True
1994,12,11.0,Octavos de Final,6.0,4.0,2.0,0.0,2.0,4.0,4.0,0.0,True
1998,12,19.0,Grupos 1ra Ronda,3.0,3.0,0.0,3.0,0.0,3.0,3.0,0.0,True
2002,12,14.0,Octavos de Final,5.0,4.0,1.0,2.0,1.0,6.0,7.0,-1.0,True
2006,12,,no participó,,,,,,,,,False
2010,12,,no participó,,,,,,,,,False
2014,12,6.0,Cuartos de Final,12.0,5.0,4.0,0.0,1.0,6.0,3.0,3.0,True
2018,12,3.0,Partido 3er Puesto,18.0,7.0,6.0,0.0,1.0,16.0,6.0,10.0,True
2022,12,23.0,Grupos 1ra Ronda,4.0,3.0,1.0,1.0,1.0,1.0,2.0,-1.0,True
2026,12,,clasificado,0.0,0.0,0.0,0.0,0.0,0.0,0.0,0.0,True
1930,8,12.0,Grupos 1ra Ronda,0.0,2.0,0.0,0.0,2.0,0.0,8.0,-8.0,True
1934,8,,no participó,,,,,,,,,False
1938,8,,no participó,,,,,,,,,False
1950,8,13.0,Grupos 1ra Ronda,0.0,1.0,0.0,0.0,1.0,0.0,8.0,-8.0,True
1954,8,,no participó,,,,,,,,,False
1958,8,,no participó,,,,,,,,,False
1962,8,,no participó,,,,,,,,,False
1966,8,,no participó,,,,,,,,,False
1970,8,,no participó,,,,,,,,,False
1974,8,,no participó,,,,,,,,,False
1978,8,,no participó,,,,,,,,,False
1982,8,,no participó,,,,,,,,,False
1986,8,,no participó,,,,,,,,,False
1990,8,,no participó,,,,,,,,,False
1994,8,21.0,Grupos 1ra Ronda,1.0,3.0,0.0,1.0,2.0,1.0,4.0,-3.0,True
1998,8,,no participó,,,,,,,,,False
2002,8,,no participó,,,,,,,,,False
2006,8,,no participó,,,,,,,,,False
2010,8,,no participó,,,,,,,,,False
2014,8,,no participó,,,,,,,,,False
2018,8,,no participó,,,,,,,,,False
2022,8,,no participó,,,,,,,,,False
2026,8,,,,,,,,,,,True
1930,9,,no participó,,,,,,,,,False
1934,9,,no participó,,,,,,,,,False
1938,9,,no participó,,,,,,,,,False
1950,9,,no participó,,,,,,,,,False
1954,9,,no participó,,,,,,,,,False
1958,9,,no participó,,,,,,,,,False
1962,9,,no participó,,,,,,,,,False
1966,9,,no participó,,,,,,,,,False
1970,9,,no participó,,,,,,,,,False
1974,9,,no participó,,,,,,,,,False
1978,9,,no participó,,,,,,,,,False
1982,9,,no participó,,,,,,,,,False
1986,9,,no participó,,,,,,,,,False
1990,9,,no participó,,,,,,,,,False
1994,9,,no participó,,,,,,,,,False
1998,9,,no participó,,,,,,,,,False
2002,9,,no participó,,,,,,,,,False
2006,9,,no participó,,,,,,,,,False
2010,9,,no participó,,,,,,,,,False
2014,9,20.0,Grupos 1ra Ronda,3.0,3.0,1.0,0.0,2.0,4.0,4.0,0.0,True
2018,9,,no participó,,,,,,,,,False
2022,9,,no participó,,,,,,,,,False
2026,9,,,,,,,,,,,True
1930,10,6.0,Grupos 1ra Ronda,2.0,2.0,1.0,0.0,1.0,5.0,2.0,3.0,True
1934,10,14.0,Octavos de Final,0.0,1.0,0.0,0.0,1.0,1.0,3.0,-2.0,True
1938,10,3.0,Partido 3er Puesto,7.0,5.0,3.0,1.0,1.0,14.0,11.0,3.0,True
1950,10,2.0,Ronda Final,9.0,6.0,4.0,1.0,1.0,22.0,6.0,16.0,True
1954,10,6.0,Cuartos de Final,3.0,3.0,1.0,1.0,1.0,8.0,5.0,3.0,True
1958,10,1.0,Final,11.0,6.0,5.0,1.0,0.0,16.0,4.0,12.0,True
1962,10,1.0,Final,11.0,6.0,5.0,1.0,0.0,14.0,5.0,9.0,True
1966,10,11.0,Grupos 1ra Ronda,2.0,3.0,1.0,0.0,2.0,4.0,6.0,-2.0,True
1970,10,1.0,Final,12.0,6.0,6.0,0.0,0.0,19.0,7.0,12.0,True
1974,10,4.0,Partido 3er Puesto,8.0,7.0,3.0,2.0,2.0,6.0,4.0,2.0,True
1978,10,3.0,Partido 3er Puesto,11.0,7.0,4.0,3.0,0.0,10.0,3.0,7.0,True
1982,10,5.0,Grupos 2da Ronda,8.0,5.0,4.0,0.0,1.0,15.0,6.0,9.0,True
1986,10,5.0,Cuartos de Final,9.0,5.0,4.0,1.0,0.0,10.0,1.0,9.0,True
1990,10,9.0,Octavos de Final,6.0,4.0,3.0,0.0,1.0,4.0,2.0,2.0,True
1994,10,1.0,Final,17.0,7.0,5.0,2.0,0.0,11.0,3.0,8.0,True
1998,10,2.0,Final,13.0,7.0,4.0,1.0,2.0,14.0,10.0,4.0,True
2002,10,1.0,Final,21.0,7.0,7.0,0.0,0.0,18.0,4.0,14.0,True
2006,10,5.0,Cuartos de Final,12.0,5.0,4.0,0.0,1.0,10.0,2.0,8.0,True
2010,10,6.0,Cuartos de Final,10.0,5.0,3.0,1.0,1.0,9.0,4.0,5.0,True
2014,10,4.0,Partido 3er Puesto,11.0,7.0,3.0,2.0,2.0,11.0,14.0,-3.0,True
2018,10,6.0,Cuartos de Final,10.0,5.0,3.0,1.0,1.0,8.0,3.0,5.0,True
2022,10,7.0,Cuartos de Final,10.0,5.0,3.0,1.0,1.0,8.0,3.0,5.0,True
2026,10,,clasificado,0.0,0.0,0.0,0.0,0.0,0.0,0.0,0.0,True
1930,11,,no participó,,,,,,,,,False
1934,11,,no participó,,,,,,,,,False
1938,11,,no participó,,,,,,,,,False
1950,11,,no participó,,,,,,,,,False
1954,11,,no participó,,,,,,,,,False
1958,11,,no participó,,,,,,,,,False
1962,11,15.0,Grupos 1ra Ronda,1.0,3.0,0.0,1.0,2.0,1.0,7.0,-6.0,True
1966,11,15.0,Grupos 1ra Ronda,0.0,3.0,0.0,0.0,3.0,1.0,8.0,-7.0,True
1970,11,13.0,Grupos 1ra Ronda,1.0,3.0,0.0,1.0,2.0,5.0,9.0,-4.0,True
1974,11,12.0,Grupos 1ra Ronda,2.0,3.0,0.0,2.0,1.0,2.0,5.0,-3.0,True
1978,11,,no participó,,,,,,,,,False
1982,11,,no participó,,,,,,,,,False
1986,11,15.0,Octavos de Final,2.0,4.0,0.0,2.0,2.0,2.0,6.0,-4.0,True
1990,11,,no participó,,,,,,,,,False
1994,11,4.0,Partido 3er Puesto,10.0,7.0,3.0,1.0,3.0,10.0,11.0,-1.0,True
1998,11,29.0,Grupos 1ra Ronda,1.0,3.0,0.0,1.0,2.0,1.0,7.0,-6.0,True
2002,11,,no participó,,,,,,,,,False
2006,11,,no participó,,,,,,,,,False
2010,11,,no participó,,,,,,,,,False
2014,11,,no participó,,,,,,,,,False
2018,11,,no participó,,,,,,,,,False
2022,11,,no participó,,,,,,,,,False
2026,11,,no participó,,,,,,,,,False
1930,13,,no participó,,,,,,,,,False
1934,13,,no participó,,,,,,,,,False
1938,13,,no participó,,,,,,,,,False
1950,13,,no participó,,,,,,,,,False
1954,13,,no participó,,,,,,,,,False
1958,13,,no participó,,,,,,,,,False
1962,13,,no participó,,,,,,,,,False
1966,13,,no participó,,,,,,,,,False
1970,13,,no participó,,,,,,,,,False
1974,13,,no participó,,,,,,,,,False
1978,13,,no participó,,,,,,,,,False
1982,13,,no participó,,,,,,,,,False
1986,13,,no participó,,,,,,,,,False
1990,13,,no participó,,,,,,,,,False
1994,13,,no participó,,,,,,,,,False
1998,13,,no participó,,,,,,,,,False
2002,13,,no participó,,,,,,,,,False
2006,13,,no participó,,,,,,,,,False
2010,13,,no participó,,,,,,,,,False
2014,13,,no participó,,,,,,,,,False
2018,13,,no participó,,,,,,,,,False
2022,13,,no participó,,,,,,,,,False
2026,13,,clasificado,0.0,0.0,0.0,0.0,0.0,0.0,0.0,0.0,True
1930,14,,no participó,,,,,,,,,False
1934,14,,no participó,,,,,,,,,False
1938,14,,no participó,,,,,,,,,False
1950,14,,no participó,,,,,,,,,False
1954,14,,no participó,,,,,,,,,False
1958,14,,no participó,,,,,,,,,False
1962,14,,no participó,,,,,,,,,False
1966,14,,no participó,,,,,,,,,False
1970,14,,no participó,,,,,,,,,False
1974,14,,no participó,,,,,,,,,False
1978,14,,no participó,,,,,,,,,False
1982,14,17.0,Grupos 1ra Ronda,3.0,3.0,0.0,3.0,0.0,1.0,1.0,0.0,True
1986,14,,no participó,,,,,,,,,False
1990,14,7.0,Cuartos de Final,6.0,5.0,3.0,0.0,2.0,7.0,9.0,-2.0,True
1994,14,22.0,Grupos 1ra Ronda,1.0,3.0,0.0,1.0,2.0,3.0,11.0,-8.0,True
1998,14,25.0,Grupos 1ra Ronda,2.0,3.0,0.0,2.0,1.0,2.0,5.0,-3.0,True
2002,14,20.0,Grupos 1ra Ronda,4.0,3.0,1.0,1.0,1.0,2.0,3.0,-1.0,True
2006,14,,no participó,,,,,,,,,False
2010,14,31.0,Grupos 1ra Ronda,0.0,3.0,0.0,0.0,3.0,2.0,5.0,-3.0,True
2014,14,32.0,Grupos 1ra Ronda,0.0,3.0,0.0,0.0,3.0,1.0,9.0,-8.0,True
2018,14,,no participó,,,,,,,,,False
2022,14,19.0,Grupos 1ra Ronda,4.0,3.0,1.0,1.0,1.0,4.0,4.0,0.0,True
2026,14,,no participó,,,,,,,,,False
1930,15,,no participó,,,,,,,,,False
1934,15,,no participó,,,,,,,,,False
1938,15,,no participó,,,,,,,,,False
1950,15,,no participó,,,,,,,,,False
1954,15,,no participó,,,,,,,,,False
1958,15,,no participó,,,,,,,,,False
1962,15,,no participó,,,,,,,,,False
1966,15,,no participó,,,,,,,,,False
1970,15,,no participó,,,,,,,,,False
1974,15,,no participó,,,,,,,,,False
1978,15,,no participó,,,,,,,,,False
1982,15,,no participó,,,,,,,,,False
1986,15,24.0,Grupos 1ra Ronda,0.0,3.0,0.0,0.0,3.0,0.0,5.0,-5.0,True
1990,15,,no participó,,,,,,,,,False
1994,15,,no participó,,,,,,,,,False
1998,15,,no participó,,,,,,,,,False
2002,15,,no participó,,,,,,,,,False
2006,15,,no participó,,,,,,,,,False
2010,15,,no participó,,,,,,,,,False
2014,15,,no participó,,,,,,,,,False
2018,15,,no participó,,,,,,,,,False
2022,15,31.0,Grupos 1ra Ronda,0.0,3.0,0.0,0.0,3.0,2.0,7.0,-5.0,True
2026,15,,clasificado,0.0,0.0,0.0,0.0,0.0,0.0,0.0,0.0,True
1930,16,,no participó,,,,,,,,,False
1934,16,,no participó,,,,,,,,,False
1938,16,,no participó,,,,,,,,,False
1950,16,,no participó,,,,,,,,,False
1954,16,,no participó,,,,,,,,,False
1958,16,,no participó,,,,,,,,,False
1962,16,,no participó,,,,,,,,,False
1966,16,,no participó,,,,,,,,,False
1970,16,,no participó,,,,,,,,,False
1974,16,,no participó,,,,,,,,,False
1978,16,,no participó,,,,,,,,,False
1982,16,,no participó,,,,,,,,,False
1986,16,,no participó,,,,,,,,,False
1990,16,,no participó,,,,,,,,,False
1994,16,,no participó,,,,,,,,,False
1998,16,,no participó,,,,,,,,,False
2002,16,,no participó,,,,,,,,,False
2006,16,,no participó,,,,,,,,,False
2010,16,,no participó,,,,,,,,,False
2014,16,,no participó,,,,,,,,,False
2018,16,,no participó,,,,,,,,,False
2022,16,32.0,Grupos 1ra Ronda,0.0,3.0,0.0,0.0,3.0,1.0,7.0,-6.0,True
2026,16,,clasificado,0.0,0.0,0.0,0.0,0.0,0.0,0.0,0.0,True
1930,17,5.0,Grupos 1ra Ronda,4.0,3.0,2.0,0.0,1.0,5.0,3.0,2.0,True
1934,17,,no participó,,,,,,,,,False
1938,17,,no participó,,,,,,,,,False
1950,17,9.0,Grupos 1ra Ronda,2.0,3.0,1.0,0.0,2.0,5.0,6.0,-1.0,True
1954,17,,no participó,,,,,,,,,False
1958,17,,no participó,,,,,,,,,False
1962,17,3.0,Partido 3er Puesto,8.0,6.0,4.0,0.0,2.0,10.0,8.0,2.0,True
1966,17,13.0,Grupos 1ra Ronda,1.0,3.0,0.0,1.0,2.0,2.0,5.0,-3.0,True
1970,17,,no participó,,,,,,,,,False
1974,17,11.0,Grupos 1ra Ronda,2.0,3.0,0.0,2.0,1.0,1.0,2.0,-1.0,True
1978,17,,no participó,,,,,,,,,False
1982,17,22.0,Grupos 1ra Ronda,0.0,3.0,0.0,0.0,3.0,3.0,8.0,-5.0,True
1986,17,,no participó,,,,,,,,,False
1990,17,,no participó,,,,,,,,,False
1994,17,,no participó,,,,,,,,,False
1998,17,16.0,Octavos de Final,3.0,4.0,0.0,3.0,1.0,5.0,8.0,-3.0,True
2002,17,,no participó,,,,,,,,,False
2006,17,,no participó,,,,,,,,,False
2010,17,10.0,Octavos de Final,6.0,4.0,2.0,0.0,2.0,3.0,5.0,-2.0,True
2014,17,9.0,Octavos de Final,7.0,4.0,2.0,1.0,1.0,6.0,4.0,2.0,True
2018,17,,no participó,,,,,,,,,False
2022,17,,no participó,,,,,,,,,False
2026,17,,no participó,,,,,,,,,False
1930,18,,no participó,,,,,,,,,False
1934,18,,no participó,,,,,,,,,False
1938,18,,no participó,,,,,,,,,False
1950,18,,no participó,,,,,,,,,False
1954,18,,no participó,,,,,,,,,False
1958,18,,no participó,,,,,,,,,False
1962,18,,no participó,,,,,,,,,False
1966,18,,no participó,,,,,,,,,False
1970,18,,no participó,,,,,,,,,False
1974,18,,no participó,,,,,,,,,False
1978,18,,no participó,,,,,,,,,False
1982,18,,no participó,,,,,,,,,False
1986,18,,no participó,,,,,,,,,False
1990,18,,no participó,,,,,,,,,False
1994,18,,no participó,,,,,,,,,False
1998,18,,no participó,,,,,,,,,False
2002,18,31.0,Grupos 1ra Ronda,0.0,3.0,0.0,0.0,3.0,0.0,9.0,-9.0,True
2006,18,,no participó,,,,,,,,,False
2010,18,,no participó,,,,,,,,,False
2014,18,,no participó,,,,,,,,,False
2018,18,,no participó,,,,,,,,,False
2022,18,,no participó,,,,,,,,,False
2026,18,,no participó,,,,,,,,,False
1930,19,,no participó,,,,,,,,,False
1934,19,,no participó,,,,,,,,,False
1938,19,,no participó,,,,,,,,,False
1950,19,,no participó,,,,,,,,,False
1954,19,,no participó,,,,,,,,,False
1958,19,,no participó,,,,,,,,,False
1962,19,14.0,Grupos 1ra Ronda,1.0,3.0,0.0,1.0,2.0,5.0,11.0,-6.0,True
1966,19,,no participó,,,,,,,,,False
1970,19,,no participó,,,,,,,,,False
1974,19,,no participó,,,,,,,,,False
1978,19,,no participó,,,,,,,,,False
1982,19,,no participó,,,,,,,,,False
1986,19,,no participó,,,,,,,,,False
1990,19,14.0,Octavos de Final,3.0,4.0,1.0,1.0,2.0,4.0,4.0,0.0,True
1994,19,19.0,Grupos 1ra Ronda,3.0,3.0,1.0,0.0,2.0,4.0,5.0,-1.0,True
1998,19,21.0,Grupos 1ra Ronda,3.0,3.0,1.0,0.0,2.0,1.0,3.0,-2.0,True
2002,19,,no participó,,,,,,,,,False
2006,19,,no participó,,,,,,,,,False
2010,19,,no participó,,,,,,,,,False
2014,19,5.0,Cuartos de Final,12.0,5.0,4.0,0.0,1.0,12.0,4.0,8.0,True
2018,19,9.0,Octavos de Final,7.0,4.0,2.0,1.0,1.0,6.0,3.0,3.0,True
2022,19,,no participó,,,,,,,,,False
2026,19,,clasificado,0.0,0.0,0.0,0.0,0.0,0.0,0.0,0.0,True
1930,20,,no participó,,,,,,,,,False
1934,20,,no participó,,,,,,,,,False
1938,20,,no participó,,,,,,,,,False
1950,20,,no participó,,,,,,,,,False
1954,20,,no participó,,,,,,,,,False
1958,20,,no participó,,,,,,,,,False
1962,20,,no participó,,,,,,,,,False
1966,20,8.0,Cuartos de Final,3.0,4.0,1.0,1.0,2.0,5.0,9.0,-4.0,True
1970,20,,no participó,,,,,,,,,False
1974,20,,no participó,,,,,,,,,False
1978,20,,no participó,,,,,,,,,False
1982,20,,no participó,,,,,,,,,False
1986,20,,no participó,,,,,,,,,False
1990,20,,no participó,,,,,,,,,False
1994,20,,no participó,,,,,,,,,False
1998,20,,no participó,,,,,,,,,False
2002,20,,no participó,,,,,,,,,False
2006,20,,no participó,,,,,,,,,False
2010,20,32.0,Grupos 1ra Ronda,0.0,3.0,0.0,0.0,3.0,1.0,12.0,-11.0,True
2014,20,,no participó,,,,,,,,,False
2018,20,,no participó,,,,,,,,,False
2022,20,,no participó,,,,,,,,,False
2026,20,,no participó,,,,,,,,,False
1930,21,,no participó,,,,,,,,,False
1934,21,,no participó,,,,,,,,,False
1938,21,,no participó,,,,,,,,,False
1950,21,,no participó,,,,,,,,,False
1954,21,16.0,Grupos 1ra Ronda,0.0,2.0,0.0,0.0,2.0,0.0,16.0,-16.0,True
1958,21,,no participó,,,,,,,,,False
1962,21,,no participó,,,,,,,,,False
1966,21,,no participó,,,,,,,,,False
1970,21,,no participó,,,,,,,,,False
1974,21,,no participó,,,,,,,,,False
1978,21,,no participó,,,,,,,,,False
1982,21,,no participó,,,,,,,,,False
1986,21,20.0,Grupos 1ra Ronda,1.0,3.0,0.0,1.0,2.0,4.0,7.0,-3.0,True
1990,21,22.0,Grupos 1ra Ronda,0.0,3.0,0.0,0.0,3.0,1.0,6.0,-5.0,True
1994,21,20.0,Grupos 1ra Ronda,2.0,3.0,0.0,2.0,1.0,4.0,5.0,-1.0,True
1998,21,30.0,Grupos 1ra Ronda,1.0,3.0,0.0,1.0,2.0,2.0,9.0,-7.0,True
2002,21,4.0,Partido 3er Puesto,11.0,7.0,3.0,2.0,2.0,8.0,6.0,2.0,True
2006,21,17.0,Grupos 1ra Ronda,4.0,3.0,1.0,1.0,1.0,3.0,4.0,-1.0,True
2010,21,15.0,Octavos de Final,4.0,4.0,1.0,1.0,2.0,6.0,8.0,-2.0,True
2014,21,27.0,Grupos 1ra Ronda,1.0,3.0,0.0,1.0,2.0,3.0,6.0,-3.0,True
2018,21,19.0,Grupos 1ra Ronda,3.0,3.0,1.0,0.0,2.0,3.0,3.0,0.0,True
2022,21,16.0,Octavos de Final,4.0,4.0,1.0,1.0,2.0,5.0,8.0,-3.0,True
2026,21,,clasificado,0.0,0.0,0.0,0.0,0.0,0.0,0.0,0.0,True
1930,23,,no participó,,,,,,,,,False
1934,23,,no participó,,,,,,,,,False
1938,23,,no participó,,,,,,,,,False
1950,23,,no participó,,,,,,,,,False
1954,23,,no participó,,,,,,,,,False
1958,23,,no participó,,,,,,,,,False
1962,23,,no participó,,,,,,,,,False
1966,23,,no participó,,,,,,,,,False
1970,23,,no participó,,,,,,,,,False
1974,23,,no participó,,,,,,,,,False
1978,23,,no participó,,,,,,,,,False
1982,23,,no participó,,,,,,,,,False
1986,23,,no participó,,,,,,,,,False
1990,23,,no participó,,,,,,,,,False
1994,23,,no participó,,,,,,,,,False
1998,23,,no participó,,,,,,,,,False
2002,23,,no participó,,,,,,,,,False
2006,23,19.0,Grupos 1ra Ronda,3.0,3.0,1.0,0.0,2.0,5.0,6.0,-1.0,True
2010,23,17.0,Grupos 1ra Ronda,4.0,3.0,1.0,1.0,1.0,4.0,3.0,1.0,True
2014,23,21.0,Grupos 1ra Ronda,3.0,3.0,1.0,0.0,2.0,4.0,5.0,-1.0,True
2018,23,,no participó,,,,,,,,,False
2022,23,,no participó,,,,,,,,,False
2026,23,,clasificado,0.0,0.0,0.0,0.0,0.0,0.0,0.0,0.0,True
1930,22,,no participó,,,,,,,,,False
1934,22,,no participó,,,,,,,,,False
1938,22,,no participó,,,,,,,,,False
1950,22,,no participó,,,,,,,,,False
1954,22,,no participó,,,,,,,,,False
1958,22,,no participó,,,,,,,,,False
1962,22,,no participó,,,,,,,,,False
1966,22,,no participó,,,,,,,,,False
1970,22,,no participó,,,,,,,,,False
1974,22,,no participó,,,,,,,,,False
1978,22,,no participó,,,,,,,,,False
1982,22,,no participó,,,,,,,,,False
1986,22,,no participó,,,,,,,,,False
1990,22,13.0,Octavos de Final,4.0,4.0,2.0,0.0,2.0,4.0,6.0,-2.0,True
1994,22,,no participó,,,,,,,,,False
1998,22,,no participó,,,,,,,,,False
2002,22,19.0,Grupos 1ra Ronda,4.0,3.0,1.0,1.0,1.0,5.0,6.0,-1.0,True
2006,22,31.0,Grupos 1ra Ronda,0.0,3.0,0.0,0.0,3.0,3.0,9.0,-6.0,True
2010,22,,no participó,,,,,,,,,False
2014,22,8.0,Cuartos de Final,9.0,5.0,2.0,3.0,0.0,5.0,2.0,3.0,True
2018,22,29.0,Grupos 1ra Ronda,1.0,3.0,0.0,1.0,2.0,2.0,5.0,-3.0,True
2022,22,27.0,Grupos 1ra Ronda,3.0,3.0,1.0,0.0,2.0,3.0,11.0,-8.0,True
2026,22,,,,,,,,,,,True
1930,24,,no participó,,,,,,,,,False
1934,24,,no participó,,,,,,,,,False
1938,24,,no participó,,,,,,,,,False
1950,24,,no participó,,,,,,,,,False
1954,24,,no participó,,,,,,,,,False
1958,24,,no participó,,,,,,,,,False
1962,24,,no participó,,,,,,,,,False
1966,24,,no participó,,,,,,,,,False
1970,24,,no participó,,,,,,,,,False
1974,24,,no participó,,,,,,,,,False
1978,24,,no participó,,,,,,,,,False
1982,24,,no participó,,,,,,,,,False
1986,24,,no participó,,,,,,,,,False
1990,24,,no participó,,,,,,,,,False
1994,24,,no participó,,,,,,,,,False
1998,24,3.0,Partido 3er Puesto,15.0,7.0,5.0,0.0,2.0,11.0,5.0,6.0,True
2002,24,23.0,Grupos 1ra Ronda,3.0,3.0,1.0,0.0,2.0,2.0,3.0,-1.0,True
2006,24,22.0,Grupos 1ra Ronda,2.0,3.0,0.0,2.0,1.0,2.0,3.0,-1.0,True
2010,24,,no participó,,,,,,,,,False
2014,24,19.0,Grupos 1ra Ronda,3.0,3.0,1.0,0.0,2.0,6.0,6.0,0.0,True
2018,24,2.0,Final,14.0,7.0,4.0,2.0,1.0,14.0,9.0,5.0,True
2022,24,3.0,Partido 3er Puesto,10.0,7.0,2.0,4.0,1.0,8.0,7.0,1.0,True
2026,24,,clasificado,0.0,0.0,0.0,0.0,0.0,0.0,0.0,0.0,True
1930,25,,no participó,,,,,,,,,False
1934,25,,no participó,,,,,,,,,False
1938,25,7.0,Cuartos de Final,3.0,3.0,1.0,1.0,1.0,5.0,12.0,-7.0,True
1950,25,,no participó,,,,,,,,,False
1954,25,,no participó,,,,,,,,,False
1958,25,,no participó,,,,,,,,,False
1962,25,,no participó,,,,,,,,,False
1966,25,,no participó,,,,,,,,,False
1970,25,,no participó,,,,,,,,,False
1974,25,,no participó,,,,,,,,,False
1978,25,,no participó,,,,,,,,,False
1982,25,,no participó,,,,,,,,,False
1986,25,,no participó,,,,,,,,,False
1990,25,,no participó,,,,,,,,,False
1994,25,,no participó,,,,,,,,,False
1998,25,,no participó,,,,,,,,,False
2002,25,,no participó,,,,,,,,,False
2006,25,,no participó,,,,,,,,,False
2010,25,,no participó,,,,,,,,,False
2014,25,,no participó,,,,,,,,,False
2018,25,,no participó,,,,,,,,,False
2022,25,,no participó,,,,,,,,,False
2026,25,,no participó,,,,,,,,,False
1930,26,,no participó,,,,,,,,,False
1934,26,,no participó,,,,,,,,,False
1938,26,,no participó,,,,,,,,,False
1950,26,,no participó,,,,,,,,,False
1954,26,,no participó,,,,,,,,,False
1958,26,,no participó,,,,,,,,,False
1962,26,,no participó,,,,,,,,,False
1966,26,,no participó,,,,,,,,,False
1970,26,,no participó,,,,,,,,,False
1974,26,,no participó,,,,,,,,,False
1978,26,,no participó,,,,,,,,,False
1982,26,,no participó,,,,,,,,,False
1986,26,,no participó,,,,,,,,,False
1990,26,,no participó,,,,,,,,,False
1994,26,,no participó,,,,,,,,,False
1998,26,,no participó,,,,,,,,,False
2002,26,,no participó,,,,,,,,,False
2006,26,,no participó,,,,,,,,,False
2010,26,,no participó,,,,,,,,,False
2014,26,,no participó,,,,,,,,,False
2018,26,,no participó,,,,,,,,,False
2022,26,,no participó,,,,,,,,,False
2026,26,,clasificado,0.0,0.0,0.0,0.0,0.0,0.0,0.0,0.0,True
1930,27,,no participó,,,,,,,,,False
1934,27,,no participó,,,,,,,,,False
1938,27,,no participó,,,,,,,,,False
1950,27,,no participó,,,,,,,,,False
1954,27,,no participó,,,,,,,,,False
1958,27,,no participó,,,,,,,,,False
1962,27,,no participó,,,,,,,,,False
1966,27,,no participó,,,,,,,,,False
1970,27,,no participó,,,,,,,,,False
1974,27,,no participó,,,,,,,,,False
1978,27,,no participó,,,,,,,,,False
1982,27,,no participó,,,,,,,,,False
1986,27,9.0,Octavos de Final,6.0,4.0,3.0,0.0,1.0,10.0,6.0,4.0,True
1990,27,,no participó,,,,,,,,,False
1994,27,,no participó,,,,,,,,,False
1998,27,8.0,Cuartos de Final,7.0,5.0,2.0,1.0,2.0,9.0,7.0,2.0,True
2002,27,10.0,Octavos de Final,7.0,4.0,2.0,1.0,1.0,5.0,5.0,0.0,True
2006,27,,no participó,,,,,,,,,False
2010,27,24.0,Grupos 1ra Ronda,3.0,3.0,1.0,0.0,2.0,3.0,6.0,-3.0,True
2014,27,,no participó,,,,,,,,,False
2018,27,11.0,Octavos de Final,6.0,4.0,1.0,3.0,0.0,3.0,2.0,1.0,True
2022,27,28.0,Grupos 1ra Ronda,1.0,3.0,0.0,1.0,2.0,1.0,3.0,-2.0,True
2026,27,,,,,,,,,,,True
1930,28,,no participó,,,,,,,,,False
1934,28,,no participó,,,,,,,,,False
1938,28,,no participó,,,,,,,,,False
1950,28,,no participó,,,,,,,,,False
1954,28,,no participó,,,,,,,,,False
1958,28,,no participó,,,,,,,,,False
1962,28,,no participó,,,,,,,,,False
1966,28,,no participó,,,,,,,,,False
1970,28,,no participó,,,,,,,,,False
1974,28,,no participó,,,,,,,,,False
1978,28,,no participó,,,,,,,,,False
1982,28,,no participó,,,,,,,,,False
1986,28,,no participó,,,,,,,,,False
1990,28,,no participó,,,,,,,,,False
1994,28,,no participó,,,,,,,,,False
1998,28,,no participó,,,,,,,,,False
2002,28,24.0,Grupos 1ra Ronda,3.0,3.0,1.0,0.0,2.0,2.0,4.0,-2.0,True
2006,28,12.0,Octavos de Final,6.0,4.0,2.0,0.0,2.0,5.0,4.0,1.0,True
2010,28,,no participó,,,,,,,,,False
2014,28,17.0,Grupos 1ra Ronda,4.0,3.0,1.0,1.0,1.0,3.0,3.0,0.0,True
2018,28,,no participó,,,,,,,,,False
2022,28,18.0,Grupos 1ra Ronda,4.0,3.0,1.0,1.0,1.0,4.0,3.0,1.0,True
2026,28,,clasificado,0.0,0.0,0.0,0.0,0.0,0.0,0.0,0.0,True
1930,29,,no participó,,,,,,,,,False
1934,29,13.0,Octavos de Final,0.0,1.0,0.0,0.0,1.0,2.0,4.0,-2.0,True
1938,29,,no participó,,,,,,,,,False
1950,29,,no participó,,,,,,,,,False
1954,29,,no participó,,,,,,,,,False
1958,29,,no participó,,,,,,,,,False
1962,29,,no participó,,,,,,,,,False
1966,29,,no participó,,,,,,,,,False
1970,29,,no participó,,,,,,,,,False
1974,29,,no participó,,,,,,,,,False
1978,29,,no participó,,,,,,,,,False
1982,29,,no participó,,,,,,,,,False
1986,29,,no participó,,,,,,,,,False
1990,29,20.0,Grupos 1ra Ronda,2.0,3.0,0.0,2.0,1.0,1.0,2.0,-1.0,True
1994,29,,no participó,,,,,,,,,False
1998,29,,no participó,,,,,,,,,False
2002,29,,no participó,,,,,,,,,False
2006,29,,no participó,,,,,,,,,False
2010,29,,no participó,,,,,,,,,False
2014,29,,no participó,,,,,,,,,False
2018,29,31.0,Grupos 1ra Ronda,0.0,3.0,0.0,0.0,3.0,2.0,6.0,-4.0,True
2022,29,,no participó,,,,,,,,,False
2026,29,,clasificado,0.0,0.0,0.0,0.0,0.0,0.0,0.0,0.0,True
1930,30,,no participó,,,,,,,,,False
1934,30,,no participó,,,,,,,,,False
1938,30,,no participó,,,,,,,,,False
1950,30,,no participó,,,,,,,,,False
1954,30,,no participó,,,,,,,,,False
1958,30,,no participó,,,,,,,,,False
1962,30,,no participó,,,,,,,,,False
1966,30,,no participó,,,,,,,,,False
1970,30,16.0,Grupos 1ra Ronda,0.0,3.0,0.0,0.0,3.0,0.0,9.0,-9.0,True
1974,30,,no participó,,,,,,,,,False
1978,30,,no participó,,,,,,,,,False
1982,30,24.0,Grupos 1ra Ronda,0.0,3.0,0.0,0.0,3.0,1.0,13.0,-12.0,True
1986,30,,no participó,,,,,,,,,False
1990,30,,no participó,,,,,,,,,False
1994,30,,no participó,,,,,,,,,False
1998,30,,no participó,,,,,,,,,False
2002,30,,no participó,,,,,,,,,False
2006,30,,no participó,,,,,,,,,False
2010,30,,no participó,,,,,,,,,False
2014,30,,no participó,,,,,,,,,False
2018,30,,no participó,,,,,,,,,False
2022,30,,no participó,,,,,,,,,False
2026,30,,no participó,,,,,,,,,False
1930,31,,no participó,,,,,,,,,False
1934,31,,no participó,,,,,,,,,False
1938,31,,no participó,,,,,,,,,False
1950,31,,no participó,,,,,,,,,False
1954,31,,no participó,,,,,,,,,False
1958,31,,no participó,,,,,,,,,False
1962,31,,no participó,,,,,,,,,False
1966,31,,no participó,,,,,,,,,False
1970,31,,no participó,,,,,,,,,False
1974,31,,no participó,,,,,,,,,False
1978,31,,no participó,,,,,,,,,False
1982,31,,no participó,,,,,,,,,False
1986,31,,no participó,,,,,,,,,False
1990,31,24.0,Grupos 1ra Ronda,0.0,3.0,0.0,0.0,3.0,2.0,11.0,-9.0,True
1994,31,,no participó,,,,,,,,,False
1998,31,,no participó,,,,,,,,,False
2002,31,,no participó,,,,,,,,,False
2006,31,,no participó,,,,,,,,,False
2010,31,,no participó,,,,,,,,,False
2014,31,,no participó,,,,,,,,,False
2018,31,,no participó,,,,,,,,,False
2022,31,,no participó,,,,,,,,,False
2026,31,,,,,,,,,,,True
1930,32,,no participó,,,,,,,,,False
1934,32,,no participó,,,,,,,,,False
1938,32,,no participó,,,,,,,,,False
1950,32,,no participó,,,,,,,,,False
1954,32,15.0,Grupos 1ra Ronda,0.0,2.0,0.0,0.0,2.0,0.0,8.0,-8.0,True
1958,32,14.0,Grupos 1ra Ronda,1.0,3.0,0.0,1.0,2.0,4.0,6.0,-2.0,True
1962,32,,no participó,,,,,,,,,False
1966,32,,no participó,,,,,,,,,False
1970,32,,no participó,,,,,,,,,False
1974,32,9.0,Grupos 1ra Ronda,4.0,3.0,1.0,2.0,0.0,3.0,1.0,2.0,True
1978,32,11.0,Grupos 1ra Ronda,3.0,3.0,1.0,1.0,1.0,5.0,6.0,-1.0,True
1982,32,15.0,Grupos 1ra Ronda,3.0,3.0,1.0,1.0,1.0,8.0,8.0,0.0,True
1986,32,19.0,Grupos 1ra Ronda,1.0,3.0,0.0,1.0,2.0,1.0,3.0,-2.0,True
1990,32,18.0,Grupos 1ra Ronda,2.0,3.0,1.0,0.0,2.0,2.0,3.0,-1.0,True
1994,32,,no participó,,,,,,,,,False
1998,32,27.0,Grupos 1ra Ronda,1.0,3.0,0.0,1.0,2.0,2.0,6.0,-4.0,True
2002,32,,no participó,,,,,,,,,False
2006,32,,no participó,,,,,,,,,False
2010,32,,no participó,,,,,,,,,False
2014,32,,no participó,,,,,,,,,False
2018,32,,no participó,,,,,,,,,False
2022,32,,no participó,,,,,,,,,False
2026,32,,clasificado,0.0,0.0,0.0,0.0,0.0,0.0,0.0,0.0,True
1930,33,,no participó,,,,,,,,,False
1934,33,,no participó,,,,,,,,,False
1938,33,,no participó,,,,,,,,,False
1950,33,,no participó,,,,,,,,,False
1954,33,,no participó,,,,,,,,,False
1958,33,,no participó,,,,,,,,,False
1962,33,,no participó,,,,,,,,,False
1966,33,,no participó,,,,,,,,,False
1970,33,,no participó,,,,,,,,,False
1974,33,,no participó,,,,,,,,,False
1978,33,,no participó,,,,,,,,,False
1982,33,,no participó,,,,,,,,,False
1986,33,,no participó,,,,,,,,,False
1990,33,,no participó,,,,,,,,,False
1994,33,,no participó,,,,,,,,,False
1998,33,,no participó,,,,,,,,,False
2002,33,,no participó,,,,,,,,,False
2006,33,,no participó,,,,,,,,,False
2010,33,16.0,Octavos de Final,4.0,4.0,1.0,1.0,2.0,5.0,7.0,-2.0,True
2014,33,,no participó,,,,,,,,,False
2018,33,,no participó,,,,,,,,,False
2022,33,,no participó,,,,,,,,,False
2026,33,,,,,,,,,,,True
1930,34,,no participó,,,,,,,,,False
1934,34,,no participó,,,,,,,,,False
1938,34,,no participó,,,,,,,,,False
1950,34,,no participó,,,,,,,,,False
1954,34,,no participó,,,,,,,,,False
1958,34,,no participó,,,,,,,,,False
1962,34,,no participó,,,,,,,,,False
1966,34,,no participó,,,,,,,,,False
1970,34,,no participó,,,,,,,,,False
1974,34,,no participó,,,,,,,,,False
1978,34,,no participó,,,,,,,,,False
1982,34,,no participó,,,,,,,,,False
1986,34,,no participó,,,,,,,,,False
1990,34,,no participó,,,,,,,,,False
1994,34,,no participó,,,,,,,,,False
1998,34,,no participó,,,,,,,,,False
2002,34,30.0,Grupos 1ra Ronda,0.0,3.0,0.0,0.0,3.0,2.0,7.0,-5.0,True
2006,34,,no participó,,,,,,,,,False
2010,34,18.0,Grupos 1ra Ronda,4.0,3.0,1.0,1.0,1.0,3.0,3.0,0.0,True
2014,34,,no participó,,,,,,,,,False
2018,34,,no participó,,,,,,,,,False
2022,34,,no participó,,,,,,,,,False
2026,34,,,,,,,,,,,True
1930,35,,no participó,,,,,,,,,False
1934,35,5.0,Cuartos de Final,3.0,3.0,1.0,1.0,1.0,4.0,3.0,1.0,True
1938,35,,no participó,,,,,,,,,False
1950,35,4.0,Ronda Final,7.0,6.0,3.0,1.0,2.0,10.0,12.0,-2.0,True
1954,35,,no participó,,,,,,,,,False
1958,35,,no participó,,,,,,,,,False
1962,35,12.0,Grupos 1ra Ronda,2.0,3.0,1.0,0.0,2.0,2.0,3.0,-1.0,True
1966,35,10.0,Grupos 1ra Ronda,2.0,3.0,1.0,0.0,2.0,4.0,5.0,-1.0,True
1970,35,,no participó,,,,,,,,,False
1974,35,,no participó,,,,,,,,,False
1978,35,10.0,Grupos 1ra Ronda,3.0,3.0,1.0,1.0,1.0,2.0,2.0,0.0,True
1982,35,12.0,Grupos 2da Ronda,4.0,5.0,1.0,2.0,2.0,4.0,5.0,-1.0,True
1986,35,7.0,Cuartos de Final,7.0,5.0,3.0,1.0,1.0,11.0,4.0,7.0,True
1990,35,10.0,Octavos de Final,5.0,4.0,2.0,1.0,1.0,6.0,4.0,2.0,True
1994,35,8.0,Cuartos de Final,8.0,5.0,2.0,2.0,1.0,10.0,6.0,4.0,True
1998,35,17.0,Grupos 1ra Ronda,4.0,3.0,1.0,1.0,1.0,8.0,4.0,4.0,True
2002,35,5.0,Cuartos de Final,11.0,5.0,3.0,2.0,0.0,10.0,5.0,5.0,True
2006,35,9.0,Octavos de Final,9.0,4.0,3.0,0.0,1.0,9.0,4.0,5.0,True
2010,35,1.0,Final,18.0,7.0,6.0,0.0,1.0,8.0,2.0,6.0,True
2014,35,23.0,Grupos 1ra Ronda,3.0,3.0,1.0,0.0,2.0,4.0,7.0,-3.0,True
2018,35,10.0,Octavos de Final,6.0,4.0,1.0,3.0,0.0,7.0,6.0,1.0,True
2022,35,13.0,Octavos de Final,5.0,4.0,1.0,2.0,1.0,9.0,3.0,6.0,True
2026,35,,clasificado,0.0,0.0,0.0,0.0,0.0,0.0,0.0,0.0,True
1930,36,3.0,Partido 3er Puesto,4.0,3.0,2.0,0.0,1.0,7.0,6.0,1.0,True
1934,36,16.0,Octavos de Final,0.0,1.0,0.0,0.0,1.0,1.0,7.0,-6.0,True
1938,36,,no participó,,,,,,,,,False
1950,36,10.0,Grupos 1ra Ronda,2.0,3.0,1.0,0.0,2.0,4.0,8.0,-4.0,True
1954,36,,no participó,,,,,,,,,False
1958,36,,no participó,,,,,,,,,False
1962,36,,no participó,,,,,,,,,False
1966,36,,no participó,,,,,,,,,False
1970,36,,no participó,,,,,,,,,False
1974,36,,no participó,,,,,,,,,False
1978,36,,no participó,,,,,,,,,False
1982,36,,no participó,,,,,,,,,False
1986,36,,no participó,,,,,,,,,False
1990,36,23.0,Grupos 1ra Ronda,0.0,3.0,0.0,0.0,3.0,2.0,8.0,-6.0,True
1994,36,14.0,Octavos de Final,4.0,4.0,1.0,1.0,2.0,3.0,4.0,-1.0,True
1998,36,32.0,Grupos 1ra Ronda,0.0,3.0,0.0,0.0,3.0,1.0,5.0,-4.0,True
2002,36,8.0,Cuartos de Final,7.0,5.0,2.0,1.0,2.0,7.0,7.0,0.0,True
2006,36,25.0,Grupos 1ra Ronda,1.0,3.0,0.0,1.0,2.0,2.0,6.0,-4.0,True
2010,36,12.0,Octavos de Final,5.0,4.0,1.0,2.0,1.0,5.0,5.0,0.0,True
2014,36,15.0,Octavos de Final,4.0,4.0,1.0,1.0,2.0,5.0,6.0,-1.0,True
2018,36,,no participó,,,,,,,,,False
2022,36,14.0,Octavos de Final,5.0,4.0,1.0,2.0,1.0,3.0,4.0,-1.0,True
2026,36,,clasificado,0.0,0.0,0.0,0.0,0.0,0.0,0.0,0.0,True
1930,37,7.0,Grupos 1ra Ronda,2.0,3.0,1.0,0.0,2.0,4.0,3.0,1.0,True
1934,37,9.0,Octavos de Final,0.0,1.0,0.0,0.0,1.0,2.0,3.0,-1.0,True
1938,37,8.0,Cuartos de Final,2.0,2.0,1.0,0.0,1.0,4.0,4.0,0.0,True
1950,37,,no participó,,,,,,,,,False
1954,37,9.0,Grupos 1ra Ronda,2.0,2.0,1.0,0.0,1.0,3.0,3.0,0.0,True
1958,37,3.0,Partido 3er Puesto,8.0,6.0,4.0,0.0,2.0,23.0,15.0,8.0,True
1962,37,,no participó,,,,,,,,,False
1966,37,13.0,Grupos 1ra Ronda,1.0,3.0,0.0,1.0,2.0,2.0,5.0,-3.0,True
1970,37,,no participó,,,,,,,,,False
1974,37,,no participó,,,,,,,,,False
1978,37,12.0,Grupos 1ra Ronda,2.0,3.0,1.0,0.0,2.0,5.0,5.0,0.0,True
1982,37,4.0,Partido 3er Puesto,8.0,7.0,3.0,2.0,2.0,16.0,12.0,4.0,True
1986,37,3.0,Partido 3er Puesto,10.0,7.0,4.0,2.0,1.0,12.0,6.0,6.0,True
1990,37,,no participó,,,,,,,,,False
1994,37,,no participó,,,,,,,,,False
1998,37,1.0,Final,19.0,7.0,6.0,1.0,0.0,15.0,2.0,13.0,True
2002,37,28.0,Grupos 1ra Ronda,1.0,3.0,0.0,1.0,2.0,0.0,3.0,-3.0,True
2006,37,2.0,Final,15.0,7.0,4.0,3.0,0.0,9.0,3.0,6.0,True
2010,37,29.0,Grupos 1ra Ronda,1.0,3.0,0.0,1.0,2.0,1.0,4.0,-3.0,True
2014,37,7.0,Cuartos de Final,10.0,5.0,3.0,1.0,1.0,10.0,3.0,7.0,True
2018,37,1.0,Final,19.0,7.0,6.0,1.0,0.0,14.0,6.0,8.0,True
2022,37,2.0,Final,16.0,7.0,5.0,1.0,1.0,16.0,8.0,8.0,True
2026,37,,clasificado,0.0,0.0,0.0,0.0,0.0,0.0,0.0,0.0,True
1930,38,,no participó,,,,,,,,,False
1934,38,,no participó,,,,,,,,,False
1938,38,,no participó,,,,,,,,,False
1950,38,,no participó,,,,,,,,,False
1954,38,,no participó,,,,,,,,,False
1958,38,5.0,Cuartos de Final,5.0,5.0,1.0,3.0,1.0,4.0,4.0,0.0,True
1962,38,,no participó,,,,,,,,,False
1966,38,,no participó,,,,,,,,,False
1970,38,,no participó,,,,,,,,,False
1974,38,,no participó,,,,,,,,,False
1978,38,,no participó,,,,,,,,,False
1982,38,,no participó,,,,,,,,,False
1986,38,,no participó,,,,,,,,,False
1990,38,,no participó,,,,,,,,,False
1994,38,,no participó,,,,,,,,,False
1998,38,,no participó,,,,,,,,,False
2002,38,,no participó,,,,,,,,,False
2006,38,,no participó,,,,,,,,,False
2010,38,,no participó,,,,,,,,,False
2014,38,,no participó,,,,,,,,,False
2018,38,,no participó,,,,,,,,,False
2022,38,30.0,Grupos 1ra Ronda,1.0,3.0,0.0,1.0,2.0,1.0,6.0,-5.0,True
2026,38,,,,,,,,,,,True
1930,39,,no participó,,,,,,,,,False
1934,39,,no participó,,,,,,,,,False
1938,39,,no participó,,,,,,,,,False
1950,39,,no participó,,,,,,,,,False
1954,39,,no participó,,,,,,,,,False
1958,39,,no participó,,,,,,,,,False
1962,39,,no participó,,,,,,,,,False
1966,39,,no participó,,,,,,,,,False
1970,39,,no participó,,,,,,,,,False
1974,39,,no participó,,,,,,,,,False
1978,39,,no participó,,,,,,,,,False
1982,39,,no participó,,,,,,,,,False
1986,39,,no participó,,,,,,,,,False
1990,39,,no participó,,,,,,,,,False
1994,39,,no participó,,,,,,,,,False
1998,39,,no participó,,,,,,,,,False
2002,39,,no participó,,,,,,,,,False
2006,39,13.0,Octavos de Final,6.0,4.0,2.0,0.0,2.0,4.0,6.0,-2.0,True
2010,39,7.0,Cuartos de Final,8.0,5.0,2.0,2.0,1.0,5.0,4.0,1.0,True
2014,39,25.0,Grupos 1ra Ronda,1.0,3.0,0.0,1.0,2.0,4.0,6.0,-2.0,True
2018,39,,no participó,,,,,,,,,False
2022,39,24.0,Grupos 1ra Ronda,3.0,3.0,1.0,0.0,2.0,5.0,7.0,-2.0,True
2026,39,,clasificado,0.0,0.0,0.0,0.0,0.0,0.0,0.0,0.0,True
1930,40,,no participó,,,,,,,,,False
1934,40,,no participó,,,,,,,,,False
1938,40,,no participó,,,,,,,,,False
1950,40,,no participó,,,,,,,,,False
1954,40,,no participó,,,,,,,,,False
1958,40,,no participó,,,,,,,,,False
1962,40,,no participó,,,,,,,,,False
1966,40,,no participó,,,,,,,,,False
1970,40,,no participó,,,,,,,,,False
1974,40,,no participó,,,,,,,,,False
1978,40,,no participó,,,,,,,,,False
1982,40,,no participó,,,,,,,,,False
1986,40,,no participó,,,,,,,,,False
1990,40,,no participó,,,,,,,,,False
1994,40,24.0,Grupos 1ra Ronda,0.0,3.0,0.0,0.0,3.0,0.0,10.0,-10.0,True
1998,40,,no participó,,,,,,,,,False
2002,40,,no participó,,,,,,,,,False
2006,40,,no participó,,,,,,,,,False
2010,40,25.0,Grupos 1ra Ronda,3.0,3.0,1.0,0.0,2.0,2.0,5.0,-3.0,True
2014,40,13.0,Octavos de Final,5.0,4.0,1.0,2.0,1.0,3.0,5.0,-2.0,True
2018,40,,no participó,,,,,,,,,False
2022,40,,no participó,,,,,,,,,False
2026,40,,no participó,,,,,,,,,False
1930,41,,no participó,,,,,,,,,False
1934,41,,no participó,,,,,,,,,False
1938,41,,no participó,,,,,,,,,False
1950,41,,no participó,,,,,,,,,False
1954,41,,no participó,,,,,,,,,False
1958,41,,no participó,,,,,,,,,False
1962,41,,no participó,,,,,,,,,False
1966,41,,no participó,,,,,,,,,False
1970,41,,no participó,,,,,,,,,False
1974,41,15.0,Grupos 1ra Ronda,0.0,3.0,0.0,0.0,3.0,2.0,14.0,-12.0,True
1978,41,,no participó,,,,,,,,,False
1982,41,,no participó,,,,,,,,,False
1986,41,,no participó,,,,,,,,,False
1990,41,,no participó,,,,,,,,,False
1994,41,,no participó,,,,,,,,,False
1998,41,,no participó,,,,,,,,,False
2002,41,,no participó,,,,,,,,,False
2006,41,,no participó,,,,,,,,,False
2010,41,,no participó,,,,,,,,,False
2014,41,,no participó,,,,,,,,,False
2018,41,,no participó,,,,,,,,,False
2022,41,,no participó,,,,,,,,,False
2026,41,,clasificado,0.0,0.0,0.0,0.0,0.0,0.0,0.0,0.0,True
1930,121,,no participó,,,,,,,,,False
1934,121,9.0,Octavos de Final,0.0,1.0,0.0,0.0,1.0,2.0,3.0,-1.0,True
1938,121,14.0,Octavos de Final,0.0,1.0,0.0,0.0,1.0,0.0,3.0,-3.0,True
1950,121,,no participó,,,,,,,,,False
1954,121,,no participó,,,,,,,,,False
1958,121,,no participó,,,,,,,,,False
1962,121,,no participó,,,,,,,,,False
1966,121,,no participó,,,,,,,,,False
1970,121,,no participó,,,,,,,,,False
1974,121,2.0,Final,11.0,7.0,5.0,1.0,1.0,15.0,3.0,12.0,True
1978,121,2.0,Final,8.0,7.0,3.0,2.0,2.0,15.0,10.0,5.0,True
1982,121,,no participó,,,,,,,,,False
1986,121,,no participó,,,,,,,,,False
1990,121,15.0,Octavos de Final,3.0,4.0,0.0,3.0,1.0,3.0,4.0,-1.0,True
1994,121,7.0,Cuartos de Final,9.0,5.0,3.0,0.0,2.0,8.0,6.0,2.0,True
1998,121,4.0,Partido 3er Puesto,12.0,7.0,3.0,3.0,1.0,13.0,7.0,6.0,True
2002,121,,no participó,,,,,,,,,False
2006,121,11.0,Octavos de Final,7.0,4.0,2.0,1.0,1.0,3.0,2.0,1.0,True
2010,121,2.0,Final,18.0,7.0,6.0,0.0,1.0,12.0,6.0,6.0,True
2014,121,3.0,Partido 3er Puesto,17.0,7.0,5.0,2.0,0.0,15.0,4.0,11.0,True
2018,121,,no participó,,,,,,,,,False
2022,121,5.0,Cuartos de Final,11.0,5.0,3.0,2.0,0.0,10.0,4.0,6.0,True
2026,121,,clasificado,0.0,0.0,0.0,0.0,0.0,0.0,0.0,0.0,True
1930,42,,no participó,,,,,,,,,False
1934,42,,no participó,,,,,,,,,False
1938,42,,no participó,,,,,,,,,False
1950,42,,no participó,,,,,,,,,False
1954,42,,no participó,,,,,,,,,False
1958,42,,no participó,,,,,,,,,False
1962,42,,no participó,,,,,,,,,False
1966,42,,no participó,,,,,,,,,False
1970,42,,no participó,,,,,,,,,False
1974,42,,no participó,,,,,,,,,False
1978,42,,no participó,,,,,,,,,False
1982,42,18.0,Grupos 1ra Ronda,2.0,3.0,0.0,2.0,1.0,2.0,3.0,-1.0,True
1986,42,,no participó,,,,,,,,,False
1990,42,,no participó,,,,,,,,,False
1994,42,,no participó,,,,,,,,,False
1998,42,,no participó,,,,,,,,,False
2002,42,,no participó,,,,,,,,,False
2006,42,,no participó,,,,,,,,,False
2010,42,30.0,Grupos 1ra Ronda,1.0,3.0,0.0,1.0,2.0,0.0,3.0,-3.0,True
2014,42,31.0,Grupos 1ra Ronda,0.0,3.0,0.0,0.0,3.0,1.0,8.0,-7.0,True
2018,42,,no participó,,,,,,,,,False
2022,42,,no participó,,,,,,,,,False
2026,42,,,,,,,,,,,True
1930,43,,no participó,,,,,,,,,False
1934,43,6.0,Cuartos de Final,2.0,2.0,1.0,0.0,1.0,5.0,4.0,1.0,True
1938,43,2.0,Final,6.0,4.0,3.0,0.0,1.0,15.0,5.0,10.0,True
1950,43,,no participó,,,,,,,,,False
1954,43,2.0,Final,8.0,5.0,4.0,0.0,1.0,27.0,10.0,17.0,True
1958,43,10.0,Grupos 1ra Ronda,3.0,4.0,1.0,1.0,2.0,7.0,5.0,2.0,True
1962,43,5.0,Cuartos de Final,5.0,4.0,2.0,1.0,1.0,8.0,3.0,5.0,True
1966,43,6.0,Cuartos de Final,4.0,4.0,2.0,0.0,2.0,8.0,7.0,1.0,True
1970,43,,no participó,,,,,,,,,False
1974,43,,no participó,,,,,,,,,False
1978,43,15.0,Grupos 1ra Ronda,0.0,3.0,0.0,0.0,3.0,3.0,8.0,-5.0,True
1982,43,14.0,Grupos 1ra Ronda,3.0,3.0,1.0,1.0,1.0,12.0,6.0,6.0,True
1986,43,18.0,Grupos 1ra Ronda,2.0,3.0,1.0,0.0,2.0,2.0,9.0,-7.0,True
1990,43,,no participó,,,,,,,,,False
1994,43,,no participó,,,,,,,,,False
1998,43,,no participó,,,,,,,,,False
2002,43,,no participó,,,,,,,,,False
2006,43,,no participó,,,,,,,,,False
2010,43,,no participó,,,,,,,,,False
2014,43,,no participó,,,,,,,,,False
2018,43,,no participó,,,,,,,,,False
2022,43,,no participó,,,,,,,,,False
2026,43,,no participó,,,,,,,,,False
1930,45,,no participó,,,,,,,,,False
1934,45,,no participó,,,,,,,,,False
1938,45,15.0,Octavos de Final,0.0,1.0,0.0,0.0,1.0,0.0,6.0,-6.0,True
1950,45,,no participó,,,,,,,,,False
1954,45,,no participó,,,,,,,,,False
1958,45,,no participó,,,,,,,,,False
1962,45,,no participó,,,,,,,,,False
1966,45,,no participó,,,,,,,,,False
1970,45,,no participó,,,,,,,,,False
1974,45,,no participó,,,,,,,,,False
1978,45,,no participó,,,,,,,,,False
1982,45,,no participó,,,,,,,,,False
1986,45,,no participó,,,,,,,,,False
1990,45,,no participó,,,,,,,,,False
1994,45,,no participó,,,,,,,,,False
1998,45,,no participó,,,,,,,,,False
2002,45,,no participó,,,,,,,,,False
2006,45,,no participó,,,,,,,,,False
2010,45,,no participó,,,,,,,,,False
2014,45,,no participó,,,,,,,,,False
2018,45,,no participó,,,,,,,,,False
2022,45,,no participó,,,,,,,,,False
2026,45,,no participó,,,,,,,,,False
1930,46,,no participó,,,,,,,,,False
1934,46,,no participó,,,,,,,,,False
1938,46,,no participó,,,,,,,,,False
1950,46,8.0,Grupos 1ra Ronda,2.0,3.0,1.0,0.0,2.0,2.0,2.0,0.0,True
1954,46,7.0,Cuartos de Final,3.0,3.0,1.0,1.0,1.0,8.0,8.0,0.0,True
1958,46,11.0,Grupos 1ra Ronda,3.0,4.0,0.0,3.0,1.0,4.0,5.0,-1.0,True
1962,46,8.0,Cuartos de Final,3.0,4.0,1.0,1.0,2.0,5.0,6.0,-1.0,True
1966,46,1.0,Final,11.0,6.0,5.0,1.0,0.0,11.0,3.0,8.0,True
1970,46,8.0,Cuartos de Final,4.0,4.0,2.0,0.0,2.0,4.0,4.0,0.0,True
1974,46,,no participó,,,,,,,,,False
1978,46,,no participó,,,,,,,,,False
1982,46,6.0,Grupos 2da Ronda,8.0,5.0,3.0,2.0,0.0,6.0,1.0,5.0,True
1986,46,8.0,Cuartos de Final,5.0,5.0,2.0,1.0,2.0,7.0,3.0,4.0,True
1990,46,4.0,Partido 3er Puesto,9.0,7.0,3.0,3.0,1.0,8.0,6.0,2.0,True
1994,46,,no participó,,,,,,,,,False
1998,46,9.0,Octavos de Final,7.0,4.0,2.0,1.0,1.0,7.0,4.0,3.0,True
2002,46,6.0,Cuartos de Final,8.0,5.0,2.0,2.0,1.0,6.0,3.0,3.0,True
2006,46,7.0,Cuartos de Final,11.0,5.0,3.0,2.0,0.0,6.0,2.0,4.0,True
2010,46,13.0,Octavos de Final,5.0,4.0,1.0,2.0,1.0,3.0,5.0,-2.0,True
2014,46,26.0,Grupos 1ra Ronda,1.0,3.0,0.0,1.0,2.0,2.0,4.0,-2.0,True
2018,46,4.0,Partido 3er Puesto,10.0,7.0,3.0,1.0,3.0,12.0,8.0,4.0,True
2022,46,6.0,Cuartos de Final,10.0,5.0,3.0,1.0,1.0,13.0,4.0,9.0,True
2026,46,,clasificado,0.0,0.0,0.0,0.0,0.0,0.0,0.0,0.0,True
1930,50,,no participó,,,,,,,,,False
1934,50,,no participó,,,,,,,,,False
1938,50,,no participó,,,,,,,,,False
1950,50,,no participó,,,,,,,,,False
1954,50,,no participó,,,,,,,,,False
1958,50,,no participó,,,,,,,,,False
1962,50,,no participó,,,,,,,,,False
1966,50,,no participó,,,,,,,,,False
1970,50,,no participó,,,,,,,,,False
1974,50,,no participó,,,,,,,,,False
1978,50,14.0,Grupos 1ra Ronda,1.0,3.0,0.0,1.0,2.0,2.0,8.0,-6.0,True
1982,50,,no participó,,,,,,,,,False
1986,50,,no participó,,,,,,,,,False
1990,50,,no participó,,,,,,,,,False
1994,50,,no participó,,,,,,,,,False
1998,50,20.0,Grupos 1ra Ronda,3.0,3.0,1.0,0.0,2.0,2.0,4.0,-2.0,True
2002,50,,no participó,,,,,,,,,False
2006,50,26.0,Grupos 1ra Ronda,1.0,3.0,0.0,1.0,2.0,2.0,6.0,-4.0,True
2010,50,,no participó,,,,,,,,,False
2014,50,28.0,Grupos 1ra Ronda,1.0,3.0,0.0,1.0,2.0,1.0,4.0,-3.0,True
2018,50,18.0,Grupos 1ra Ronda,4.0,3.0,1.0,1.0,1.0,2.0,2.0,0.0,True
2022,50,26.0,Grupos 1ra Ronda,3.0,3.0,1.0,0.0,2.0,4.0,7.0,-3.0,True
2026,50,,clasificado,0.0,0.0,0.0,0.0,0.0,0.0,0.0,0.0,True
1930,47,,no participó,,,,,,,,,False
1934,47,,no participó,,,,,,,,,False
1938,47,,no participó,,,,,,,,,False
1950,47,,no participó,,,,,,,,,False
1954,47,,no participó,,,,,,,,,False
1958,47,,no participó,,,,,,,,,False
1962,47,,no participó,,,,,,,,,False
1966,47,,no participó,,,,,,,,,False
1970,47,,no participó,,,,,,,,,False
1974,47,,no participó,,,,,,,,,False
1978,47,,no participó,,,,,,,,,False
1982,47,,no participó,,,,,,,,,False
1986,47,23.0,Grupos 1ra Ronda,0.0,3.0,0.0,0.0,3.0,1.0,4.0,-3.0,True
1990,47,,no participó,,,,,,,,,False
1994,47,,no participó,,,,,,,,,False
1998,47,,no participó,,,,,,,,,False
2002,47,,no participó,,,,,,,,,False
2006,47,,no participó,,,,,,,,,False
2010,47,,no participó,,,,,,,,,False
2014,47,,no participó,,,,,,,,,False
2018,47,,no participó,,,,,,,,,False
2022,47,,no participó,,,,,,,,,False
2026,47,,,,,,,,,,,True
1930,49,,no participó,,,,,,,,,False
1934,49,,no participó,,,,,,,,,False
1938,49,,no participó,,,,,,,,,False
1950,49,,no participó,,,,,,,,,False
1954,49,,no participó,,,,,,,,,False
1958,49,7.0,Cuartos de Final,5.0,5.0,2.0,1.0,2.0,6.0,10.0,-4.0,True
1962,49,,no participó,,,,,,,,,False
1966,49,,no participó,,,,,,,,,False
1970,49,,no participó,,,,,,,,,False
1974,49,,no participó,,,,,,,,,False
1978,49,,no participó,,,,,,,,,False
1982,49,9.0,Grupos 2da Ronda,5.0,5.0,1.0,3.0,1.0,5.0,7.0,-2.0,True
1986,49,21.0,Grupos 1ra Ronda,1.0,3.0,0.0,1.0,2.0,2.0,6.0,-4.0,True
1990,49,,no participó,,,,,,,,,False
1994,49,,no participó,,,,,,,,,False
1998,49,,no participó,,,,,,,,,False
2002,49,,no participó,,,,,,,,,False
2006,49,,no participó,,,,,,,,,False
2010,49,,no participó,,,,,,,,,False
2014,49,,no participó,,,,,,,,,False
2018,49,,no participó,,,,,,,,,False
2022,49,,no participó,,,,,,,,,False
2026,49,,,,,,,,,,,True
1930,48,,no participó,,,,,,,,,False
1934,48,,no participó,,,,,,,,,False
1938,48,,no participó,,,,,,,,,False
1950,48,,no participó,,,,,,,,,False
1954,48,,no participó,,,,,,,,,False
1958,48,,no participó,,,,,,,,,False
1962,48,,no participó,,,,,,,,,False
1966,48,,no participó,,,,,,,,,False
1970,48,,no participó,,,,,,,,,False
1974,48,,no participó,,,,,,,,,False
1978,48,,no participó,,,,,,,,,False
1982,48,,no participó,,,,,,,,,False
1986,48,,no participó,,,,,,,,,False
1990,48,8.0,Cuartos de Final,4.0,5.0,0.0,4.0,1.0,2.0,3.0,-1.0,True
1994,48,16.0,Octavos de Final,4.0,4.0,1.0,1.0,2.0,2.0,4.0,-2.0,True
1998,48,,no participó,,,,,,,,,False
2002,48,12.0,Octavos de Final,6.0,4.0,1.0,3.0,0.0,6.0,3.0,3.0,True
2006,48,,no participó,,,,,,,,,False
2010,48,,no participó,,,,,,,,,False
2014,48,,no participó,,,,,,,,,False
2018,48,,no participó,,,,,,,,,False
2022,48,,no participó,,,,,,,,,False
2026,48,,,,,,,,,,,True
1930,51,,no participó,,,,,,,,,False
1934,51,,no participó,,,,,,,,,False
1938,51,,no participó,,,,,,,,,False
1950,51,,no participó,,,,,,,,,False
1954,51,,no participó,,,,,,,,,False
1958,51,,no participó,,,,,,,,,False
1962,51,,no participó,,,,,,,,,False
1966,51,,no participó,,,,,,,,,False
1970,51,,no participó,,,,,,,,,False
1974,51,,no participó,,,,,,,,,False
1978,51,,no participó,,,,,,,,,False
1982,51,,no participó,,,,,,,,,False
1986,51,,no participó,,,,,,,,,False
1990,51,,no participó,,,,,,,,,False
1994,51,,no participó,,,,,,,,,False
1998,51,,no participó,,,,,,,,,False
2002,51,,no participó,,,,,,,,,False
2006,51,,no participó,,,,,,,,,False
2010,51,,no participó,,,,,,,,,False
2014,51,,no participó,,,,,,,,,False
2018,51,28.0,Grupos 1ra Ronda,1.0,3.0,0.0,1.0,2.0,2.0,5.0,-3.0,True
2022,51,,no participó,,,,,,,,,False
2026,51,,,,,,,,,,,True
1930,52,,no participó,,,,,,,,,False
1934,52,,no participó,,,,,,,,,False
1938,52,,no participó,,,,,,,,,False
1950,52,,no participó,,,,,,,,,False
1954,52,,no participó,,,,,,,,,False
1958,52,,no participó,,,,,,,,,False
1962,52,,no participó,,,,,,,,,False
1966,52,,no participó,,,,,,,,,False
1970,52,12.0,Grupos 1ra Ronda,2.0,3.0,0.0,2.0,1.0,1.0,3.0,-2.0,True
1974,52,,no participó,,,,,,,,,False
1978,52,,no participó,,,,,,,,,False
1982,52,,no participó,,,,,,,,,False
1986,52,,no participó,,,,,,,,,False
1990,52,,no participó,,,,,,,,,False
1994,52,,no participó,,,,,,,,,False
1998,52,,no participó,,,,,,,,,False
2002,52,,no participó,,,,,,,,,False
2006,52,,no participó,,,,,,,,,False
2010,52,,no participó,,,,,,,,,False
2014,52,,no participó,,,,,,,,,False
2018,52,,no participó,,,,,,,,,False
2022,52,,no participó,,,,,,,,,False
2026,52,,no participó,,,,,,,,,False
1930,53,,no participó,,,,,,,,,False
1934,53,1.0,Final,9.0,5.0,4.0,1.0,0.0,12.0,3.0,9.0,True
1938,53,1.0,Final,8.0,4.0,4.0,0.0,0.0,11.0,5.0,6.0,True
1950,53,7.0,Grupos 1ra Ronda,2.0,2.0,1.0,0.0,1.0,4.0,3.0,1.0,True
1954,53,10.0,Grupos 1ra Ronda,2.0,3.0,1.0,0.0,2.0,6.0,7.0,-1.0,True
1958,53,,no participó,,,,,,,,,False
1962,53,9.0,Grupos 1ra Ronda,3.0,3.0,1.0,1.0,1.0,3.0,2.0,1.0,True
1966,53,9.0,Grupos 1ra Ronda,2.0,3.0,1.0,0.0,2.0,2.0,2.0,0.0,True
1970,53,2.0,Final,8.0,6.0,3.0,2.0,1.0,10.0,8.0,2.0,True
1974,53,10.0,Grupos 1ra Ronda,3.0,3.0,1.0,1.0,1.0,5.0,4.0,1.0,True
1978,53,4.0,Partido 3er Puesto,9.0,7.0,4.0,1.0,2.0,9.0,6.0,3.0,True
1982,53,1.0,Final,11.0,7.0,4.0,3.0,0.0,12.0,6.0,6.0,True
1986,53,12.0,Octavos de Final,4.0,4.0,1.0,2.0,1.0,5.0,6.0,-1.0,True
1990,53,3.0,Partido 3er Puesto,13.0,7.0,6.0,1.0,0.0,10.0,2.0,8.0,True
1994,53,2.0,Final,14.0,7.0,4.0,2.0,1.0,8.0,5.0,3.0,True
1998,53,5.0,Cuartos de Final,11.0,5.0,3.0,2.0,0.0,8.0,3.0,5.0,True
2002,53,15.0,Octavos de Final,4.0,4.0,1.0,1.0,2.0,5.0,5.0,0.0,True
2006,53,1.0,Final,17.0,7.0,5.0,2.0,0.0,12.0,2.0,10.0,True
2010,53,26.0,Grupos 1ra Ronda,2.0,3.0,0.0,2.0,1.0,4.0,5.0,-1.0,True
2014,53,22.0,Grupos 1ra Ronda,3.0,3.0,1.0,0.0,2.0,2.0,3.0,-1.0,True
2018,53,,no participó,,,,,,,,,False
2022,53,,no participó,,,,,,,,,False
2026,53,,,,,,,,,,,True
1930,54,,no participó,,,,,,,,,False
1934,54,,no participó,,,,,,,,,False
1938,54,,no participó,,,,,,,,,False
1950,54,,no participó,,,,,,,,,False
1954,54,,no participó,,,,,,,,,False
1958,54,,no participó,,,,,,,,,False
1962,54,,no participó,,,,,,,,,False
1966,54,,no participó,,,,,,,,,False
1970,54,,no participó,,,,,,,,,False
1974,54,,no participó,,,,,,,,,False
1978,54,,no participó,,,,,,,,,False
1982,54,,no participó,,,,,,,,,False
1986,54,,no participó,,,,,,,,,False
1990,54,,no participó,,,,,,,,,False
1994,54,,no participó,,,,,,,,,False
1998,54,22.0,Grupos 1ra Ronda,3.0,3.0,1.0,0.0,2.0,3.0,9.0,-6.0,True
2002,54,,no participó,,,,,,,,,False
2006,54,,no participó,,,,,,,,,False
2010,54,,no participó,,,,,,,,,False
2014,54,,no participó,,,,,,,,,False
2018,54,,no participó,,,,,,,,,False
2022,54,,no participó,,,,,,,,,False
2026,54,,,,,,,,,,,True
1930,55,,no participó,,,,,,,,,False
1934,55,,no participó,,,,,,,,,False
1938,55,,no participó,,,,,,,,,False
1950,55,,no participó,,,,,,,,,False
1954,55,,no participó,,,,,,,,,False
1958,55,,no participó,,,,,,,,,False
1962,55,,no participó,,,,,,,,,False
1966,55,,no participó,,,,,,,,,False
1970,55,,no participó,,,,,,,,,False
1974,55,,no participó,,,,,,,,,False
1978,55,,no participó,,,,,,,,,False
1982,55,,no participó,,,,,,,,,False
1986,55,,no participó,,,,,,,,,False
1990,55,,no participó,,,,,,,,,False
1994,55,,no participó,,,,,,,,,False
1998,55,31.0,Grupos 1ra Ronda,0.0,3.0,0.0,0.0,3.0,1.0,4.0,-3.0,True
2002,55,9.0,Octavos de Final,7.0,4.0,2.0,1.0,1.0,5.0,3.0,2.0,True
2006,55,29.0,Grupos 1ra Ronda,1.0,3.0,0.0,1.0,2.0,2.0,7.0,-5.0,True
2010,55,9.0,Octavos de Final,7.0,4.0,2.0,1.0,1.0,4.0,2.0,2.0,True
2014,55,29.0,Grupos 1ra Ronda,1.0,3.0,0.0,1.0,2.0,2.0,6.0,-4.0,True
2018,55,15.0,Octavos de Final,4.0,4.0,1.0,1.0,2.0,6.0,7.0,-1.0,True
2022,55,9.0,Octavos de Final,7.0,4.0,2.0,1.0,1.0,5.0,4.0,1.0,True
2026,55,,clasificado,0.0,0.0,0.0,0.0,0.0,0.0,0.0,0.0,True
1930,56,,no participó,,,,,,,,,False
1934,56,,no participó,,,,,,,,,False
1938,56,,no participó,,,,,,,,,False
1950,56,,no participó,,,,,,,,,False
1954,56,,no participó,,,,,,,,,False
1958,56,,no participó,,,,,,,,,False
1962,56,,no participó,,,,,,,,,False
1966,56,,no participó,,,,,,,,,False
1970,56,,no participó,,,,,,,,,False
1974,56,,no participó,,,,,,,,,False
1978,56,,no participó,,,,,,,,,False
1982,56,,no participó,,,,,,,,,False
1986,56,,no participó,,,,,,,,,False
1990,56,,no participó,,,,,,,,,False
1994,56,,no participó,,,,,,,,,False
1998,56,,no participó,,,,,,,,,False
2002,56,,no participó,,,,,,,,,False
2006,56,,no participó,,,,,,,,,False
2010,56,,no participó,,,,,,,,,False
2014,56,,no participó,,,,,,,,,False
2018,56,,no participó,,,,,,,,,False
2022,56,,no participó,,,,,,,,,False
2026,56,,clasificado,0.0,0.0,0.0,0.0,0.0,0.0,0.0,0.0,True
1930,57,,no participó,,,,,,,,,False
1934,57,,no participó,,,,,,,,,False
1938,57,,no participó,,,,,,,,,False
1950,57,,no participó,,,,,,,,,False
1954,57,,no participó,,,,,,,,,False
1958,57,,no participó,,,,,,,,,False
1962,57,,no participó,,,,,,,,,False
1966,57,,no participó,,,,,,,,,False
1970,57,,no participó,,,,,,,,,False
1974,57,,no participó,,,,,,,,,False
1978,57,,no participó,,,,,,,,,False
1982,57,21.0,Grupos 1ra Ronda,1.0,3.0,0.0,1.0,2.0,2.0,6.0,-4.0,True
1986,57,,no participó,,,,,,,,,False
1990,57,,no participó,,,,,,,,,False
1994,57,,no participó,,,,,,,,,False
1998,57,,no participó,,,,,,,,,False
2002,57,,no participó,,,,,,,,,False
2006,57,,no participó,,,,,,,,,False
2010,57,,no participó,,,,,,,,,False
2014,57,,no participó,,,,,,,,,False
2018,57,,no participó,,,,,,,,,False
2022,57,,no participó,,,,,,,,,False
2026,57,,no participó,,,,,,,,,False
1930,58,,no participó,,,,,,,,,False
1934,58,,no participó,,,,,,,,,False
1938,58,,no participó,,,,,,,,,False
1950,58,,no participó,,,,,,,,,False
1954,58,,no participó,,,,,,,,,False
1958,58,,no participó,,,,,,,,,False
1962,58,,no participó,,,,,,,,,False
1966,58,,no participó,,,,,,,,,False
1970,58,14.0,Grupos 1ra Ronda,1.0,3.0,0.0,1.0,2.0,2.0,6.0,-4.0,True
1974,58,,no participó,,,,,,,,,False
1978,58,,no participó,,,,,,,,,False
1982,58,,no participó,,,,,,,,,False
1986,58,11.0,Octavos de Final,4.0,4.0,1.0,2.0,1.0,3.0,2.0,1.0,True
1990,58,,no participó,,,,,,,,,False
1994,58,23.0,Grupos 1ra Ronda,0.0,3.0,0.0,0.0,3.0,2.0,5.0,-3.0,True
1998,58,18.0,Grupos 1ra Ronda,4.0,3.0,1.0,1.0,1.0,5.0,5.0,0.0,True
2002,58,,no participó,,,,,,,,,False
2006,58,,no participó,,,,,,,,,False
2010,58,,no participó,,,,,,,,,False
2014,58,,no participó,,,,,,,,,False
2018,58,27.0,Grupos 1ra Ronda,1.0,3.0,0.0,1.0,2.0,2.0,4.0,-2.0,True
2022,58,4.0,Partido 3er Puesto,11.0,7.0,3.0,2.0,2.0,6.0,5.0,1.0,True
2026,58,,clasificado,0.0,0.0,0.0,0.0,0.0,0.0,0.0,0.0,True
1930,117,13.0,Grupos 1ra Ronda,0.0,3.0,0.0,0.0,3.0,4.0,13.0,-9.0,True
1934,117,,no participó,,,,,,,,,False
1938,117,,no participó,,,,,,,,,False
1950,117,12.0,Grupos 1ra Ronda,0.0,3.0,0.0,0.0,3.0,2.0,10.0,-8.0,True
1954,117,13.0,Grupos 1ra Ronda,0.0,2.0,0.0,0.0,2.0,2.0,8.0,-6.0,True
1958,117,16.0,Grupos 1ra Ronda,1.0,3.0,0.0,1.0,2.0,1.0,8.0,-7.0,True
1962,117,11.0,Grupos 1ra Ronda,2.0,3.0,1.0,0.0,2.0,3.0,4.0,-1.0,True
1966,117,12.0,Grupos 1ra Ronda,2.0,3.0,0.0,2.0,1.0,1.0,3.0,-2.0,True
1970,117,6.0,Cuartos de Final,5.0,4.0,2.0,1.0,1.0,6.0,4.0,2.0,True
1974,117,,no participó,,,,,,,,,False
1978,117,16.0,Grupos 1ra Ronda,0.0,3.0,0.0,0.0,3.0,2.0,12.0,-10.0,True
1982,117,,no participó,,,,,,,,,False
1986,117,6.0,Cuartos de Final,8.0,5.0,3.0,2.0,0.0,6.0,2.0,4.0,True
1990,117,,no participó,,,,,,,,,False
1994,117,13.0,Octavos de Final,5.0,4.0,1.0,2.0,1.0,4.0,4.0,0.0,True
1998,117,13.0,Octavos de Final,5.0,4.0,1.0,2.0,1.0,8.0,7.0,1.0,True
2002,117,11.0,Octavos de Final,7.0,4.0,2.0,1.0,1.0,4.0,4.0,0.0,True
2006,117,15.0,Octavos de Final,4.0,4.0,1.0,1.0,2.0,5.0,5.0,0.0,True
2010,117,14.0,Octavos de Final,4.0,4.0,1.0,1.0,2.0,4.0,5.0,-1.0,True
2014,117,10.0,Octavos de Final,7.0,4.0,2.0,1.0,1.0,5.0,3.0,2.0,True
2018,117,12.0,Octavos de Final,6.0,4.0,2.0,0.0,2.0,3.0,6.0,-3.0,True
2022,117,22.0,Grupos 1ra Ronda,4.0,3.0,1.0,1.0,1.0,2.0,3.0,-1.0,True
2026,117,,clasificado,0.0,0.0,0.0,0.0,0.0,0.0,0.0,0.0,True
1930,118,,no participó,,,,,,,,,False
1934,118,,no participó,,,,,,,,,False
1938,118,,no participó,,,,,,,,,False
1950,118,,no participó,,,,,,,,,False
1954,118,,no participó,,,,,,,,,False
1958,118,,no participó,,,,,,,,,False
1962,118,,no participó,,,,,,,,,False
1966,118,,no participó,,,,,,,,,False
1970,118,,no participó,,,,,,,,,False
1974,118,,no participó,,,,,,,,,False
1978,118,,no participó,,,,,,,,,False
1982,118,,no participó,,,,,,,,,False
1986,118,,no participó,,,,,,,,,False
1990,118,,no participó,,,,,,,,,False
1994,118,9.0,Octavos de Final,6.0,4.0,2.0,0.0,2.0,7.0,4.0,3.0,True
1998,118,12.0,Octavos de Final,6.0,4.0,2.0,0.0,2.0,6.0,9.0,-3.0,True
2002,118,27.0,Grupos 1ra Ronda,1.0,3.0,0.0,1.0,2.0,1.0,3.0,-2.0,True
2006,118,,no participó,,,,,,,,,False
2010,118,27.0,Grupos 1ra Ronda,1.0,3.0,0.0,1.0,2.0,3.0,5.0,-2.0,True
2014,118,16.0,Octavos de Final,4.0,4.0,1.0,1.0,2.0,3.0,5.0,-2.0,True
2018,118,21.0,Grupos 1ra Ronda,3.0,3.0,1.0,0.0,2.0,3.0,4.0,-1.0,True
2022,118,,no participó,,,,,,,,,False
2026,118,,no participó,,,,,,,,,False
1930,119,,no participó,,,,,,,,,False
1934,119,,no participó,,,,,,,,,False
1938,119,12.0,Octavos de Final,0.0,1.0,0.0,0.0,1.0,1.0,2.0,-1.0,True
1950,119,,no participó,,,,,,,,,False
1954,119,,no participó,,,,,,,,,False
1958,119,,no participó,,,,,,,,,False
1962,119,,no participó,,,,,,,,,False
1966,119,,no participó,,,,,,,,,False
1970,119,,no participó,,,,,,,,,False
1974,119,,no participó,,,,,,,,,False
1978,119,,no participó,,,,,,,,,False
1982,119,,no participó,,,,,,,,,False
1986,119,,no participó,,,,,,,,,False
1990,119,,no participó,,,,,,,,,False
1994,119,17.0,Grupos 1ra Ronda,4.0,3.0,1.0,1.0,1.0,1.0,1.0,0.0,True
1998,119,15.0,Octavos de Final,5.0,4.0,1.0,2.0,1.0,5.0,5.0,0.0,True
2002,119,,no participó,,,,,,,,,False
2006,119,,no participó,,,,,,,,,False
2010,119,,no participó,,,,,,,,,False
2014,119,,no participó,,,,,,,,,False
2018,119,,no participó,,,,,,,,,False
2022,119,,no participó,,,,,,,,,False
2026,119,,clasificado,0.0,0.0,0.0,0.0,0.0,0.0,0.0,0.0,True
1930,120,,no participó,,,,,,,,,False
1934,120,,no participó,,,,,,,,,False
1938,120,,no participó,,,,,,,,,False
1950,120,,no participó,,,,,,,,,False
1954,120,,no participó,,,,,,,,,False
1958,120,,no participó,,,,,,,,,False
1962,120,,no participó,,,,,,,,,False
1966,120,,no participó,,,,,,,,,False
1970,120,,no participó,,,,,,,,,False
1974,120,,no participó,,,,,,,,,False
1978,120,,no participó,,,,,,,,,False
1982,120,23.0,Grupos 1ra Ronda,0.0,3.0,0.0,0.0,3.0,2.0,12.0,-10.0,True
1986,120,,no participó,,,,,,,,,False
1990,120,,no participó,,,,,,,,,False
1994,120,,no participó,,,,,,,,,False
1998,120,,no participó,,,,,,,,,False
2002,120,,no participó,,,,,,,,,False
2006,120,,no participó,,,,,,,,,False
2010,120,22.0,Grupos 1ra Ronda,3.0,3.0,0.0,3.0,0.0,2.0,2.0,0.0,True
2014,120,,no participó,,,,,,,,,False
2018,120,,no participó,,,,,,,,,False
2022,120,,no participó,,,,,,,,,False
2026,120,,clasificado,0.0,0.0,0.0,0.0,0.0,0.0,0.0,0.0,True
1930,122,,no participó,,,,,,,,,False
1934,122,,no participó,,,,,,,,,False
1938,122,,no participó,,,,,,,,,False
1950,122,,no participó,,,,,,,,,False
1954,122,,no participó,,,,,,,,,False
1958,122,,no participó,,,,,,,,,False
1962,122,,no participó,,,,,,,,,False
1966,122,,no participó,,,,,,,,,False
1970,122,,no participó,,,,,,,,,False
1974,122,,no participó,,,,,,,,,False
1978,122,,no participó,,,,,,,,,False
1982,122,,no participó,,,,,,,,,False
1986,122,,no participó,,,,,,,,,False
1990,122,,no participó,,,,,,,,,False
1994,122,,no participó,,,,,,,,,False
1998,122,,no participó,,,,,,,,,False
2002,122,,no participó,,,,,,,,,False
2006,122,,no participó,,,,,,,,,False
2010,122,,no participó,,,,,,,,,False
2014,122,,no participó,,,,,,,,,False
2018,122,32.0,Grupos 1ra Ronda,0.0,3.0,0.0,0.0,3.0,2.0,11.0,-9.0,True
2022,122,,no participó,,,,,,,,,False
2026,122,,clasificado,0.0,0.0,0.0,0.0,0.0,0.0,0.0,0.0,True
1930,123,9.0,Grupos 1ra Ronda,2.0,2.0,1.0,0.0,1.0,1.0,3.0,-2.0,True
1934,123,,no participó,,,,,,,,,False
1938,123,,no participó,,,,,,,,,False
1950,123,11.0,Grupos 1ra Ronda,1.0,2.0,0.0,1.0,1.0,2.0,4.0,-2.0,True
1954,123,,no participó,,,,,,,,,False
1958,123,12.0,Grupos 1ra Ronda,3.0,3.0,1.0,1.0,1.0,9.0,12.0,-3.0,True
1962,123,,no participó,,,,,,,,,False
1966,123,,no participó,,,,,,,,,False
1970,123,,no participó,,,,,,,,,False
1974,123,,no participó,,,,,,,,,False
1978,123,,no participó,,,,,,,,,False
1982,123,,no participó,,,,,,,,,False
1986,123,13.0,Octavos de Final,4.0,4.0,1.0,2.0,1.0,4.0,6.0,-2.0,True
1990,123,,no participó,,,,,,,,,False
1994,123,,no participó,,,,,,,,,False
1998,123,14.0,Octavos de Final,5.0,4.0,1.0,2.0,1.0,3.0,2.0,1.0,True
2002,123,16.0,Octavos de Final,4.0,4.0,1.0,1.0,2.0,6.0,7.0,-1.0,True
2006,123,18.0,Grupos 1ra Ronda,3.0,3.0,1.0,0.0,2.0,2.0,2.0,0.0,True
2010,123,8.0,Cuartos de Final,6.0,5.0,1.0,3.0,1.0,3.0,2.0,1.0,True
2014,123,,no participó,,,,,,,,,False
2018,123,,no participó,,,,,,,,,False
2022,123,,no participó,,,,,,,,,False
2026,123,,clasificado,0.0,0.0,0.0,0.0,0.0,0.0,0.0,0.0,True
1930,124,10.0,Grupos 1ra Ronda,0.0,2.0,0.0,0.0,2.0,1.0,4.0,-3.0,True
1934,124,,no participó,,,,,,,,,False
1938,124,,no participó,,,,,,,,,False
1950,124,,no participó,,,,,,,,,False
1954,124,,no participó,,,,,,,,,False
1958,124,,no participó,,,,,,,,,False
1962,124,,no participó,,,,,,,,,False
1966,124,,no participó,,,,,,,,,False
1970,124,7.0,Cuartos de Final,4.0,4.0,2.0,0.0,2.0,9.0,9.0,0.0,True
1974,124,,no participó,,,,,,,,,False
1978,124,8.0,Grupos 2da Ronda,5.0,6.0,2.0,1.0,3.0,7.0,12.0,-5.0,True
1982,124,20.0,Grupos 1ra Ronda,2.0,3.0,0.0,2.0,1.0,2.0,6.0,-4.0,True
1986,124,,no participó,,,,,,,,,False
1990,124,,no participó,,,,,,,,,False
1994,124,,no participó,,,,,,,,,False
1998,124,,no participó,,,,,,,,,False
2002,124,,no participó,,,,,,,,,False
2006,124,,no participó,,,,,,,,,False
2010,124,,no participó,,,,,,,,,False
2014,124,,no participó,,,,,,,,,False
2018,124,20.0,Grupos 1ra Ronda,3.0,3.0,1.0,0.0,2.0,2.0,2.0,0.0,True
2022,124,,no participó,,,,,,,,,False
2026,124,,no participó,,,,,,,,,False
1930,125,,no participó,,,,,,,,,False
1934,125,,no participó,,,,,,,,,False
1938,125,11.0,Octavos de Final,0.0,1.0,0.0,0.0,1.0,5.0,6.0,-1.0,True
1950,125,,no participó,,,,,,,,,False
1954,125,,no participó,,,,,,,,,False
1958,125,,no participó,,,,,,,,,False
1962,125,,no participó,,,,,,,,,False
1966,125,,no participó,,,,,,,,,False
1970,125,,no participó,,,,,,,,,False
1974,125,3.0,Partido 3er Puesto,12.0,7.0,6.0,0.0,1.0,16.0,5.0,11.0,True
1978,125,5.0,Grupos 2da Ronda,7.0,6.0,3.0,1.0,2.0,6.0,6.0,0.0,True
1982,125,3.0,Partido 3er Puesto,9.0,7.0,3.0,3.0,1.0,11.0,5.0,6.0,True
1986,125,14.0,Octavos de Final,3.0,4.0,1.0,1.0,2.0,1.0,7.0,-6.0,True
1990,125,,no participó,,,,,,,,,False
1994,125,,no participó,,,,,,,,,False
1998,125,,no participó,,,,,,,,,False
2002,125,25.0,Grupos 1ra Ronda,3.0,3.0,1.0,0.0,2.0,3.0,7.0,-4.0,True
2006,125,21.0,Grupos 1ra Ronda,3.0,3.0,1.0,0.0,2.0,2.0,4.0,-2.0,True
2010,125,,no participó,,,,,,,,,False
2014,125,,no participó,,,,,,,,,False
2018,125,25.0,Grupos 1ra Ronda,3.0,3.0,1.0,0.0,2.0,2.0,5.0,-3.0,True
2022,125,15.0,Octavos de Final,4.0,4.0,1.0,1.0,2.0,3.0,5.0,-2.0,True
2026,125,,,,,,,,,,,True
1930,126,,no participó,,,,,,,,,False
1934,126,,no participó,,,,,,,,,False
1938,126,,no participó,,,,,,,,,False
1950,126,,no participó,,,,,,,,,False
1954,126,,no participó,,,,,,,,,False
1958,126,,no participó,,,,,,,,,False
1962,126,,no participó,,,,,,,,,False
1966,126,3.0,Partido 3er Puesto,10.0,6.0,5.0,0.0,1.0,17.0,8.0,9.0,True
1970,126,,no participó,,,,,,,,,False
1974,126,,no participó,,,,,,,,,False
1978,126,,no participó,,,,,,,,,False
1982,126,,no participó,,,,,,,,,False
1986,126,17.0,Grupos 1ra Ronda,2.0,3.0,1.0,0.0,2.0,2.0,4.0,-2.0,True
1990,126,,no participó,,,,,,,,,False
1994,126,,no participó,,,,,,,,,False
1998,126,,no participó,,,,,,,,,False
2002,126,21.0,Grupos 1ra Ronda,3.0,3.0,1.0,0.0,2.0,6.0,4.0,2.0,True
2006,126,4.0,Partido 3er Puesto,13.0,7.0,4.0,1.0,2.0,7.0,5.0,2.0,True
2010,126,11.0,Octavos de Final,5.0,4.0,1.0,2.0,1.0,7.0,1.0,6.0,True
2014,126,18.0,Grupos 1ra Ronda,4.0,3.0,1.0,1.0,1.0,4.0,7.0,-3.0,True
2018,126,13.0,Octavos de Final,5.0,4.0,1.0,2.0,1.0,6.0,6.0,0.0,True
2022,126,8.0,Cuartos de Final,9.0,5.0,3.0,0.0,2.0,12.0,6.0,6.0,True
2026,126,,clasificado,0.0,0.0,0.0,0.0,0.0,0.0,0.0,0.0,True
1930,127,,no participó,,,,,,,,,False
1934,127,,no participó,,,,,,,,,False
1938,127,,no participó,,,,,,,,,False
1950,127,,no participó,,,,,,,,,False
1954,127,,no participó,,,,,,,,,False
1958,127,,no participó,,,,,,,,,False
1962,127,,no participó,,,,,,,,,False
1966,127,,no participó,,,,,,,,,False
1970,127,,no participó,,,,,,,,,False
1974,127,16.0,Grupos 1ra Ronda,0.0,3.0,0.0,0.0,3.0,0.0,14.0,-14.0,True
1978,127,,no participó,,,,,,,,,False
1982,127,,no participó,,,,,,,,,False
1986,127,,no participó,,,,,,,,,False
1990,127,,no participó,,,,,,,,,False
1994,127,,no participó,,,,,,,,,False
1998,127,,no participó,,,,,,,,,False
2002,127,,no participó,,,,,,,,,False
2006,127,,no participó,,,,,,,,,False
2010,127,,no participó,,,,,,,,,False
2014,127,,no participó,,,,,,,,,False
2018,127,,no participó,,,,,,,,,False
2022,127,,no participó,,,,,,,,,False
2026,127,,no participó,,,,,,,,,False
1930,128,,no participó,,,,,,,,,False
1934,128,2.0,Final,6.0,4.0,3.0,0.0,1.0,9.0,6.0,3.0,True
1938,128,5.0,Cuartos de Final,3.0,3.0,1.0,1.0,1.0,5.0,3.0,2.0,True
1950,128,,no participó,,,,,,,,,False
1954,128,14.0,Grupos 1ra Ronda,0.0,2.0,0.0,0.0,2.0,0.0,7.0,-7.0,True
1958,128,9.0,Grupos 1ra Ronda,3.0,4.0,1.0,1.0,2.0,9.0,6.0,3.0,True
1962,128,2.0,Final,7.0,6.0,3.0,1.0,2.0,7.0,7.0,0.0,True
1966,128,,no participó,,,,,,,,,False
1970,128,15.0,Grupos 1ra Ronda,0.0,3.0,0.0,0.0,3.0,2.0,7.0,-5.0,True
1974,128,,no participó,,,,,,,,,False
1978,128,,no participó,,,,,,,,,False
1982,128,19.0,Grupos 1ra Ronda,2.0,3.0,0.0,2.0,1.0,2.0,4.0,-2.0,True
1986,128,,no participó,,,,,,,,,False
1990,128,6.0,Cuartos de Final,6.0,5.0,3.0,0.0,2.0,10.0,5.0,5.0,True
1994,128,,no participó,,,,,,,,,False
1998,128,,no participó,,,,,,,,,False
2002,128,,no participó,,,,,,,,,False
2006,128,20.0,Grupos 1ra Ronda,3.0,3.0,1.0,0.0,2.0,3.0,4.0,-1.0,True
2010,128,,no participó,,,,,,,,,False
2014,128,,no participó,,,,,,,,,False
2018,128,,no participó,,,,,,,,,False
2022,128,,no participó,,,,,,,,,False
2026,128,,,,,,,,,,,True
1930,129,8.0,Grupos 1ra Ronda,2.0,2.0,1.0,0.0,1.0,3.0,5.0,-2.0,True
1934,129,12.0,Octavos de Final,0.0,1.0,0.0,0.0,1.0,1.0,2.0,-1.0,True
1938,129,9.0,Octavos de Final,1.0,2.0,0.0,1.0,1.0,4.0,5.0,-1.0,True
1950,129,,no participó,,,,,,,,,False
1954,129,,no participó,,,,,,,,,False
1958,129,,no participó,,,,,,,,,False
1962,129,,no participó,,,,,,,,,False
1966,129,,no participó,,,,,,,,,False
1970,129,10.0,Grupos 1ra Ronda,2.0,3.0,1.0,0.0,2.0,4.0,5.0,-1.0,True
1974,129,,no participó,,,,,,,,,False
1978,129,,no participó,,,,,,,,,False
1982,129,,no participó,,,,,,,,,False
1986,129,,no participó,,,,,,,,,False
1990,129,12.0,Octavos de Final,4.0,4.0,1.0,2.0,1.0,4.0,3.0,1.0,True
1994,129,6.0,Cuartos de Final,10.0,5.0,3.0,1.0,1.0,10.0,9.0,1.0,True
1998,129,11.0,Octavos de Final,7.0,4.0,2.0,1.0,1.0,4.0,3.0,1.0,True
2002,129,,no participó,,,,,,,,,False
2006,129,,no participó,,,,,,,,,False
2010,129,,no participó,,,,,,,,,False
2014,129,,no participó,,,,,,,,,False
2018,129,,no participó,,,,,,,,,False
2022,129,,no participó,,,,,,,,,False
2026,129,,,,,,,,,,,True
1930,130,,no participó,,,,,,,,,False
1934,130,,no participó,,,,,,,,,False
1938,130,,no participó,,,,,,,,,False
1950,130,,no participó,,,,,,,,,False
1954,130,,no participó,,,,,,,,,False
1958,130,6.0,Cuartos de Final,5.0,5.0,2.0,1.0,2.0,5.0,6.0,-1.0,True
1962,130,6.0,Cuartos de Final,5.0,4.0,2.0,1.0,1.0,9.0,7.0,2.0,True
1966,130,4.0,Partido 3er Puesto,8.0,6.0,4.0,0.0,2.0,10.0,6.0,4.0,True
1970,130,5.0,Cuartos de Final,5.0,4.0,2.0,1.0,1.0,6.0,2.0,4.0,True
1974,130,,no participó,,,,,,,,,False
1978,130,,no participó,,,,,,,,,False
1982,130,7.0,Grupos 2da Ronda,6.0,5.0,2.0,2.0,1.0,7.0,4.0,3.0,True
1986,130,10.0,Octavos de Final,5.0,4.0,2.0,1.0,1.0,12.0,5.0,7.0,True
1990,130,17.0,Grupos 1ra Ronda,2.0,3.0,1.0,0.0,2.0,4.0,4.0,0.0,True
1994,130,18.0,Grupos 1ra Ronda,3.0,3.0,1.0,0.0,2.0,7.0,6.0,1.0,True
1998,130,,no participó,,,,,,,,,False
2002,130,22.0,Grupos 1ra Ronda,3.0,3.0,1.0,0.0,2.0,4.0,4.0,0.0,True
2006,130,,no participó,,,,,,,,,False
2010,130,,no participó,,,,,,,,,False
2014,130,24.0,Grupos 1ra Ronda,2.0,3.0,0.0,2.0,1.0,2.0,3.0,-1.0,True
2018,130,8.0,Cuartos de Final,8.0,5.0,2.0,2.0,1.0,11.0,7.0,4.0,True
2022,130,,no participó,,,,,,,,,False
2026,130,,no participó,,,,,,,,,False
1930,131,,no participó,,,,,,,,,False
1934,131,,no participó,,,,,,,,,False
1938,131,,no participó,,,,,,,,,False
1950,131,,no participó,,,,,,,,,False
1954,131,,no participó,,,,,,,,,False
1958,131,,no participó,,,,,,,,,False
1962,131,,no participó,,,,,,,,,False
1966,131,,no participó,,,,,,,,,False
1970,131,,no participó,,,,,,,,,False
1974,131,,no participó,,,,,,,,,False
1978,131,,no participó,,,,,,,,,False
1982,131,,no participó,,,,,,,,,False
1986,131,,no participó,,,,,,,,,False
1990,131,,no participó,,,,,,,,,False
1994,131,,no participó,,,,,,,,,False
1998,131,,no participó,,,,,,,,,False
2002,131,7.0,Cuartos de Final,8.0,5.0,2.0,2.0,1.0,7.0,6.0,1.0,True
2006,131,,no participó,,,,,,,,,False
2010,131,,no participó,,,,,,,,,False
2014,131,,no participó,,,,,,,,,False
2018,131,17.0,Grupos 1ra Ronda,4.0,3.0,1.0,1.0,1.0,4.0,4.0,0.0,True
2022,131,10.0,Octavos de Final,6.0,4.0,2.0,0.0,2.0,5.0,7.0,-2.0,True
2026,131,,clasificado,0.0,0.0,0.0,0.0,0.0,0.0,0.0,0.0,True
1930,132,4.0,Partido 3er Puesto,4.0,3.0,2.0,0.0,1.0,7.0,7.0,0.0,True
1934,132,,no participó,,,,,,,,,False
1938,132,,no participó,,,,,,,,,False
1950,132,5.0,Grupos 1ra Ronda,4.0,3.0,2.0,0.0,1.0,7.0,3.0,4.0,True
1954,132,8.0,Cuartos de Final,3.0,3.0,1.0,1.0,1.0,2.0,3.0,-1.0,True
1958,132,8.0,Cuartos de Final,4.0,4.0,1.0,2.0,1.0,7.0,7.0,0.0,True
1962,132,4.0,Partido 3er Puesto,6.0,6.0,3.0,0.0,3.0,10.0,7.0,3.0,True
1966,132,,no participó,,,,,,,,,False
1970,132,,no participó,,,,,,,,,False
1974,132,7.0,Grupos 2da Ronda,4.0,6.0,1.0,2.0,3.0,12.0,7.0,5.0,True
1978,132,,no participó,,,,,,,,,False
1982,132,16.0,Grupos 1ra Ronda,3.0,3.0,1.0,1.0,1.0,2.0,2.0,0.0,True
1986,132,,no participó,,,,,,,,,False
1990,132,5.0,Cuartos de Final,7.0,5.0,3.0,1.0,1.0,8.0,6.0,2.0,True
1994,132,,no participó,,,,,,,,,False
1998,132,10.0,Octavos de Final,7.0,4.0,2.0,1.0,1.0,5.0,4.0,1.0,True
2002,132,,no participó,,,,,,,,,False
2006,132,32.0,Grupos 1ra Ronda,0.0,3.0,0.0,0.0,3.0,2.0,10.0,-8.0,True
2010,132,23.0,Grupos 1ra Ronda,3.0,3.0,1.0,0.0,2.0,2.0,3.0,-1.0,True
2014,132,,no participó,,,,,,,,,False
2018,132,23.0,Grupos 1ra Ronda,3.0,3.0,1.0,0.0,2.0,2.0,4.0,-2.0,True
2022,132,29.0,Grupos 1ra Ronda,1.0,3.0,0.0,1.0,2.0,5.0,8.0,-3.0,True
2026,132,,no participó,,,,,,,,,False
1930,133,,no participó,,,,,,,,,False
1934,133,,no participó,,,,,,,,,False
1938,133,,no participó,,,,,,,,,False
1950,133,,no participó,,,,,,,,,False
1954,133,,no participó,,,,,,,,,False
1958,133,,no participó,,,,,,,,,False
1962,133,,no participó,,,,,,,,,False
1966,133,,no participó,,,,,,,,,False
1970,133,,no participó,,,,,,,,,False
1974,133,,no participó,,,,,,,,,False
1978,133,,no participó,,,,,,,,,False
1982,133,,no participó,,,,,,,,,False
1986,133,,no participó,,,,,,,,,False
1990,133,,no participó,,,,,,,,,False
1994,133,,no participó,,,,,,,,,False
1998,133,24.0,Grupos 1ra Ronda,2.0,3.0,0.0,2.0,1.0,3.0,6.0,-3.0,True
2002,133,17.0,Grupos 1ra Ronda,4.0,3.0,1.0,1.0,1.0,5.0,5.0,0.0,True
2006,133,,no participó,,,,,,,,,False
2010,133,20.0,Grupos 1ra Ronda,4.0,3.0,1.0,1.0,1.0,3.0,5.0,-2.0,True
2014,133,,no participó,,,,,,,,,False
2018,133,,no participó,,,,,,,,,False
2022,133,,no participó,,,,,,,,,False
2026,133,,clasificado,0.0,0.0,0.0,0.0,0.0,0.0,0.0,0.0,True
1930,134,,no participó,,,,,,,,,False
1934,134,8.0,Cuartos de Final,2.0,2.0,1.0,0.0,1.0,4.0,4.0,0.0,True
1938,134,4.0,Partido 3er Puesto,2.0,3.0,1.0,0.0,2.0,11.0,9.0,2.0,True
1950,134,3.0,Ronda Final,5.0,5.0,2.0,1.0,2.0,11.0,15.0,-4.0,True
1954,134,,no participó,,,,,,,,,False
1958,134,2.0,Final,9.0,6.0,4.0,1.0,1.0,12.0,7.0,5.0,True
1962,134,,no participó,,,,,,,,,False
1966,134,,no participó,,,,,,,,,False
1970,134,9.0,Grupos 1ra Ronda,3.0,3.0,1.0,1.0,1.0,2.0,2.0,0.0,True
1974,134,5.0,Grupos 2da Ronda,6.0,6.0,2.0,2.0,2.0,7.0,6.0,1.0,True
1978,134,13.0,Grupos 1ra Ronda,1.0,3.0,0.0,1.0,2.0,1.0,3.0,-2.0,True
1982,134,,no participó,,,,,,,,,False
1986,134,,no participó,,,,,,,,,False
1990,134,21.0,Grupos 1ra Ronda,0.0,3.0,0.0,0.0,3.0,3.0,6.0,-3.0,True
1994,134,3.0,Partido 3er Puesto,12.0,7.0,3.0,3.0,1.0,15.0,8.0,7.0,True
1998,134,,no participó,,,,,,,,,False
2002,134,13.0,Octavos de Final,5.0,4.0,1.0,2.0,1.0,5.0,5.0,0.0,True
2006,134,14.0,Octavos de Final,5.0,4.0,1.0,2.0,1.0,3.0,4.0,-1.0,True
2010,134,,no participó,,,,,,,,,False
2014,134,,no participó,,,,,,,,,False
2018,134,7.0,Cuartos de Final,9.0,5.0,3.0,0.0,2.0,6.0,4.0,2.0,True
2022,134,,no participó,,,,,,,,,False
2026,134,,,,,,,,,,,True
1930,135,,no participó,,,,,,,,,False
1934,135,7.0,Cuartos de Final,2.0,2.0,1.0,0.0,1.0,5.0,5.0,0.0,True
1938,135,6.0,Cuartos de Final,3.0,3.0,1.0,1.0,1.0,5.0,5.0,0.0,True
1950,135,6.0,Grupos 1ra Ronda,3.0,3.0,1.0,1.0,1.0,4.0,6.0,-2.0,True
1954,135,5.0,Cuartos de Final,4.0,4.0,2.0,0.0,2.0,11.0,11.0,0.0,True
1958,135,,no participó,,,,,,,,,False
1962,135,16.0,Grupos 1ra Ronda,0.0,3.0,0.0,0.0,3.0,2.0,8.0,-6.0,True
1966,135,16.0,Grupos 1ra Ronda,0.0,3.0,0.0,0.0,3.0,1.0,9.0,-8.0,True
1970,135,,no participó,,,,,,,,,False
1974,135,,no participó,,,,,,,,,False
1978,135,,no participó,,,,,,,,,False
1982,135,,no participó,,,,,,,,,False
1986,135,,no participó,,,,,,,,,False
1990,135,,no participó,,,,,,,,,False
1994,135,15.0,Octavos de Final,4.0,4.0,1.0,1.0,2.0,5.0,7.0,-2.0,True
1998,135,,no participó,,,,,,,,,False
2002,135,,no participó,,,,,,,,,False
2006,135,10.0,Octavos de Final,8.0,4.0,2.0,2.0,0.0,4.0,0.0,4.0,True
2010,135,19.0,Grupos 1ra Ronda,4.0,3.0,1.0,1.0,1.0,1.0,1.0,0.0,True
2014,135,11.0,Octavos de Final,6.0,4.0,2.0,0.0,2.0,7.0,7.0,0.0,True
2018,135,14.0,Octavos de Final,5.0,4.0,1.0,2.0,1.0,5.0,5.0,0.0,True
2022,135,12.0,Octavos de Final,6.0,4.0,2.0,0.0,2.0,5.0,9.0,-4.0,True
2026,135,,clasificado,0.0,0.0,0.0,0.0,0.0,0.0,0.0,0.0,True
1930,136,,no participó,,,,,,,,,False
1934,136,,no participó,,,,,,,,,False
1938,136,,no participó,,,,,,,,,False
1950,136,,no participó,,,,,,,,,False
1954,136,,no participó,,,,,,,,,False
1958,136,,no participó,,,,,,,,,False
1962,136,,no participó,,,,,,,,,False
1966,136,,no participó,,,,,,,,,False
1970,136,,no participó,,,,,,,,,False
1974,136,,no participó,,,,,,,,,False
1978,136,,no participó,,,,,,,,,False
1982,136,,no participó,,,,,,,,,False
1986,136,,no participó,,,,,,,,,False
1990,136,,no participó,,,,,,,,,False
1994,136,,no participó,,,,,,,,,False
1998,136,,no participó,,,,,,,,,False
2002,136,,no participó,,,,,,,,,False
2006,136,30.0,Grupos 1ra Ronda,0.0,3.0,0.0,0.0,3.0,1.0,6.0,-5.0,True
2010,136,,no participó,,,,,,,,,False
2014,136,,no participó,,,,,,,,,False
2018,136,,no participó,,,,,,,,,False
2022,136,,no participó,,,,,,,,,False
2026,136,,no participó,,,,,,,,,False
1930,137,,no participó,,,,,,,,,False
1934,137,,no participó,,,,,,,,,False
1938,137,,no participó,,,,,,,,,False
1950,137,,no participó,,,,,,,,,False
1954,137,,no participó,,,,,,,,,False
1958,137,,no participó,,,,,,,,,False
1962,137,,no participó,,,,,,,,,False
1966,137,,no participó,,,,,,,,,False
1970,137,,no participó,,,,,,,,,False
1974,137,,no participó,,,,,,,,,False
1978,137,,no participó,,,,,,,,,False
1982,137,,no participó,,,,,,,,,False
1986,137,,no participó,,,,,,,,,False
1990,137,,no participó,,,,,,,,,False
1994,137,,no participó,,,,,,,,,False
1998,137,,no participó,,,,,,,,,False
2002,137,,no participó,,,,,,,,,False
2006,137,27.0,Grupos 1ra Ronda,1.0,3.0,0.0,1.0,2.0,0.0,4.0,-4.0,True
2010,137,,no participó,,,,,,,,,False
2014,137,,no participó,,,,,,,,,False
2018,137,,no participó,,,,,,,,,False
2022,137,,no participó,,,,,,,,,False
2026,137,,,,,,,,,,,True
1930,139,,no participó,,,,,,,,,False
1934,139,,no participó,,,,,,,,,False
1938,139,,no participó,,,,,,,,,False
1950,139,,no participó,,,,,,,,,False
1954,139,,no participó,,,,,,,,,False
1958,139,,no participó,,,,,,,,,False
1962,139,,no participó,,,,,,,,,False
1966,139,,no participó,,,,,,,,,False
1970,139,,no participó,,,,,,,,,False
1974,139,,no participó,,,,,,,,,False
1978,139,9.0,Grupos 1ra Ronda,3.0,3.0,1.0,1.0,1.0,3.0,2.0,1.0,True
1982,139,,no participó,,,,,,,,,False
1986,139,,no participó,,,,,,,,,False
1990,139,,no participó,,,,,,,,,False
1994,139,,no participó,,,,,,,,,False
1998,139,26.0,Grupos 1ra Ronda,1.0,3.0,0.0,1.0,2.0,1.0,4.0,-3.0,True
2002,139,29.0,Grupos 1ra Ronda,1.0,3.0,0.0,1.0,2.0,1.0,5.0,-4.0,True
2006,139,24.0,Grupos 1ra Ronda,1.0,3.0,0.0,1.0,2.0,3.0,6.0,-3.0,True
2010,139,,no participó,,,,,,,,,False
2014,139,,no participó,,,,,,,,,False
2018,139,24.0,Grupos 1ra Ronda,3.0,3.0,1.0,0.0,2.0,5.0,8.0,-3.0,True
2022,139,21.0,Grupos 1ra Ronda,4.0,3.0,1.0,1.0,1.0,1.0,1.0,0.0,True
2026,139,,clasificado,0.0,0.0,0.0,0.0,0.0,0.0,0.0,0.0,True
1930,138,,no participó,,,,,,,,,False
1934,138,,no participó,,,,,,,,,False
1938,138,,no participó,,,,,,,,,False
1950,138,,no participó,,,,,,,,,False
1954,138,11.0,Grupos 1ra Ronda,2.0,3.0,1.0,0.0,2.0,10.0,11.0,-1.0,True
1958,138,,no participó,,,,,,,,,False
1962,138,,no participó,,,,,,,,,False
1966,138,,no participó,,,,,,,,,False
1970,138,,no participó,,,,,,,,,False
1974,138,,no participó,,,,,,,,,False
1978,138,,no participó,,,,,,,,,False
1982,138,,no participó,,,,,,,,,False
1986,138,,no participó,,,,,,,,,False
1990,138,,no participó,,,,,,,,,False
1994,138,,no participó,,,,,,,,,False
1998,138,,no participó,,,,,,,,,False
2002,138,3.0,Partido 3er Puesto,13.0,7.0,4.0,1.0,2.0,10.0,6.0,4.0,True
2006,138,,no participó,,,,,,,,,False
2010,138,,no participó,,,,,,,,,False
2014,138,,no participó,,,,,,,,,False
2018,138,,no participó,,,,,,,,,False
2022,138,,no participó,,,,,,,,,False
2026,138,,,,,,,,,,,True
1930,140,,no participó,,,,,,,,,False
1934,140,,no participó,,,,,,,,,False
1938,140,,no participó,,,,,,,,,False
1950,140,,no participó,,,,,,,,,False
1954,140,,no participó,,,,,,,,,False
1958,140,,no participó,,,,,,,,,False
1962,140,,no participó,,,,,,,,,False
1966,140,,no participó,,,,,,,,,False
1970,140,,no participó,,,,,,,,,False
1974,140,,no participó,,,,,,,,,False
1978,140,,no participó,,,,,,,,,False
1982,140,,no participó,,,,,,,,,False
1986,140,,no participó,,,,,,,,,False
1990,140,,no participó,,,,,,,,,False
1994,140,,no participó,,,,,,,,,False
1998,140,,no participó,,,,,,,,,False
2002,140,,no participó,,,,,,,,,False
2006,140,8.0,Cuartos de Final,7.0,5.0,2.0,1.0,2.0,5.0,7.0,-2.0,True
2010,140,,no participó,,,,,,,,,False
2014,140,,no participó,,,,,,,,,False
2018,140,,no participó,,,,,,,,,False
2022,140,,no participó,,,,,,,,,False
2026,140,,,,,,,,,,,True
1930,141,1.0,Final,8.0,4.0,4.0,0.0,0.0,15.0,3.0,12.0,True
1934,141,,no participó,,,,,,,,,False
1938,141,,no participó,,,,,,,,,False
1950,141,1.0,Ronda Final,7.0,4.0,3.0,1.0,0.0,15.0,5.0,10.0,True
1954,141,4.0,Partido 3er Puesto,6.0,5.0,3.0,0.0,2.0,16.0,9.0,7.0,True
1958,141,,no participó,,,,,,,,,False
1962,141,13.0,Grupos 1ra Ronda,2.0,3.0,1.0,0.0,2.0,4.0,6.0,-2.0,True
1966,141,7.0,Cuartos de Final,4.0,4.0,1.0,2.0,1.0,2.0,5.0,-3.0,True
1970,141,4.0,Partido 3er Puesto,5.0,6.0,2.0,1.0,3.0,4.0,5.0,-1.0,True
1974,141,13.0,Grupos 1ra Ronda,1.0,3.0,0.0,1.0,2.0,1.0,6.0,-5.0,True
1978,141,,no participó,,,,,,,,,False
1982,141,,no participó,,,,,,,,,False
1986,141,16.0,Octavos de Final,2.0,4.0,0.0,2.0,2.0,2.0,8.0,-6.0,True
1990,141,16.0,Octavos de Final,3.0,4.0,1.0,1.0,2.0,2.0,5.0,-3.0,True
1994,141,,no participó,,,,,,,,,False
1998,141,,no participó,,,,,,,,,False
2002,141,26.0,Grupos 1ra Ronda,2.0,3.0,0.0,2.0,1.0,4.0,5.0,-1.0,True
2006,141,,no participó,,,,,,,,,False
2010,141,4.0,Partido 3er Puesto,11.0,7.0,3.0,2.0,2.0,11.0,8.0,3.0,True
2014,141,12.0,Octavos de Final,6.0,4.0,2.0,0.0,2.0,4.0,6.0,-2.0,True
2018,141,5.0,Cuartos de Final,12.0,5.0,4.0,0.0,1.0,7.0,3.0,4.0,True
2022,141,20.0,Grupos 1ra Ronda,4.0,3.0,1.0,1.0,1.0,2.0,2.0,0.0,True
2026,141,,clasificado,0.0,0.0,0.0,0.0,0.0,0.0,0.0,0.0,True
1930,142,,no participó,,,,,,,,,False
1934,142,,no participó,,,,,,,,,False
1938,142,,no participó,,,,,,,,,False
1950,142,,no participó,,,,,,,,,False
1954,142,,no participó,,,,,,,,,False
1958,142,,no participó,,,,,,,,,False
1962,142,,no participó,,,,,,,,,False
1966,142,,no participó,,,,,,,,,False
1970,142,,no participó,,,,,,,,,False
1974,142,,no participó,,,,,,,,,False
1978,142,,no participó,,,,,,,,,False
1982,142,,no participó,,,,,,,,,False
1986,142,,no participó,,,,,,,,,False
1990,142,,no participó,,,,,,,,,False
1994,142,,no participó,,,,,,,,,False
1998,142,,no participó,,,,,,,,,False
2002,142,,no participó,,,,,,,,,False
2006,142,,no participó,,,,,,,,,False
2010,142,,no participó,,,,,,,,,False
2014,142,,no participó,,,,,,,,,False
2018,142,,no participó,,,,,,,,,False
2022,142,,no participó,,,,,,,,,False
2026,142,,clasificado,0.0,0.0,0.0,0.0,0.0,0.0,0.0,0.0,True
