anio,jugador,jugador_slug,seleccion,goles
2022,Kylian Mbappé,kylian_mbappe,Francia,1
2022,Lionel Messi,lionel_messi,Argentina,1
2022,Julian Alvarez,julian_alvarez,Argentina,0
2022,Olivier Giroud,olivier_giroud,Francia,0
2022,Cody Gakpo,cody_gakpo,Paises Bajos,0
2022,Álvaro Morata,alvaro_morata,España,0
2022,Gonçalo Ramos,goncalo_ramos,Portugal,0
2022,Marcus Rashford,marcus_rashford,Inglaterra,0
2022,Richarlison,richarlison,Brasil,0
2022,Bukayo Saka,bukayo_saka,Inglaterra,0
2022,Enner Valencia,enner_valencia,Ecuador,1
2022,Vincent Aboubakar,vincent_aboubakar,Camerún,0
2022,Salem Al-Dawsari,salem_al_dawsari,Arabia Saudita,0
2022,Gue-sung Cho,gue_sung_cho,Corea del Sur,0
2022,Giorgian De Arrascaeta,giorgian_de_arrascaeta,Uruguay,1
2022,Ritsu Doan,ritsu_doan,Japón,0
2022,Breel Embolo,breel_embolo,Suiza,0
2022,Youssef En-Nesyri,youssef_en_nesyri,Marruecos,0
2022,Bruno Fernandes,bruno_fernandes,Portugal,0
2022,Niclas Füllkrug,niclas_fullkrug,Alemania,0
2022,Kai Havertz,kai_havertz,Alemania,1
2022,Harry Kane,harry_kane,Inglaterra,0
2022,Andrej Kramarić,andrej_kramaric,Croacia,0
2022,Mohammed Kudus,mohammed_kudus,Ghana,0
2022,Rafael Leão,rafael_leao,Portugal,0
2022,Robert Lewandowski,robert_lewandowski,Polonia,0
2022,Aleksandar Mitrović,aleksandar_mitrovic,Serbia,0
2022,Neymar Jr.,neymar,Brasil,0
2022,Mehdi Taremi,mehdi_taremi,Irán,0
2022,Ferran Torres,ferran_torres,España,0
2022,Wout Weghorst,wout_weghorst,Paises Bajos,0
2022,Zakaria Aboukhlal,zakaria_aboukhlal,Marruecos,0
2022,Manuel Akanji,manuel_akanji,Suiza,0
2022,Saleh Al-Shehri,saleh_al_shehri,Arabia Saudita,0
2022,Takuma Asano,takuma_asano,Japón,0
2022,Marco Asensio,marco_asensio,España,0
2022,Andre Ayew,andre_ayew,Ghana,0
2022,Gareth Bale,gareth_bale,Gales,0
2022,Michy Batshuayi,michy_batshuayi,Bélgica,0
2022,Jude Bellingham,jude_bellingham,Inglaterra,0
2022,Daley Blind,daley_blind,Paises Bajos,0
2022,Osman Bukari,osman_bukari,Ghana,0
2022,Moisés Caicedo,moises_caicedo,Ecuador,0
2022,Casemiro,casemiro,Brasil,0
2022,Jean-Charles Castelletto,jean_charles_castelletto,Camerún,0
2022,Luis Chávez,luis_chavez,México,0
2022,Rouzbeh Cheshmi,rouzbeh_cheshmi,Irán,0
2022,Eric Maxim Choupo Moting,eric_choupo_moting,Camerún,0
2022,Andreas Christensen,andreas_christensen,Dinamarca,0
2022,Achraf Dari,achraf_dari,Marruecos,0
2022,Alphonso Davies,alphonso_davies,Canadá,0
2022,Frenkie de Jong,frenkie_de_jong,Paises Bajos,0
2022,Memphis Depay,memphis_depay,Paises Bajos,0
2022,Angel Di Maria,angel_di_maria,Argentina,0
2022,Boulaye Dia,boulaye_dia,Senegal,0
2022,Famara Diéhiou,famara_diehiou,Senegal,0
2022,Bamba Dieng,bamba_dieng,Senegal,0
2022,Mitchell Duke,mitchell_duke,Australia,0
2022,Denzel Dumfries,denzel_dumfries,Paises Bajos,0
2022,João Félix,joao_felix,Portugal,0
2022,Enzo Fernandez,enzo_fernandez,Argentina,0
2022,Phil Foden,phil_foden,Inglaterra,0
2022,Remo Freuler,remo_freuler,Suiza,0
2022,Keysher Fuller,keysher_fuller,Costa Rica,0
2022,Gavi,gavi,España,0
2022,Serge Gnabry,serge_gnabry,Alemania,0
2022,Craig Goodwin,craig_goodwin,Australia,0
2022,Jack Grealish,jack_grealish,Inglaterra,0
2022,Raphaël Guerreiro,raphael_guerreiro,Portugal,0
2022,Ilkay Gündogan,ilkay_gundogan,Alemania,0
2022,Josko Gvardiol,josko_gvardiol,Croacia,0
2022,Jordan Henderson,jordan_henderson,Inglaterra,0
2022,Théo Hernandez,theo_hernandez,Francia,0
2022,Ricardo Horta,ricardo_horta,Portugal,0
2022,Hee-chan Hwang,hee_chan_hwang,Corea del Sur,0
2022,Wahbi Khazri,wahbi_khazri,Túnez,0
2022,Young-Gwon Kim,young_gwon_kim,Corea del Sur,0
2022,Davy Klaassen,davy_klaassen,Paises Bajos,0
2022,Randal Kolo Muani,randal_kolo_muani,Francia,0
2022,Kalidou Koulibaly,kalidou_koulibaly,Senegal,0
2022,Mathew Leckie,mathew_leckie,Australia,0
2022,Marko Livaja,marko_livaja,Croacia,0
2022,Alexis Mac Allister,alexis_mac_allister,Argentina,0
2022,Daizen Maeda,daizen_maeda,Japón,0
2022,Lovro Majer,lovro_majer,Croacia,0
2022,Henry Martin,henry_martin,México,0
2022,Sergej Milinković-Savić,sergej_milinkovic_savic,Serbia,0
2022,Nahuel Molina,nahuel_molina,Argentina,0
2022,Mohammed Muntari,mohammed_muntari,Catar,0
2022,Dani Olmo,dani_olmo,España,0
2022,Mislav Orsic,mislav_orsic,Croacia,0
2022,Seung-ho Paik,seung_ho_paik,Corea del Sur,1
2022,Lucas Paqueta,lucas_paqueta,Brasil,0
2022,Strahinja Pavlovic,strahinja_pavlovic,Serbia,0
2022,Pepe,pepe,Portugal,0
2022,Ivan Perisic,ivan_perisic,Croacia,0
2022,Bruno Petkovic,bruno_petkovic,Croacia,0
2022,Christian Pulisic,christian_pulisic,Estados Unidos,0
2022,Adrien Rabiot,adrien_rabiot,Francia,0
2022,Ramin Rezaeian,ramin_rezaeian,Irán,0
2022,Cristiano Ronaldo,cristiano_ronaldo,Portugal,0
2022,Romain Saïss,romain_saiss,Marruecos,0
2022,Mohammed Salisu,mohammed_salisu,Ghana,0
2022,Ismaïla Sarr,ismaila_sarr,Senegal,0
2022,Xherdan Shaqiri,xherdan_shaqiri,Suiza,0
2022,Carlos Soler,carlos_soler,España,0
2022,Raheem Sterling,raheem_sterling,Inglaterra,0
2022,Ao Tanaka,ao_tanaka,Japón,0
2022,Aurélien Tchouaméni,aurelien_tchouameni,Francia,0
2022,Yeltsin Tejeda,yeltsin_tejeda,Costa Rica,0
2022,Juan Pablo Vargas,juan_pablo_vargas,Costa Rica,1
2022,Vinicius Junior,vinicius_junior,Brasil,0
2022,Dusan Vlahovic,dusan_vlahovic,Serbia,0
2022,Tim Weah,tim_weah,Estados Unidos,0
2022,Haji Wright,haji_wright,Estados Unidos,0
2022,Piotr Zieliński,piotr_zielinski,Polonia,0
2022,Hakim Ziyech,hakim_ziyech,Marruecos,0
2018,Harry Kane,harry_kane,Inglaterra,1
2018,Denis Cheryshev,denis_cheryshev,Rusia,0
2018,Antoine Griezmann,antoine_griezmann,Francia,0
2018,Romelu Lukaku,romelu_lukaku,Bélgica,0
2018,Kylian Mbappé,kylian_mbappe,Francia,0
2018,Cristiano Ronaldo,cristiano_ronaldo,Portugal,1
2018,Edinson Cavani,edinson_cavani,Uruguay,0
2018,Diego Costa,diego_costa,España,0
2018,Artem Dzyuba,artem_dzyuba,Rusia,0
2018,Eden Hazard,eden_hazard,Bélgica,0
2018,Mario Mandzukic,mario_mandzukic,Croacia,0
2018,Yerry Mina,yerry_mina,Colombia,1
2018,Ivan Perisic,ivan_perisic,Croacia,0
2018,Sergio Agüero,sergio_aguero,Argentina,0
2018,Andreas Granqvist,andreas_granqvist,Suecia,0
2018,Takashi Inui,takashi_inui,Japón,0
2018,Mile Jedinak,mile_jedinak,Australia,0
2018,Wahbi Khazri,wahbi_khazri,Túnez,0
2018,Luka Modric,luka_modric,Croacia,0
2018,Ahmed Musa,ahmed_musa,Nigeria,0
2018,Neymar Jr.,neymar,Brasil,0
2018,Philippe Coutinho,philippe_coutinho,Brasil,0
2018,Mohamed Salah,mohamed_salah,Egipto,1
2018,Heung-Min Son,heung_min_son,Corea del Sur,0
2018,John Stones,john_stones,Inglaterra,0
2018,Luis Suarez,luis_suarez,Uruguay,0
2018,Salem Al-Dawsari,salem_al_dawsari,Arabia Saudita,0
2018,Salman Al-Faraj,salman_al_faraj,Arabia Saudita,0
2018,Dele Alli,dele_alli,Inglaterra,0
2018,Karim Ansarifard,karim_ansarifard,Irán,0
2018,Iago Aspas,iago_aspas,España,0
2018,Ludwig Augustinsson,ludwig_augustinsson,Suecia,0
2018,Milan Badelj,milan_badelj,Croacia,0
2018,Felipe Baloy,felipe_baloy,Panamá,1
2018,Michy Batshuayi,michy_batshuayi,Bélgica,0
2018,Jan Bednarek,jan_bednarek,Polonia,0
2018,Fakhreddine Ben Youssef,fakhreddine_ben_youssef,Túnez,0
2018,Khalid Boutaïb,khalid_boutaib,Marruecos,0
2018,Dylan Bronn,dylan_bronn,Túnez,0
2018,André Carrillo,andre_carrillo,Perú,0
2018,Nacer Chadli,nacer_chadli,Bélgica,0
2018,Juan Guillermo Cuadrado,juan_guillermo_cuadrado,Colombia,0
2018,Kevin De Bruyne,kevin_de_bruyne,Bélgica,0
2018,Angel Di Maria,angel_di_maria,Argentina,0
2018,Josip Drmic,josip_drmic,Suiza,0
2018,Blerim Dzemaili,blerim_dzemaili,Suiza,0
2018,Youssef En-Nesyri,youssef_en_nesyri,Marruecos,1
2018,Christian Eriksen,christian_eriksen,Dinamarca,0
2018,Radamel Falcao,radamel_falcao,Colombia,0
2018,Marouane Fellaini,marouane_fellaini,Bélgica,0
2018,Mário Fernandes,mario_fernandes,Rusia,0
2018,Alfred Finnbogason,alfred_finnbogason,Islandia,0
2018,Emil Forsberg,emil_forsberg,Suecia,0
2018,Yury Gazinsky,yury_gazinsky,Rusia,0
2018,José María Giménez,jose_maria_gimenez,Uruguay,0
2018,Aleksandr Golovin,aleksandr_golovin,Rusia,0
2018,Paolo Guerrero,paolo_guerrero,Perú,0
2018,Genki Haraguchi,genki_haraguchi,Japón,0
2018,Javier Hernandez,javier_hernandez,México,0
2018,Keisuke Honda,keisuke_honda,Japón,0
2018,Isco,isco_alarcon,España,0
2018,Adnan Januzaj,adnan_januzaj,Bélgica,1
2018,Mathias Jørgensen,mathias_jorgensen,Dinamarca,0
2018,Shinji Kagawa,shinji_kagawa,Japón,0
2018,Young-Gwon Kim,young_gwon_kim,Corea del Sur,0
2018,Aleksandar Kolarov,aleksandar_kolarov,Serbia,0
2018,Andrej Kramarić,andrej_kramaric,Croacia,0
2018,Toni Kroos,toni_kroos,Alemania,0
2018,Grzegorz Krychowiak,grzegorz_krychowiak,Polonia,0
2018,Jesse Lingard,jesse_lingard,Inglaterra,0
2018,Hirving Lozano,hirving_lozano,México,0
2018,Harry Maguire,harry_maguire,Inglaterra,0
2018,Sadio Mané,sadio_mane,Senegal,0
2018,Gabriel Mercado,gabriel_mercado,Argentina,0
2018,Dries Mertens,dries_mertens,Bélgica,0
2018,Lionel Messi,lionel_messi,Argentina,0
2018,Thomas Meunier,thomas_meunier,Bélgica,0
2018,Aleksandar Mitrović,aleksandar_mitrovic,Serbia,0
2018,Victor Moses,victor_moses,Nigeria,0
2018,Nacho,nacho_fernandez,España,0
2018,M'Baye Niang,mbaye_niang,Senegal,0
2018,Yuya Osako,yuya_osako,Japón,0
2018,Paulinho,paulinho_2,Brasil,0
2018,Benjamin Pavard,benjamin_pavard,Francia,0
2018,Pepe,pepe,Portugal,0
2018,Paul Pogba,paul_pogba,Francia,0
2018,Ricardo Quaresma,ricardo_quaresma,Portugal,0
2018,Juan Quintero,juan_quintero,Colombia,0
2018,Ivan Rakitic,ivan_rakitic,Croacia,0
2018,Ante Rebic,ante_rebic,Croacia,0
2018,Renato Augusto,renato_augusto,Brasil,0
2018,Marco Reus,marco_reus,Alemania,0
2018,Roberto Firmino,roberto_firmino,Brasil,0
2018,Marcos Rojo,marcos_rojo,Argentina,0
2018,Ferjani Sassi,ferjani_sassi,Túnez,0
2018,Xherdan Shaqiri,xherdan_shaqiri,Suiza,0
2018,Gylfi Sigurdsson,gylfi_sigurosson,Islandia,0
2018,Thiago Silva,thiago_silva,Brasil,0
2018,Ola Toivonen,ola_toivonen,Suecia,0
2018,Kieran Trippier,kieran_trippier,Inglaterra,0
2018,Samuel Umtiti,samuel_umtiti,Francia,0
2018,Raphael Varane,raphael_varane,Francia,0
2018,Carlos Vela,carlos_vela,México,0
2018,Jan Vertonghen,jan_vertonghen,Bélgica,0
2018,Domagoj Vida,domagoj_vida,Croacia,0
2018,Moussa Wagué,moussa_wague,Senegal,0
2018,Kendall Waston,kendall_waston,Costa Rica,1
2018,Granit Xhaka,granit_xhaka,Suiza,0
2018,Yussuf Yurary Poulsen,yussuf_poulsen,Dinamarca,0
2018,Steven Zuber,steven_zuber,Suiza,0
2014,James Rodríguez,james_rodriguez,Colombia,1
2014,Thomas Müller,thomas_mueller,Alemania,0
2014,Lionel Messi,lionel_messi,Argentina,0
2014,Neymar Jr.,neymar,Brasil,0
2014,Robin Van Persie,robin_van_persie,Paises Bajos,0
2014,Karim Benzema,karim_benzema,Francia,0
2014,Arjen Robben,arjen_robben,Paises Bajos,0
2014,André Schürrle,andre_schurrle,Alemania,0
2014,Xherdan Shaqiri,xherdan_shaqiri,Suiza,0
2014,Enner Valencia,enner_valencia,Ecuador,1
2014,Andre Ayew,andre_ayew,Ghana,0
2014,Wilfried Bony,wilfried_bony,Costa de Marfil,0
2014,Tim Cahill,tim_cahill,Australia,1
2014,David Luiz,david_luiz,Brasil,0
2014,Clint Dempsey,clint_dempsey,Estados Unidos,0
2014,Memphis Depay,memphis_depay,Paises Bajos,0
2014,Abdelmoumene Djabou,abdelmoumene_djabou,Argelia,0
2014,Gervinho,gervinho,Costa de Marfil,0
2014,Mario Götze,mario_gotze,Alemania,0
2014,Asamoah Gyan,asamoah_gyan,Ghana,0
2014,Mats Hummels,mats_hummels,Alemania,0
2014,Miroslav Klose,miroslav_klose,Alemania,0
2014,Toni Kroos,toni_kroos,Alemania,0
2014,Mario Mandzukic,mario_mandzukic,Croacia,1
2014,Jackson Martinez,jackson_martinez,Colombia,0
2014,Ahmed Musa,ahmed_musa,Nigeria,0
2014,Oscar,oscar_2,Brasil,0
2014,Ivan Perisic,ivan_perisic,Croacia,0
2014,Bryan Ruiz,bryan_ruiz,Costa Rica,0
2014,Alexis Sanchez,alexis_sanchez,Chile,0
2014,Islam Slimani,islam_slimani,Argelia,0
2014,Luis Suarez,luis_suarez,Uruguay,1
2014,Xabi Alonso,xabi_alonso,España,0
2014,Charles Aránguiz,charles_aranguiz,Chile,0
2014,Pablo Armero,pablo_armero,Colombia,0
2014,Mario Balotelli,mario_balotelli,Italia,0
2014,Jean Beausejour,jean_beausejour,Chile,0
2014,Daley Blind,daley_blind,Paises Bajos,0
2014,Yacine Brahimi,yacine_brahimi,Argelia,0
2014,John Anthony Brooks,john_brooks,Estados Unidos,1
2014,Joel Campbell,joel_campbell,Costa Rica,0
2014,Edinson Cavani,edinson_cavani,Uruguay,0
2014,Carlo Costly,carlo_costly,Honduras,0
2014,Juan Guillermo Cuadrado,juan_guillermo_cuadrado,Colombia,0
2014,Kevin De Bruyne,kevin_de_bruyne,Bélgica,0
2014,Stefan de Vrij,stefan_de_vrij,Paises Bajos,0
2014,Angel Di Maria,angel_di_maria,Argentina,0
2014,Giovani dos Santos,giovani_dos_santos,México,0
2014,Óscar Duarte,oscar_duarte,Costa Rica,0
2014,Edin Dzeko,edin_dzeko,Bosnia-Herzegovina,0
2014,Blerim Dzemaili,blerim_dzemaili,Suiza,0
2014,Sofiane Feghouli,sofiane_feghouli,Argelia,0
2014,Marouane Fellaini,marouane_fellaini,Bélgica,0
2014,Leroy Fer,leroy_fer,Paises Bajos,1
2014,Fernandinho,fernandinho,Brasil,0
2014,Fred,fred,Brasil,0
2014,Reza Ghoochannejhad,reza_ghoochannejhad,Irán,0
2014,Olivier Giroud,olivier_giroud,Francia,0
2014,Diego Godin,diego_godin,Uruguay,0
2014,Julian Green,julian_green,Estados Unidos,1
2014,Andres Guardado,andres_guardado,México,0
2014,Teófilo Gutiérrez,teofilo_gutierrez,Colombia,0
2014,Rafik Halliche,rafik_halliche,Argelia,0
2014,Javier Hernandez,javier_hernandez,México,0
2014,Gonzalo Higuain,gonzalo_higuain,Argentina,0
2014,Keisuke Honda,keisuke_honda,Japón,0
2014,Klaas Jan Huntelaar,klaas_jan_huntelaar,Paises Bajos,0
2014,Vedad Ibisevic,vedad_ibisevic,Bosnia-Herzegovina,0
2014,Mile Jedinak,mile_jedinak,Australia,0
2014,Jermaine Jones,jermaine_jones,Estados Unidos,0
2014,Alexander Kerzhakov,alexander_kerzhakov,Rusia,0
2014,Sami Khedira,sami_khedira,Alemania,0
2014,Alexander Kokorin,alexander_kokorin,Rusia,0
2014,Ja-Cheol Koo,ja_cheol_koo,Corea del Sur,0
2014,Keun-Ho Lee,keun_ho_lee,Corea del Sur,0
2014,Romelu Lukaku,romelu_lukaku,Bélgica,0
2014,Claudio Marchisio,claudio_marchisio,Italia,0
2014,Rafael Marquez,rafael_marquez,México,0
2014,Juan Mata,juan_manuel_mata,España,1
2014,Joel Matip,joel_matip,Camerún,0
2014,Blaise Matuidi,blaise_matuidi,Francia,0
2014,Admir Mehmedi,admir_mehmedi,Suiza,0
2014,Dries Mertens,dries_mertens,Bélgica,0
2014,Nani,nani,Portugal,0
2014,Peter Odemwingie,peter_odemwingie,Nigeria,0
2014,Shinji Okazaki,shinji_okazaki,Japón,0
2014,Ivica Olic,ivica_olic,Croacia,0
2014,Divock Origi,divock_origi,Bélgica,0
2014,Mesut Ozil,mesut_ozil,Alemania,0
2014,Sokratis Papastathopoulos,sokratis_papastathopoulos,Grecia,0
2014,Oribe Peralta,oribe_peralta,México,0
2014,Miralem Pjanic,miralem_pjanic,Bosnia-Herzegovina,0
2014,Paul Pogba,paul_pogba,Francia,0
2014,Juan Quintero,juan_quintero,Colombia,0
2014,Marcos Rojo,marcos_rojo,Argentina,0
2014,Cristiano Ronaldo,cristiano_ronaldo,Portugal,0
2014,Wayne Rooney,wayne_rooney,Inglaterra,0
2014,Georgios Samaras,georgios_samaras,Grecia,0
2014,Andreas Samaris,andreas_samaris,Grecia,0
2014,Haris Seferovic,haris_seferovic,Suiza,0
2014,Thiago Silva,thiago_silva,Brasil,0
2014,Moussa Sissoko,moussa_sissoko,Francia,0
2014,Wesley Sneijder,wesley_sneijder,Paises Bajos,0
2014,Heung-Min Son,heung_min_son,Corea del Sur,0
2014,Daniel Sturridge,daniel_sturridge,Inglaterra,0
2014,Fernando Torres,fernando_torres,España,0
2014,Marco Ureña,marcos_urena,Costa Rica,0
2014,Mathieu Valbuena,mathieu_valbuena,Francia,0
2014,Jorge Valdivia,jorge_valdivia,Chile,0
2014,Silvestre Varela,silvestre_varela,Portugal,0
2014,Eduardo Vargas,eduardo_vargas,Chile,0
2014,Jan Vertonghen,jan_vertonghen,Bélgica,0
2014,David Villa,david_villa,España,1
2014,Avdija Vrsajevic,avdija_vrsajevic,Bosnia-Herzegovina,1
2014,Georginio Wijnaldum,georginio_wijnaldum,Paises Bajos,0
2014,Granit Xhaka,granit_xhaka,Suiza,0
2010,Diego Forlan,diego_forlan,Uruguay,0
2010,Thomas Müller,thomas_mueller,Alemania,0
2010,Wesley Sneijder,wesley_sneijder,Paises Bajos,0
2010,David Villa,david_villa,España,0
2010,Gonzalo Higuain,gonzalo_higuain,Argentina,1
2010,Miroslav Klose,miroslav_klose,Alemania,0
2010,Robert Vittek,robert_vittek,Eslovaquia,1
2010,Landon Donovan,landon_donovan,Estados Unidos,0
2010,Asamoah Gyan,asamoah_gyan,Ghana,0
2010,Luis Fabiano,luis_fabiano,Brasil,0
2010,Luis Suarez,luis_suarez,Uruguay,0
2010,Elano,elano,Brasil,1
2010,Samuel Eto'o,samuel_etoo,Camerún,0
2010,Javier Hernandez,javier_hernandez,México,0
2010,Brett Holman,brett_holman,Australia,0
2010,Keisuke Honda,keisuke_honda,Japón,0
2010,Andrés Iniesta,andres_iniesta,España,0
2010,Chung-yong Lee,chung_yong_lee,Corea del Sur,0
2010,Jung Soo Lee,jung_soo_lee,Corea del Sur,0
2010,Lukas Podolski,lukas_podolski,Alemania,0
2010,Arjen Robben,arjen_robben,Paises Bajos,0
2010,Robinho,robinho,Brasil,0
2010,Carlos Tevez,carlos_tevez,Argentina,0
2010,Tiago,tiago,Portugal,0
2010,Kalu Uche,kalu_uche,Nigeria,0
2010,Yakubu Aiyegbeni,yakubu_aiyegbeni,Nigeria,0
2010,Antolin Alcaraz,antolin_alcaraz,Paraguay,0
2010,Hugo Almeida,hugo_almeida,Portugal,0
2010,Jean Beausejour,jean_beausejour,Chile,0
2010,Nicklas Bendtner,nicklas_bendtner,Dinamarca,0
2010,Valter Birsa,valter_birsa,Eslovenia,0
2010,Cuauhtemoc Blanco,cuauhtemoc_blanco,México,0
2010,Kevin Prince Boateng,kevin_prince_boateng,Ghana,0
2010,Michael Bradley,michael_bradley,Estados Unidos,0
2010,Cacau,cacau,Alemania,0
2010,Tim Cahill,tim_cahill,Australia,0
2010,Edinson Cavani,edinson_cavani,Uruguay,0
2010,Daniele De Rossi,daniele_de_rossi,Italia,0
2010,Jermain Defoe,jermain_defoe,Inglaterra,0
2010,Martin Demichelis,martin_demichelis,Argentina,0
2010,Clint Dempsey,clint_dempsey,Estados Unidos,0
2010,Antonio Di Natale,antonio_di_natale,Italia,0
2010,Didier Drogba,didier_drogba,Costa de Marfil,0
2010,Yasuhito Endo,yasuhito_endo,Japón,0
2010,Gelson Fernandes,gelson_fernandes,Suiza,0
2010,Arne Friedrich,arne_friedrich,Alemania,0
2010,Steven Gerrard,steven_gerrard,Inglaterra,0
2010,Mark Gonzalez,mark_gonzalez,Chile,0
2010,Gabriel Heinze,gabriel_heinze,Argentina,0
2010,Klaas Jan Huntelaar,klaas_jan_huntelaar,Paises Bajos,0
2010,Vincenzo Iaquinta,vincenzo_iaquinta,Italia,0
2010,Marcell Jansen,marcell_jansen,Alemania,0
2010,Yun Nam Ji,yun_nam_ji,Corea del Norte,0
2010,Milan Jovanovic,milan_jovanovic,Serbia,0
2010,Juan,juan,Brasil,0
2010,Salomon Kalou,salomon_kalou,Costa de Marfil,0
2010,Sami Khedira,sami_khedira,Alemania,0
2010,Bongani Khumalo,bongani_khumalo,Sudáfrica,0
2010,Kamil Kopunek,kamil_kopunek,Eslovaquia,0
2010,Robert Koren,robert_koren,Eslovenia,0
2010,Dirk Kuyt,dirk_kuyt,Paises Bajos,0
2010,Liedson,liedson,Portugal,0
2010,Zlatan Ljubijankic,zlatan_ljubijankic,Eslovenia,0
2010,Maicon,maicon,Brasil,0
2010,Florent Malouda,florent_malouda,Francia,0
2010,Rafael Marquez,rafael_marquez,México,0
2010,Raul Meireles,raul_meireles,Portugal,0
2010,Rodrigo Millar,rodrigo_millar,Chile,0
2010,Katlego Mphela,katlego_mphela,Sudáfrica,0
2010,Sulley Muntari,sulley_muntari,Ghana,0
2010,Shinji Okazaki,shinji_okazaki,Japón,0
2010,Mesut Ozil,mesut_ozil,Alemania,0
2010,Martin Palermo,martin_palermo,Argentina,1
2010,Marko Pantelic,marko_pantelic,Serbia,0
2010,Chu Young Park,chu_young_park,Corea del Sur,0
2010,Ji Sung Park,ji_sung_park,Corea del Sur,0
2010,Alvaro Pereira,alvaro_pereira,Uruguay,0
2010,Maximiliano Pereira,maximiliano_pereira,Uruguay,0
2010,Carles Puyol,carles_puyol,España,0
2010,Fabio Quagliarella,fabio_quagliarella,Italia,1
2010,Winston Reid,winston_reid,Nueva Zelanda,0
2010,Cristian Riveros,cristian_riveros,Paraguay,0
2010,Romaric,romaric,Costa de Marfil,0
2010,Dennis Rommedahl,dennis_rommedahl,Dinamarca,0
2010,Cristiano Ronaldo,cristiano_ronaldo,Portugal,0
2010,Dimitrios Salpingidis,dimitrios_salpingidis,Grecia,0
2010,Simao,simao,Portugal,0
2010,Shane Smeltz,shane_smeltz,Nueva Zelanda,0
2010,Jon Dahl Tomasson,jon_dahl_tomasson,Dinamarca,0
2010,Vasileios Torosidis,vasileios_torosidis,Grecia,0
2010,Yaya Toure,yaya_toure,Costa de Marfil,0
2010,Siphiwe Tshabalala,siphiwe_tshabalala,Sudáfrica,0
2010,Matt Upson,matt_upson,Inglaterra,0
2010,Giovanni Van Bronckhorst,giovanni_van_bronckhorst,Paises Bajos,0
2010,Robin Van Persie,robin_van_persie,Paises Bajos,0
2010,Enrique Vera,enrique_vera,Paraguay,0
2006,Miroslav Klose,miroslav_klose,Alemania,0
2006,Hernan Crespo,hernan_crespo,Argentina,0
2006,Thierry Henry,thierry_henry,Francia,0
2006,Lukas Podolski,lukas_podolski,Alemania,0
2006,Maxi Rodriguez,maxi_rodriguez,Argentina,0
2006,Ronaldo,ronaldo,Brasil,0
2006,Fernando Torres,fernando_torres,España,0
2006,David Villa,david_villa,España,0
2006,Zinedine Zidane,zinedine_zidane,Francia,0
2006,Adriano,adriano,Brasil,0
2006,Bartosz Bosacki,bartosz_bosacki,Polonia,1
2006,Omar Bravo,omar_bravo,México,0
2006,Tim Cahill,tim_cahill,Australia,0
2006,Agustin Delgado,agustin_delgado,Ecuador,0
2006,Aruna Dindane,aruna_dindane,Costa de Marfil,0
2006,Alexander Frei,alexander_frei,Suiza,0
2006,Steven Gerrard,steven_gerrard,Inglaterra,0
2006,Maniche,maniche,Portugal,0
2006,Marco Materazzi,marco_materazzi,Italia,0
2006,Tomas Rosicky,tomas_rosicky,República Checa,0
2006,Bastian Schweinsteiger,bastian_schweinsteiger,Alemania,0
2006,Andriy Shevchenko,andriy_shevchenko,Ucrania,0
2006,Carlos Tenorio,carlos_tenorio,Ecuador,0
2006,Luca Toni,luca_toni,Italia,0
2006,Patrick Vieira,patrick_vieira,Francia,0
2006,Paulo Wanchope,paulo_wanchope,Costa Rica,0
2006,Jung Hwan Ahn,jung_hwan_ahn,Corea del Sur,0
2006,Sami Al Jaber,sami_al_jaber,Arabia Saudita,0
2006,Yasser Al Kahtani,yasser_al_kahtani,Arabia Saudita,0
2006,Marcus Allback,marcus_allback,Suecia,0
2006,John Aloisi,john_aloisi,Australia,0
2006,Xabi Alonso,xabi_alonso,España,0
2006,Stephen Appiah,stephen_appiah,Ghana,0
2006,Roberto Ayala,roberto_ayala,Argentina,0
2006,Sohrab Bakhtiarizadeh,sohrab_bakhtiarizadeh,Irán,0
2006,Tranquillo Barnetta,tranquillo_barnetta,Suiza,0
2006,David Beckham,david_beckham,Inglaterra,0
2006,Esteban Cambiasso,esteban_cambiasso,Argentina,0
2006,Joe Cole,joe_cole,Inglaterra,0
2006,Peter Crouch,peter_crouch,Inglaterra,0
2006,Nelson Cuevas,nelson_cuevas,Paraguay,0
2006,Deco,deco,Portugal,0
2006,Alessandro Del Piero,alessandro_del_piero,Italia,0
2006,Clint Dempsey,clint_dempsey,Estados Unidos,0
2006,Haminu Draman,haminu_draman,Ghana,0
2006,Didier Drogba,didier_drogba,Costa de Marfil,0
2006,Flavio,flavio,Angola,1
2006,Jose Fonseca,jose_fonseca,México,0
2006,Fred,fred,Brasil,1
2006,Torsten Frings,torsten_frings,Alemania,0
2006,Alberto Gilardino,alberto_gilardino,Italia,0
2006,Gilberto Melo,gilberto_melo,Brasil,1
2006,Yahya Golmohammadi,yahya_golmohammadi,Irán,0
2006,Ronald Gomez,ronald_gomez,Costa Rica,0
2006,Fabio Grosso,fabio_grosso,Italia,0
2006,Asamoah Gyan,asamoah_gyan,Ghana,0
2006,Vincenzo Iaquinta,vincenzo_iaquinta,Italia,0
2006,Sasa Ilic,sasa_ilic,Serbia y Montenegro,1
2006,Filippo Inzaghi,filippo_inzaghi,Italia,1
2006,Radhi Jaidi,radhi_jaidi,Túnez,0
2006,Zied Jaziri,zied_jaziri,Túnez,0
2006,Juanito,juanito,España,1
2006,Juninho Pernambucano,juninho_pernambucano,Brasil,0
2006,Kaká,kaka,Brasil,0
2006,Maksym Kalinichenko,maksym_kalinichenko,Ucrania,0
2006,Bonaventure Kalou,bonaventure_kalou,Costa de Marfil,0
2006,Ivan Kaviedes,ivan_kaviedes,Ecuador,0
2006,Harry Kewell,harry_kewell,Australia,0
2006,Jan Koller,jan_koller,República Checa,1
2006,Bakary Kone,bakary_kone,Costa de Marfil,0
2006,Niko Kovac,niko_kovac,Croacia,0
2006,Philipp Lahm,philipp_lahm,Alemania,0
2006,Henrik Larsson,henrik_larsson,Suecia,0
2006,Chun Soo Lee,chun_soo_lee,Corea del Sur,0
2006,Fredrik Ljungberg,fredrik_ljungberg,Suecia,0
2006,Rafael Marquez,rafael_marquez,México,0
2006,Lionel Messi,lionel_messi,Argentina,0
2006,Jaouhar Mnari,jaouhar_mnari,Túnez,0
2006,Mohamed Kader,mohamed_kader,Togo,0
2006,Craig Moore,craig_moore,Australia,0
2006,Sulley Muntari,sulley_muntari,Ghana,0
2006,Shunsuke Nakamura,shunsuke_nakamura,Japón,0
2006,Oliver Neuville,oliver_neuville,Alemania,0
2006,Nuno Gomes,nuno_gomes,Portugal,0
2006,Ji Sung Park,ji_sung_park,Corea del Sur,0
2006,Pauleta,pauleta,Portugal,0
2006,Andrea Pirlo,andrea_pirlo,Italia,0
2006,Raul,raul,España,0
2006,Serhiy Rebrov,serhiy_rebrov,Ucrania,0
2006,Franck Ribery,franck_ribery,Francia,0
2006,Arjen Robben,arjen_robben,Paises Bajos,0
2006,Cristiano Ronaldo,cristiano_ronaldo,Portugal,0
2006,Andriy Rusol,andriy_rusol,Ucrania,0
2006,Javier Saviola,javier_saviola,Argentina,0
2006,Philippe Senderos,philippe_senderos,Suiza,0
2006,Simao,simao,Portugal,0
2006,Darijo Srna,darijo_srna,Croacia,0
2006,Keiji Tamada,keiji_tamada,Japón,0
2006,Carlos Tevez,carlos_tevez,Argentina,0
2006,Francesco Totti,francesco_totti,Italia,0
2006,Ruud Van Nistelrooij,ruud_van_nistelrooij,Paises Bajos,0
2006,Robin Van Persie,robin_van_persie,Paises Bajos,0
2006,Gianluca Zambrotta,gianluca_zambrotta,Italia,0
2006,Ze Roberto,ze_roberto,Brasil,0
2006,Nikola Zigic,nikola_zigic,Serbia y Montenegro,0
2006,Zinha,zinha,México,0
2002,Ronaldo,ronaldo,Brasil,1
2002,Miroslav Klose,miroslav_klose,Alemania,0
2002,Rivaldo,rivaldo,Brasil,0
2002,Jon Dahl Tomasson,jon_dahl_tomasson,Dinamarca,1
2002,Christian Vieri,christian_vieri,Italia,1
2002,Michael Ballack,michael_ballack,Alemania,0
2002,Bouba Diop,bouba_diop,Senegal,0
2002,Robbie Keane,robbie_keane,Irlanda,0
2002,Henrik Larsson,henrik_larsson,Suecia,0
2002,Ilhan Mansiz,ilhan_mansiz,Turquía,0
2002,Fernando Morientes,fernando_morientes,España,0
2002,Pauleta,pauleta,Portugal,1
2002,Raul,raul,España,0
2002,Marc Wilmots,marc_wilmots,Bélgica,0
2002,Jung Hwan Ahn,jung_hwan_ahn,Corea del Sur,0
2002,Jared Borgetti,jared_borgetti,México,0
2002,Henri Camara,henri_camara,Senegal,0
2002,Nelson Cuevas,nelson_cuevas,Paraguay,1
2002,Umit Davala,umit_davala,Turquía,0
2002,Landon Donovan,landon_donovan,Estados Unidos,0
2002,Ronald Gomez,ronald_gomez,Costa Rica,0
2002,Fernando Hierro,fernando_hierro,España,0
2002,Junichi Inamoto,junichi_inamoto,Japón,0
2002,Brian Mcbride,brian_mcbride,Estados Unidos,0
2002,Michael Owen,michael_owen,Inglaterra,0
2002,Ronaldinho,ronaldinho,Brasil,0
2002,Hasan Sas,hasan_sas,Turquía,0
2002,Milenko Acimovic,milenko_acimovic,Eslovenia,0
2002,Julius Aghahowa,julius_aghahowa,Nigeria,0
2002,Niclas Alexandersson,niclas_alexandersson,Suecia,0
2002,Francisco Arce,francisco_arce,Paraguay,0
2002,Gabriel Batistuta,gabriel_batistuta,Argentina,0
2002,David Beckham,david_beckham,Inglaterra,0
2002,Emre Belozoglu,emre_belozoglu,Turquía,0
2002,Vladimir Beschastnykh,vladimir_beschastnykh,Rusia,0
2002,Beto,beto_2,Portugal,0
2002,Oliver Bierhoff,oliver_bierhoff,Alemania,0
2002,Cuauhtemoc Blanco,cuauhtemoc_blanco,México,0
2002,Marco Bode,marco_bode,Alemania,0
2002,Raouf Bouzaiene,raouf_bouzaiene,Túnez,0
2002,Gary Breen,gary_breen,Irlanda,0
2002,Sol Campbell,sol_campbell,Inglaterra,0
2002,Jorge Campos,jorge_campos_2,Paraguay,0
2002,Sebastijan Cimirotic,sebastijan_cimirotic,Eslovenia,0
2002,Hernan Crespo,hernan_crespo,Argentina,0
2002,Alessandro Del Piero,alessandro_del_piero,Italia,0
2002,Agustin Delgado,agustin_delgado,Ecuador,0
2002,Salif Diao,salif_diao,Senegal,0
2002,Damien Duff,damien_duff,Irlanda,0
2002,Edmilson,edmilson,Brasil,0
2002,Samuel Eto'o,samuel_etoo,Camerún,0
2002,Khalilou Fadiga,khalilou_fadiga,Senegal,0
2002,Rio Ferdinand,rio_ferdinand,Inglaterra,0
2002,Diego Forlan,diego_forlan,Uruguay,1
2002,Quinton Fortune,quinton_fortune,Sudáfrica,0
2002,Emile Heskey,emile_heskey,Inglaterra,0
2002,Matt Holland,matt_holland,Irlanda,0
2002,Sun Hong Hwang,sun_hong_hwang,Corea del Sur,0
2002,Carsten Jancker,carsten_jancker,Alemania,0
2002,Junior,junior_2,Brasil,1
2002,Valeri Karpin,valeri_karpin,Rusia,0
2002,Bulent Korkmaz,bulent_korkmaz,Turquía,0
2002,Pawel Kryszalowicz,pawel_kryszalowicz,Polonia,0
2002,Eul Yong Lee,eul_yong_lee,Corea del Sur,0
2002,Thomas Linke,thomas_linke,Alemania,0
2002,Clint Mathis,clint_mathis,Estados Unidos,0
2002,Patrick Mboma,patrick_mboma,Camerún,0
2002,Benni Mccarthy,benni_mccarthy,Sudáfrica,0
2002,Edison Mendez,edison_mendez,Ecuador,0
2002,Gaizka Mendieta,gaizka_mendieta,España,0
2002,Teboho Mokoena,teboho_mokoena,Sudáfrica,0
2002,Richard Morales,richard_morales,Uruguay,0
2002,Hiroaki Morishima,hiroaki_morishima,Japón,0
2002,Hidetoshi Nakata,hidetoshi_nakata,Japón,0
2002,Oliver Neuville,oliver_neuville,Alemania,0
2002,Siyabonga Nomvethe,siyabonga_nomvethe,Sudáfrica,0
2002,John O'Brien,john_obrien,Estados Unidos,0
2002,Ivica Olic,ivica_olic,Croacia,0
2002,Emmanuel Olisadebe,emmanuel_olisadebe,Polonia,0
2002,Ji Sung Park,ji_sung_park,Corea del Sur,0
2002,Winston Parks,winston_parks,Costa Rica,0
2002,Lucas Radebe,lucas_radebe,Sudáfrica,0
2002,Milan Rapaic,milan_rapaic,Croacia,0
2002,Alvaro Recoba,alvaro_recoba,Uruguay,0
2002,Roberto Carlos,roberto_carlos,Brasil,0
2002,Dario Rodriguez,dario_rodriguez,Uruguay,0
2002,Dennis Rommedahl,dennis_rommedahl,Dinamarca,0
2002,Rui Costa,rui_costa,Portugal,0
2002,Roque Santa Cruz,roque_santa_cruz,Paraguay,0
2002,Bernd Schneider,bernd_schneider,Alemania,0
2002,Ki Hyeon Seol,ki_hyeon_seol,Corea del Sur,0
2002,Wesley Sonck,wesley_sonck,Bélgica,0
2002,Chong Gug Song,chong_gug_song,Corea del Sur,0
2002,Hakan Sukur,hakan_sukur,Turquía,0
2002,Takayuki Suzuki,takayuki_suzuki,Japón,0
2002,Anders Svensson,anders_svensson,Suecia,0
2002,Dmitri Sychev,dmitri_sychev,Rusia,0
2002,Egor Titov,egor_titov,Rusia,0
2002,Gerardo Torrado,gerardo_torrado,México,0
2002,Juan Carlos Valeron,juan_carlos_valeron,España,0
2002,Peter Van Der Heyden,peter_van_der_heyden,Bélgica,0
2002,Johan Walem,johan_walem,Bélgica,0
2002,Paulo Wanchope,paulo_wanchope,Costa Rica,0
2002,Mauricio Wright,mauricio_wright,Costa Rica,0
2002,Sang Chul Yoo,sang_chul_yoo,Corea del Sur,0
2002,Marcin Zewlakow,marcin_zewlakow,Polonia,0
1998,Davor Suker,davor_suker,Croacia,0
1998,Gabriel Batistuta,gabriel_batistuta,Argentina,1
1998,Christian Vieri,christian_vieri,Italia,1
1998,Luis Hernandez,luis_hernandez,México,1
1998,Ronaldo,ronaldo,Brasil,0
1998,Marcelo Salas,marcelo_salas,Chile,1
1998,Bebeto,bebeto,Brasil,0
1998,Dennis Bergkamp,dennis_bergkamp,Paises Bajos,0
1998,Oliver Bierhoff,oliver_bierhoff,Alemania,0
1998,Cesar Sampaio,cesar_sampaio,Brasil,0
1998,Thierry Henry,thierry_henry,Francia,0
1998,Juergen Klinsmann,juergen_klinsmann,Alemania,0
1998,Rivaldo,rivaldo,Brasil,0
1998,Roberto Baggio,roberto_baggio,Italia,0
1998,Shaun Bartlett,shaun_bartlett,Sudáfrica,0
1998,Salaheddine Bassir,salaheddine_bassir,Marruecos,0
1998,Phillip Cocu,phillip_cocu,Paises Bajos,0
1998,Ronald De Boer,ronald_de_boer,Paises Bajos,0
1998,Abdeljalil Hadda,abdeljalil_hadda,Marruecos,0
1998,Fernando Hierro,fernando_hierro,España,0
1998,Patrick Kluivert,patrick_kluivert,Paises Bajos,0
1998,Slobodan Komljenovic,slobodan_komljenovic,RF de Yugoslavia,0
1998,Brian Laudrup,brian_laudrup,Dinamarca,0
1998,Viorel Moldovan,viorel_moldovan,Rumania,0
1998,Fernando Morientes,fernando_morientes,España,1
1998,Ariel Ortega,ariel_ortega,Argentina,0
1998,Michael Owen,michael_owen,Inglaterra,0
1998,Ricardo Pelaez Linares,ricardo_pelaez_linares,México,0
1998,Emmanuel Petit,emmanuel_petit,Francia,0
1998,Robert Prosinecki,robert_prosinecki,Croacia,0
1998,Alan Shearer,alan_shearer,Inglaterra,0
1998,Lilian Thuram,lilian_thuram,Francia,0
1998,Theodore Whitmore,theodore_whitmore,Jamaica,0
1998,Marc Wilmots,marc_wilmots,Bélgica,0
1998,Zinedine Zidane,zinedine_zidane,Francia,0
1998,Mutiu Adepoju,mutiu_adepoju,Nigeria,0
1998,Sami Al Jaber,sami_al_jaber,Arabia Saudita,0
1998,Youssef Al Tunayan,youssef_al_tunayan,Arabia Saudita,0
1998,Darren Anderton,darren_anderton,Inglaterra,0
1998,Celso Ayala,celso_ayala,Paraguay,0
1998,Tijani Babangida,tijani_babangida,Nigeria,0
1998,David Beckham,david_beckham,Inglaterra,0
1998,Miguel Benitez,miguel_benitez,Paraguay,0
1998,Laurent Blanc,laurent_blanc,Francia,0
1998,Cuauhtemoc Blanco,cuauhtemoc_blanco,México,0
1998,Craig Burley,craig_burley,Escocia,0
1998,Jose Cardozo,jose_cardozo,Paraguay,0
1998,John Collins,john_collins,Escocia,0
1998,Edgar Davids,edgar_davids,Paises Bajos,0
1998,Luigi Di Biagio,luigi_di_biagio,Italia,0
1998,Youri Djorkaeff,youri_djorkaeff,Francia,0
1998,Christophe Dugarry,christophe_dugarry,Francia,0
1998,Robert Earle,robert_earle,Jamaica,0
1998,Dan Eggen,dan_eggen,Noruega,0
1998,Mustafa El Hadji,mustafa_el_hadji,Marruecos,0
1998,Hamid Estili,hamid_estili,Irán,0
1998,Havard Flo,havard_flo,Noruega,0
1998,Tore Andre Flo,tore_andre_flo,Noruega,0
1998,Alberto Garcia Aspe,alberto_garcia_aspe,México,0
1998,Seok Ju Ha,seok_ju_ha,Corea del Sur,0
1998,Thomas Helveg,thomas_helveg,Dinamarca,0
1998,Andreas Herzog,andreas_herzog,Austria,0
1998,Victor Ikpeba,victor_ikpeba,Nigeria,0
1998,Adrian Ilie,adrian_ilie,Rumania,0
1998,Robert Jarni,robert_jarni,Croacia,0
1998,Martin Jorgensen,martin_jorgensen,Dinamarca,0
1998,Kiko,kiko,España,0
1998,Emil Kostadinov,emil_kostadinov,Bulgaria,0
1998,Michael Laudrup,michael_laudrup,Dinamarca,0
1998,Bixente Lizarazu,bixente_lizarazu,Francia,0
1998,Claudio Lopez,claudio_lopez,Argentina,0
1998,Luis Enrique,luis_enrique,España,0
1998,Mehdi Mahdavikia,mehdi_mahdavikia,Irán,0
1998,Patrick Mboma,patrick_mboma,Camerún,0
1998,Brian Mcbride,brian_mcbride,Estados Unidos,0
1998,Benni Mccarthy,benni_mccarthy,Sudáfrica,0
1998,Sinisa Mihajlovic,sinisa_mihajlovic,RF de Yugoslavia,0
1998,Predrag Mijatovic,predrag_mijatovic,RF de Yugoslavia,0
1998,Andreas Moeller,andreas_moeller,Alemania,0
1998,Peter Moller,peter_moller,Dinamarca,0
1998,Masashi Nakayama,masashi_nakayama,Japón,0
1998,Allan Nielsen,allan_nielsen,Dinamarca,0
1998,Luc Nilis,luc_nilis,Bélgica,0
1998,Pierre Njanka,pierre_njanka,Camerún,0
1998,Sunday Oliseh,sunday_oliseh,Nigeria,0
1998,Wilson Oruma,wilson_oruma,Nigeria,1
1998,Marc Overmars,marc_overmars,Paises Bajos,0
1998,Dan Petrescu,dan_petrescu,Rumania,0
1998,Mauricio Pineda,mauricio_pineda,Argentina,0
1998,Toni Polster,toni_polster,Austria,0
1998,Leider Preciado,leider_preciado,Colombia,0
1998,Raul,raul,España,0
1998,Kjetil Rekdal,kjetil_rekdal,Noruega,0
1998,Marc Rieper,marc_rieper,Dinamarca,0
1998,Ebbe Sand,ebbe_sand,Dinamarca,0
1998,Paul Scholes,paul_scholes,Inglaterra,0
1998,Jose Sierra,jose_sierra,Chile,0
1998,Skander Souayah,skander_souayah,Túnez,0
1998,Mario Stanic,mario_stanic,Croacia,0
1998,Dragan Stojkovic,dragan_stojkovic,RF de Yugoslavia,0
1998,David Trezeguet,david_trezeguet,Francia,0
1998,Pierre Van Hooijdonk,pierre_van_hooijdonk,Paises Bajos,0
1998,Ivica Vastic,ivica_vastic,Austria,0
1998,Goran Vlaovic,goran_vlaovic,Croacia,0
1998,Sang Chul Yoo,sang_chul_yoo,Corea del Sur,0
1998,Javier Zanetti,javier_zanetti,Argentina,0
1998,Boudewijn Zenden,boudewijn_zenden,Paises Bajos,0
1994,Oleg Salenko,oleg_salenko,Rusia,2
1994,Hristo Stoichkov,hristo_stoichkov,Bulgaria,0
1994,Kennet Andersson,kennet_andersson,Suecia,0
1994,Roberto Baggio,roberto_baggio,Italia,0
1994,Juergen Klinsmann,juergen_klinsmann,Alemania,1
1994,Romario,romario,Brasil,0
1994,Gabriel Batistuta,gabriel_batistuta,Argentina,1
1994,Martin Dahlin,martin_dahlin,Suecia,0
1994,Florin Raducioiu,florin_raducioiu,Rumania,1
1994,Bebeto,bebeto,Brasil,0
1994,Dennis Bergkamp,dennis_bergkamp,Paises Bajos,0
1994,Tomas Brolin,tomas_brolin,Suecia,0
1994,Jose Luis Caminero,jose_luis_caminero,España,0
1994,Gheorghe Hagi,gheorghe_hagi,Rumania,0
1994,Philippe Albert,philippe_albert,Bélgica,0
1994,Fuad Amin,fuad_amin,Arabia Saudita,0
1994,Daniel Amokachi,daniel_amokachi,Nigeria,0
1994,Emmanuel Amunike,emmanuel_amunike,Nigeria,0
1994,Dino Baggio,dino_baggio,Italia,0
1994,Claudio Caniggia,claudio_caniggia,Argentina,0
1994,Ilie Dumitrescu,ilie_dumitrescu,Rumania,0
1994,Luis Garcia,luis_garcia_2,México,0
1994,Goikoetxea,goikoetxea_2,España,0
1994,Myung Bo Hong,myung_bo_hong,Corea del Sur,0
1994,Wim Jonk,wim_jonk,Paises Bajos,0
1994,Adrian Knup,adrian_knup,Suiza,0
1994,Iordan Letchkov,iordan_letchkov,Bulgaria,0
1994,Adolfo Valencia,adolfo_valencia,Colombia,0
1994,Rudi Voeller,rudi_voeller,Alemania,0
1994,Fahad Al Ghesheyan,fahad_al_ghesheyan,Arabia Saudita,0
1994,Sami Al Jaber,sami_al_jaber,Arabia Saudita,0
1994,Said Al Owayran,said_al_owayran,Arabia Saudita,0
1994,John Aldridge,john_aldridge,Irlanda,0
1994,Abel Balbo,abel_balbo,Argentina,0
1994,Txiki Beguiristain,txiki_beguiristain,España,1
1994,Marcelino Bernal,marcelino_bernal,México,0
1994,Daniel Borimirov,daniel_borimirov,Bulgaria,0
1994,Branco,branco,Brasil,0
1994,Georges Bregy,georges_bregy,Suiza,0
1994,Mohammed Chaouch,mohammed_chaouch,Marruecos,0
1994,Stephane Chapuisat,stephane_chapuisat,Suiza,0
1994,Marc De Grijse,marc_de_grijse,Bélgica,0
1994,David Embe,david_embe,Camerún,0
1994,Alberto Garcia Aspe,alberto_garcia_aspe,México,0
1994,Herman Gaviria,herman_gaviria,Colombia,0
1994,Finidi George,finidi_george,Nigeria,0
1994,Georges Grun,georges_grun,Bélgica,0
1994,Pep Guardiola,pep_guardiola,España,0
1994,Fernando Hierro,fernando_hierro,España,0
1994,Ray Houghton,ray_houghton,Irlanda,0
1994,Sun Hong Hwang,sun_hong_hwang,Corea del Sur,0
1994,Julio Salinas,julio_salinas,España,0
1994,Henrik Larsson,henrik_larsson,Suecia,0
1994,Roger Ljung,roger_ljung,Suecia,0
1994,John Lozano,john_lozano,Colombia,1
1994,Luis Enrique,luis_enrique,España,0
1994,Diego Maradona,diego_maradona,Argentina,0
1994,Marcio Santos,marcio_santos,Brasil,0
1994,Daniele Massaro,daniele_massaro,Italia,0
1994,Lothar Matthaeus,lothar_matthaeus,Alemania,0
1994,Hakan Mild,hakan_mild,Suecia,0
1994,Roger Milla,roger_milla,Camerún,0
1994,Hassan Nader,hassan_nader,Marruecos,1
1994,Francois Omam-Biyik,francois_omam_biyik,Camerún,0
1994,Dan Petrescu,dan_petrescu,Rumania,0
1994,Dmitri Radchenko,dmitri_radchenko,Rusia,0
1994,Rai,rai,Brasil,0
1994,Kjetil Rekdal,kjetil_rekdal,Noruega,0
1994,Karlheinz Riedle,karlheinz_riedle,Alemania,0
1994,Bryan Roy,bryan_roy,Paises Bajos,0
1994,Erwin Sanchez,erwin_sanchez,Bolivia,0
1994,Jung Won Seo,jung_won_seo,Corea del Sur,0
1994,Samson Siasia,samson_siasia,Nigeria,0
1994,Nasko Sirakov,nasko_sirakov,Bulgaria,0
1994,Earnie Stewart,earnie_stewart,Estados Unidos,0
1994,Alain Sutter,alain_sutter,Suiza,0
1994,Gaston Taument,gaston_taument,Paises Bajos,0
1994,Aron Winter,aron_winter,Paises Bajos,0
1994,Eric Wynalda,eric_wynalda,Estados Unidos,0
1994,Rasheed Yekini,rasheed_yekini,Nigeria,0
1990,Salvatore Schillaci,salvatore_schillaci,Italia,0
1990,Tomas Skuhravy,tomas_skuhravy,Checoslovaquia,1
1990,Gary Lineker,gary_lineker,Inglaterra,0
1990,Lothar Matthaeus,lothar_matthaeus,Alemania Occidental,0
1990,Michel,michel,España,1
1990,Roger Milla,roger_milla,Camerún,0
1990,Andreas Brehme,andreas_brehme,Alemania Occidental,0
1990,Juergen Klinsmann,juergen_klinsmann,Alemania Occidental,0
1990,David Platt,david_platt,Inglaterra,0
1990,Rudi Voeller,rudi_voeller,Alemania Occidental,0
1990,Roberto Baggio,roberto_baggio,Italia,0
1990,Gavril Balint,gavril_balint,Rumania,0
1990,Michal Bilek,michal_bilek,Checoslovaquia,0
1990,Claudio Caniggia,claudio_caniggia,Argentina,0
1990,Careca,careca,Brasil,0
1990,Davor Jozic,davor_jozic,Yugoslavia,0
1990,Marius Lacatus,marius_lacatus,Rumania,0
1990,Muller,muller,Brasil,0
1990,Darko Pancev,darko_pancev,Yugoslavia,0
1990,Bernardo Redin,bernardo_redin,Colombia,0
1990,Dragan Stojkovic,dragan_stojkovic,Yugoslavia,0
1990,Magdy Abedelghani,magdy_abedelghani,Egipto,0
1990,Uwe Bein,uwe_bein,Alemania Occidental,0
1990,Pablo Bengoechea,pablo_bengoechea,Uruguay,1
1990,Tomas Brolin,tomas_brolin,Suecia,0
1990,Jorge Burruchaga,jorge_burruchaga,Argentina,0
1990,Paul Caligiuri,paul_caligiuri,Estados Unidos,0
1990,Juan Cayasso,juan_cayasso,Costa Rica,0
1990,Jan Ceulemans,jan_ceulemans,Bélgica,0
1990,Leo Clijsters,leo_clijsters,Bélgica,0
1990,Marc De Grijse,marc_de_grijse,Bélgica,0
1990,Michel De Wolf,michel_de_wolf,Bélgica,0
1990,Igor Dobrovolskyi,igor_dobrovolskyi,URSS,0
1990,Eugene Ekeke,eugene_ekeke,Camerún,1
1990,Johnny Ekstrom,johnny_ekstrom,Suecia,0
1990,Roger Flores,roger_flores,Costa Rica,0
1990,Daniel Fonseca,daniel_fonseca,Uruguay,0
1990,Giuseppe Giannini,giuseppe_giannini,Italia,0
1990,Ronald Gonzalez,ronald_gonzalez,Costa Rica,0
1990,Alberto Gorriz,alberto_gorriz,España,0
1990,Ruud Gullit,ruud_gullit,Paises Bajos,0
1990,Ivan Hasek,ivan_hasek,Checoslovaquia,0
1990,Bo Kwan Hwang,bo_kwan_hwang,Corea del Sur,0
1990,Mo Johnston,mo_johnston,Escocia,0
1990,Julio Salinas,julio_salinas,España,0
1990,Ali Thani Jumaa,ali_thani_jumaa,Emiratos Arabes,0
1990,Khalid Ismail,khalid_ismail,Emiratos Arabes,0
1990,Wim Kieft,wim_kieft,Paises Bajos,0
1990,Ronald Koeman,ronald_koeman,Paises Bajos,0
1990,Lubos Kubik,lubos_kubik,Checoslovaquia,0
1990,Emmanuel Kunde,emmanuel_kunde,Camerún,0
1990,Pierre Littbarski,pierre_littbarski,Alemania Occidental,0
1990,Milan Luhovy,milan_luhovy,Checoslovaquia,1
1990,Stuart Mccall,stuart_mccall,Escocia,0
1990,Hernan Medford,hernan_medford,Costa Rica,0
1990,Pedro Monzon,pedro_monzon,Argentina,0
1990,Bruce Murray,bruce_murray,Estados Unidos,0
1990,Andeas Ogris,andeas_ogris,Austria,0
1990,Francois Omam-Biyik,francois_omam_biyik,Camerún,0
1990,Robert Prosinecki,robert_prosinecki,Yugoslavia,0
1990,Oleg Protasov,oleg_protasov,URSS,0
1990,Niall Quinn,niall_quinn,Irlanda,0
1990,Freddy Rincon,freddy_rincon,Colombia,0
1990,Gerhard Rodax,gerhard_rodax,Austria,0
1990,Enzo Scifo,enzo_scifo,Bélgica,0
1990,Aldo Serena,aldo_serena,Italia,0
1990,Kevin Sheedy,kevin_sheedy,Irlanda,0
1990,Glenn Stromberg,glenn_stromberg,Suecia,0
1990,Safet Susic,safet_susic,Yugoslavia,0
1990,Pedro Troglio,pedro_troglio,Argentina,0
1990,Carlos Valderrama,carlos_valderrama,Colombia,0
1990,Patrick Vervoort,patrick_vervoort,Bélgica,0
1990,Mark Wright,mark_wright,Inglaterra,0
1990,Aleksandr Zavarov,aleksandr_zavarov,URSS,0
1990,Andrei Zygmantovich,andrei_zygmantovich,URSS,0
1986,Gary Lineker,gary_lineker,Inglaterra,1
1986,Emilio Butragueño,emilio_butragueno,España,1
1986,Careca,careca,Brasil,1
1986,Diego Maradona,diego_maradona,Argentina,0
1986,Alessandro Altobelli,alessandro_altobelli,Italia,1
1986,Igor Belanov,igor_belanov,URSS,1
1986,Preben Elkjaer Larsen,preben_elkjaer_larsen,Dinamarca,1
1986,Jorge Valdano,jorge_valdano,Argentina,0
1986,Jan Ceulemans,jan_ceulemans,Bélgica,0
1986,Nico Claesen,nico_claesen,Bélgica,0
1986,Jesper Olsen,jesper_olsen,Dinamarca,0
1986,Rudi Voeller,rudi_voeller,Alemania Occidental,0
1986,Klaus Allofs,klaus_allofs,Alemania Occidental,0
1986,Jorge Burruchaga,jorge_burruchaga,Argentina,0
1986,Roberto Cabañas,roberto_cabanas,Paraguay,0
1986,Ramon Maria Caldere,ramon_maria_caldere,España,0
1986,Josimar,josimar,Brasil,0
1986,Abdelrazzak Khairi,abdelrazzak_khairi,Marruecos,0
1986,Jean-Pierre Papin,jean_pierre_papin,Francia,0
1986,Michel Platini,michel_platini,Francia,0
1986,Fernando Quirarte,fernando_quirarte,México,0
1986,Julio Cesar Romero,julio_cesar_romero,Paraguay,0
1986,Enzo Scifo,enzo_scifo,Bélgica,0
1986,Socrates,socrates,Brasil,0
1986,Yannick Stopyra,yannick_stopyra,Francia,0
1986,Sergei Aleinikov,sergei_aleinikov,URSS,0
1986,Antonio Alzamendi,antonio_alzamendi,Uruguay,0
1986,Manuel Amoros,manuel_amoros,Francia,0
1986,Peter Beardsley,peter_beardsley,Inglaterra,0
1986,Oleg Blokhin,oleg_blokhin,URSS,0
1986,Andreas Brehme,andreas_brehme,Alemania Occidental,0
1986,Jose Brown,jose_brown,Argentina,0
1986,Carlos Manuel,carlos_manuel,Portugal,0
1986,Soon Ho Choi,soon_ho_choi,Corea del Sur,0
1986,Colin Clarke,colin_clarke,Irlanda del Norte,0
1986,Stephane Demol,stephane_demol,Bélgica,0
1986,Lajos Detari,lajos_detari,Hungría,0
1986,Diamantino,diamantino,Portugal,0
1986,Edinho,edinho,Brasil,0
1986,Eloy,eloy,España,0
1986,John Eriksen,john_eriksen,Dinamarca,0
1986,Marton Esterhazy,marton_esterhazy,Hungría,0
1986,Luis Fernandez,luis_fernandez,Francia,0
1986,Jean-Marc Ferreri,jean_marc_ferreri,Francia,0
1986,Luis Flores,luis_flores,México,0
1986,Enzo Francescoli,enzo_francescoli,Uruguay,0
1986,Bernard Genghini,bernard_genghini,Francia,1
1986,Plamen Getov,plamen_getov,Bulgaria,0
1986,Goikoetxea,goikoetxea,España,0
1986,Jung Moo Huh,jung_moo_huh,Corea del Sur,0
1986,Julio Salinas,julio_salinas,España,0
1986,Jong Boo Kim,jong_boo_kim,Corea del Sur,0
1986,Abdelkarim Krimau,abdelkarim_krimau,Marruecos,0
1986,Michael Laudrup,michael_laudrup,Dinamarca,0
1986,Soren Lerby,soren_lerby,Dinamarca,0
1986,Lothar Matthaeus,lothar_matthaeus,Alemania Occidental,0
1986,Manuel Negrete,manuel_negrete,México,0
1986,Chang Sun Park,chang_sun_park,Corea del Sur,0
1986,Pedro Pasculli,pedro_pasculli,Argentina,0
1986,Ahmed Radhi,ahmed_radhi,Iraq,0
1986,Vasili Rats,vasili_rats,URSS,0
1986,Dominique Rocheteau,dominique_rocheteau,Francia,0
1986,Sergei Rodionov,sergei_rodionov,URSS,0
1986,Oscar Ruggeri,oscar_ruggeri,Argentina,0
1986,Karl-Heinz Rummenigge,karl_heinz_rummenigge,Alemania Occidental,0
1986,Hugo Sánchez,hugo_sanchez,México,0
1986,Juan Antonio Senor,juan_antonio_senor,España,0
1986,Raul Servin,raul_servin,México,0
1986,Nasko Sirakov,nasko_sirakov,Bulgaria,0
1986,Wlodimierz Smolarek,wlodimierz_smolarek,Polonia,0
1986,Gordon Strachan,gordon_strachan,Escocia,0
1986,Jean Tigana,jean_tigana,Francia,0
1986,Erwin Vandenbergh,erwin_vandenbergh,Bélgica,1
1986,Frank Vercauteren,frank_vercauteren,Bélgica,0
1986,Daniel Veyt,daniel_veyt,Bélgica,0
1986,Norman Whiteside,norman_whiteside,Irlanda del Norte,0
1986,Pavel Yakovenko,pavel_yakovenko,URSS,0
1986,Ivan Yaremchuk,ivan_yaremchuk,URSS,0
1986,Aleksandr Zavarov,aleksandr_zavarov,URSS,0
1986,Djamel Zidane,djamel_zidane,Argelia,0
1982,Paolo Rossi,paolo_rossi,Italia,0
1982,Karl-Heinz Rummenigge,karl_heinz_rummenigge,Alemania Occidental,0
1982,Zbigniew Boniek,zbigniew_boniek,Polonia,0
1982,Zico,zico,Brasil,0
1982,Gerry Armstrong,gerry_armstrong,Irlanda del Norte,0
1982,Falcao,falcao,Brasil,0
1982,Alain Giresse,alain_giresse,Francia,0
1982,Laszlo Kiss,laszlo_kiss,Hungría,1
1982,Salah Assad,salah_assad,Argelia,0
1982,Daniel Bertoni,daniel_bertoni,Argentina,0
1982,Eder,eder,Brasil,0
1982,Laszlo Fazekas,laszlo_fazekas,Hungría,0
1982,Klaus Fischer,klaus_fischer,Alemania Occidental,0
1982,Trevor Francis,trevor_francis,Inglaterra,0
1982,Bernard Genghini,bernard_genghini,Francia,0
1982,Billy Hamilton,billy_hamilton,Irlanda del Norte,0
1982,Pierre Littbarski,pierre_littbarski,Alemania Occidental,0
1982,Diego Maradona,diego_maradona,Argentina,0
1982,Tibor Nyilasi,tibor_nyilasi,Hungría,0
1982,Antonin Panenka,antonin_panenka,Checoslovaquia,1
1982,Daniel Passarella,daniel_passarella,Argentina,0
1982,Michel Platini,michel_platini,Francia,0
1982,Gabor Poloskei,gabor_poloskei,Hungría,0
1982,Bryan Robson,bryan_robson,Inglaterra,0
1982,Dominique Rocheteau,dominique_rocheteau,Francia,0
1982,Walter Schachner,walter_schachner,Austria,0
1982,Serginho,serginho,Brasil,0
1982,Didier Six,didier_six,Francia,0
1982,Socrates,socrates,Brasil,0
1982,Marco Tardelli,marco_tardelli,Italia,0
1982,John Wark,john_wark,Escocia,0
1982,Abdulaziz Al Balushi,abdulaziz_al_balushi,Kuwait,0
1982,Faisal Al Dakhil,faisal_al_dakhil,Kuwait,0
1982,Alessandro Altobelli,alessandro_altobelli,Italia,0
1982,Steve Archibald,steve_archibald,Escocia,0
1982,Osvaldo Ardiles,osvaldo_ardiles,Argentina,0
1982,Andrei Bal,andrei_bal,URSS,0
1982,Sergei Baltacha,sergei_baltacha,URSS,0
1982,Lakhdar Belloumi,lakhdar_belloumi,Argelia,0
1982,Tedj Bensaoula,tedj_bensaoula,Argelia,0
1982,Oleg Blokhin,oleg_blokhin,URSS,0
1982,Maxime Bossis,maxime_bossis,Francia,0
1982,Paul Breitner,paul_breitner,Alemania Occidental,0
1982,Andrzej Buncol,andrzej_buncol,Polonia,0
1982,Antonio Cabrini,antonio_cabrini,Italia,0
1982,Aleksandr Chivadze,aleksandr_chivadze,URSS,0
1982,Wlodzimierz Ciolek,wlodzimierz_ciolek,Polonia,0
1982,Ludo Coeck,ludo_coeck,Bélgica,0
1982,Bruno Conti,bruno_conti,Italia,0
1982,Alain Couriol,alain_couriol,Francia,0
1982,Alex Czerniatynski,alex_czerniatynski,Bélgica,0
1982,Kenny Dalglish,kenny_dalglish,Escocia,0
1982,Ramon Diaz,ramon_diaz,Argentina,0
1982,Ruben Diaz,ruben_diaz,Perú,0
1982,Yuri Gavrilov,yuri_gavrilov,URSS,0
1982,Rene Girard,rene_girard,Francia,0
1982,Francesco Graziani,francesco_graziani,Italia,0
1982,Ivan Gudelj,ivan_gudelj,Yugoslavia,0
1982,Reinhold Hintermaier,reinhold_hintermaier,Austria,0
1982,Horst Hrubesch,horst_hrubesch,Alemania Occidental,0
1982,Joe Jordan,joe_jordan,Escocia,1
1982,Juanito,juanito_2,España,0
1982,Junior,junior,Brasil,0
1982,Hans Krankl,hans_krankl,Austria,0
1982,Janusz Kupcewicz,janusz_kupcewicz,Polonia,0
1982,Guillermo La Rosa,guillermo_la_rosa,Perú,0
1982,Eduardo Laing,eduardo_laing,Honduras,0
1982,Grzegorz Lato,grzegorz_lato,Polonia,0
1982,Juan Letelier,juan_letelier,Chile,0
1982,Lopez Ufarte,lopez_ufarte,España,0
1982,Rabah Madjer,rabah_madjer,Argelia,0
1982,Stefan Majewski,stefan_majewski,Polonia,0
1982,Paul Mariner,paul_mariner,Inglaterra,0
1982,Gregoire Mbida,gregoire_mbida,Camerún,0
1982,Gustavo Moscoso,gustavo_moscoso,Chile,0
1982,David Narey,david_narey,Escocia,0
1982,Miguel Neira,miguel_neira,Chile,0
1982,Khoren Oganesian,khoren_oganesian,URSS,0
1982,Oscar,oscar,Brasil,0
1982,Vladimir Petrovic,vladimir_petrovic,Yugoslavia,0
1982,Bruno Pezzey,bruno_pezzey,Austria,0
1982,Luis Ramirez,luis_ramirez,El Salvador,0
1982,Uwe Reinders,uwe_reinders,Alemania Occidental,0
1982,John Robertson,john_robertson,Escocia,0
1982,Enrique Saura,enrique_saura,España,0
1982,Ramaz Shengelia,ramaz_shengelia,URSS,0
1982,Wlodimierz Smolarek,wlodimierz_smolarek,Polonia,0
1982,Gerard Soler,gerard_soler,Francia,0
1982,Graeme Souness,graeme_souness,Escocia,0
1982,Steve Sumner,steve_sumner,Nueva Zelanda,0
1982,Andrzej Szarmach,andrzej_szarmach,Polonia,0
1982,Lazar Szentes,lazar_szentes,Hungría,0
1982,Jozsef Toth,jozsef_toth_2,Hungría,0
1982,Marius Tresor,marius_tresor,Francia,0
1982,Erwin Vandenbergh,erwin_vandenbergh,Bélgica,0
1982,Jozsef Varga,jozsef_varga,Hungría,0
1982,Steve Wooddin,steve_wooddin,Nueva Zelanda,0
1982,Jesus Zamora,jesus_zamora,España,0
1982,Hector Zelaya,hector_zelaya,Honduras,0
1978,Mario Kempes,mario_kempes,Argentina,0
1978,Teofilo Cubillas,teofilo_cubillas,Perú,0
1978,Rob Rensenbrink,rob_rensenbrink,Paises Bajos,0
1978,Hans Krankl,hans_krankl,Austria,0
1978,Leopoldo Luque,leopoldo_luque,Argentina,0
1978,Dirceu,dirceu,Brasil,0
1978,Johnny Rep,johnny_rep,Paises Bajos,0
1978,Roberto Dinamite,roberto_dinamite,Brasil,0
1978,Paolo Rossi,paolo_rossi,Italia,0
1978,Karl-Heinz Rummenigge,karl_heinz_rummenigge,Alemania Occidental,0
1978,Daniel Bertoni,daniel_bertoni,Argentina,0
1978,Roberto Bettega,roberto_bettega,Italia,0
1978,Zbigniew Boniek,zbigniew_boniek,Polonia,0
1978,Ernie Brandts,ernie_brandts,Paises Bajos,0
1978,Heinz Flohe,heinz_flohe,Alemania Occidental,0
1978,Archie Gemmill,archie_gemmill,Escocia,0
1978,Arie Haan,arie_haan,Paises Bajos,0
1978,Grzegorz Lato,grzegorz_lato,Polonia,0
1978,Dieter Mueller,dieter_mueller,Alemania Occidental,0
1978,Nelinho,nelinho,Brasil,0
1978,Ruediger Abramczik,ruediger_abramczik,Alemania Occidental,0
1978,Juan Manuel Asensi,juan_manuel_asensi,España,0
1978,Romeo Benetti,romeo_benetti,Italia,0
1978,Marc Berdoll,marc_berdoll,Francia,0
1978,Franco Causio,franco_causio,Italia,0
1978,Karoly Csapo,karoly_csapo,Hungría,0
1978,Cesar Cueto,cesar_cueto,Perú,0
1978,Kenny Dalglish,kenny_dalglish,Escocia,0
1978,Iraj Danayfar,iraj_danayfar,Irán,0
1978,Dani,dani,España,1
1978,Kazimierz Deyna,kazimierz_deyna,Polonia,0
1978,Mokhtar Douieb,mokhtar_douieb,Túnez,0
1978,Nejib Ghommidh,nejib_ghommidh,Túnez,0
1978,Bernd Hoelzenbein,bernd_hoelzenbein,Alemania Occidental,0
1978,Rene Houseman,rene_houseman,Argentina,0
1978,Joe Jordan,joe_jordan,Escocia,0
1978,Ali Kaabi,ali_kaabi,Túnez,0
1978,Bernard Lacombe,bernard_lacombe,Francia,0
1978,Christian Lopez,christian_lopez,Francia,0
1978,Hansi Mueller,hansi_mueller,Alemania Occidental,0
1978,Dick Nanninga,dick_nanninga,Paises Bajos,0
1978,Erich Obermayer,erich_obermayer,Austria,0
1978,Daniel Passarella,daniel_passarella,Argentina,0
1978,Michel Platini,michel_platini,Francia,0
1978,Victor Rangel,victor_rangel,México,0
1978,Reinaldo,reinaldo,Brasil,0
1978,Dominique Rocheteau,dominique_rocheteau,Francia,0
1978,Hassan Rowshan,hassan_rowshan,Irán,0
1978,Walter Schachner,walter_schachner,Austria,0
1978,Thomas Sjoberg,thomas_sjoberg,Suecia,0
1978,Andrzej Szarmach,andrzej_szarmach,Polonia,0
1978,Alberto Tarantini,alberto_tarantini,Argentina,0
1978,Andras Toth,andras_toth,Hungría,1
1978,Rene Van De Kerkhof,rene_van_de_kerkhof,Paises Bajos,0
1978,Willy Van De Kerkhof,willy_van_de_kerkhof,Paises Bajos,0
1978,Arturo Vasquez,arturo_vasquez,México,0
1978,Jose Velasquez,jose_velasquez,Perú,0
1978,Renato Zaccarelli,renato_zaccarelli,Italia,0
1978,Zico,zico,Brasil,0
1978,Sandor Zombori,sandor_zombori,Hungría,0
1974,Grzegorz Lato,grzegorz_lato,Polonia,1
1974,Johan Neeskens,johan_neeskens,Paises Bajos,0
1974,Andrzej Szarmach,andrzej_szarmach,Polonia,0
1974,Ralf Edstrom,ralf_edstrom,Suecia,0
1974,Gerd Mueller,gerd_mueller,Alemania Occidental,0
1974,Johnny Rep,johnny_rep,Paises Bajos,0
1974,Dusan Bajevic,dusan_bajevic,Yugoslavia,1
1974,Paul Breitner,paul_breitner,Alemania Occidental,0
1974,Johan Cruyff,johan_cruyff,Paises Bajos,0
1974,Kazimierz Deyna,kazimierz_deyna,Polonia,0
1974,Rene Houseman,rene_houseman,Argentina,0
1974,Rivelino,rivelino,Brasil,0
1974,Jairzinho,jairzinho,Brasil,0
1974,Joe Jordan,joe_jordan,Escocia,0
1974,Stanislav Karasi,stanislav_karasi,Yugoslavia,0
1974,Wolfgang Overath,wolfgang_overath,Alemania Occidental,0
1974,Roland Sandberg,roland_sandberg,Suecia,0
1974,Emmanuel Sanon,emmanuel_sanon,Haití,0
1974,Joachim Streich,joachim_streich,Alemania Oriental,0
1974,Ivica Surjak,ivica_surjak,Yugoslavia,0
1974,Hector Yazalde,hector_yazalde,Argentina,0
1974,Sergio Ahumada,sergio_ahumada,Chile,0
1974,Pietro Anastasi,pietro_anastasi,Italia,0
1974,Ruben Ayala,ruben_ayala,Argentina,0
1974,Carlos Babington,carlos_babington,Argentina,0
1974,Romeo Benetti,romeo_benetti,Italia,0
1974,Vladislav Bogicevic,vladislav_bogicevic,Yugoslavia,0
1974,Hristo Bonev,hristo_bonev,Bulgaria,0
1974,Rainer Bonhof,rainer_bonhof,Alemania Occidental,0
1974,Miguel Brindisi,miguel_brindisi,Argentina,0
1974,Fabio Capello,fabio_capello,Italia,0
1974,Bernd Cullmann,bernd_cullmann,Alemania Occidental,0
1974,Theo De Jong,theo_de_jong,Paises Bajos,0
1974,Dragan Dzajic,dragan_dzajic,Yugoslavia,0
1974,Jerzy Gorgon,jerzy_gorgon,Polonia,0
1974,Juergen Grabowski,juergen_grabowski,Alemania Occidental,0
1974,Ramon Heredia,ramon_heredia,Argentina,0
1974,Uli Hoeness,uli_hoeness,Alemania Occidental,0
1974,Martin Hoffmann,martin_hoffmann,Alemania Oriental,0
1974,Josip Katalinski,josip_katalinski,Yugoslavia,0
1974,Ruud Krol,ruud_krol,Paises Bajos,0
1974,Peter Lorimer,peter_lorimer,Escocia,0
1974,Branko Oblak,branko_oblak,Yugoslavia,0
1974,Ricardo Pavoni,ricardo_pavoni,Uruguay,0
1974,Ilija Petkovic,ilija_petkovic,Yugoslavia,0
1974,Rob Rensenbrink,rob_rensenbrink,Paises Bajos,0
1974,Gianni Rivera,gianni_rivera,Italia,0
1974,Juergen Sparwasser,juergen_sparwasser,Alemania Oriental,0
1974,Conny Torstensson,conny_torstensson,Suecia,0
1974,Valdomiro,valdomiro,Brasil,0
1966,Eusebio,eusebio,Portugal,1
1966,Helmut Haller,helmut_haller,Alemania Occidental,1
1966,Franz Beckenbauer,franz_beckenbauer,Alemania Occidental,0
1966,Ferenc Bene,ferenc_bene,Hungría,1
1966,Geoff Hurst,geoff_hurst,Inglaterra,1
1966,Valeriy Porkuyan,valeriy_porkuyan,URSS,1
1966,Luis Artime,luis_artime,Argentina,0
1966,Bobby Charlton,bobby_charlton,Inglaterra,0
1966,Roger Hunt,roger_hunt,Inglaterra,0
1966,Jose Augusto,jose_augusto,Portugal,0
1966,Eduard Malofeyev,eduard_malofeyev,URSS,0
1966,Jose Torres,jose_torres,Portugal,0
1966,Igor Chislenko,igor_chislenko,URSS,0
1966,Ruben Marcos,ruben_marcos,Chile,0
1966,Kalman Meszoly,kalman_meszoly,Hungría,0
1966,Seung Zin Pak,seung_zin_pak,Corea del Norte,0
1966,Uwe Seeler,uwe_seeler,Alemania Occidental,0
1966,Amancio,amancio,España,0
1966,Georgi Asparukhov,georgi_asparukhov,Bulgaria,0
1966,Anatoli Banishevski,anatoli_banishevski,URSS,0
1966,Paolo Barison,paolo_barison,Italia,0
1966,Enrique Borja,enrique_borja,México,0
1966,Julio Cortes,julio_cortes,Uruguay,0
1966,Hector De Bourgoing,hector_de_bourgoing,Francia,1
1966,Lothar Emmerich,lothar_emmerich,Alemania Occidental,0
1966,Janos Farkas,janos_farkas,Hungría,0
1966,Jose Maria Fuste,jose_maria_fuste,España,1
1966,Garrincha,garrincha,Brasil,0
1966,Gerard Hausser,gerard_hausser,Francia,0
1966,Sigi Held,sigi_held,Alemania Occidental,0
1966,Dong Woon Li,dong_woon_li,Corea del Norte,0
1966,Sandro Mazzola,sandro_mazzola,Italia,0
1966,Ermindo Onega,ermindo_onega,Argentina,0
1966,Doo Ik Pak,doo_ik_pak,Corea del Norte,0
1966,Pelé,pele,Brasil,0
1966,Martin Peters,martin_peters,Inglaterra,0
1966,Pirri,pirri,España,0
1966,Rene Quentin,rene_quentin,Suiza,0
1966,Rildo,rildo,Brasil,1
1966,Pedro Rocha,pedro_rocha,Uruguay,0
1966,Manuel Sanchis,manuel_sanchis,España,0
1966,Simoes,simoes,Portugal,0
1966,Tostao,tostao,Brasil,1
1966,Wolfgang Weber,wolfgang_weber,Alemania Occidental,0
1966,Seung Kook Yang,seung_kook_yang,Corea del Norte,0
1962,Florian Albert,florian_albert,Hungría,1
1962,Garrincha,garrincha,Brasil,0
1962,Valentin Ivanov,valentin_ivanov,URSS,1
1962,Drazen Jerkovic,drazen_jerkovic,Yugoslavia,0
1962,Leonel Sanchez,leonel_sanchez,Chile,0
1962,Vava,vava,Brasil,0
1962,Amarildo,amarildo,Brasil,0
1962,Milan Galic,milan_galic,Yugoslavia,0
1962,Adolf Scherer,adolf_scherer,Checoslovaquia,0
1962,Lajos Tichy,lajos_tichy,Hungría,0
1962,Giacomo Bulgarelli,giacomo_bulgarelli,Italia,2
1962,Igor Chislenko,igor_chislenko,URSS,0
1962,Ron Flowers,ron_flowers,Inglaterra,0
1962,Viktor Ponedelnik,viktor_ponedelnik,URSS,0
1962,Jaime Ramirez,jaime_ramirez,Chile,0
1962,Eladio Rojas,eladio_rojas,Chile,0
1962,Jose Sasia,jose_sasia,Uruguay,0
1962,Uwe Seeler,uwe_seeler,Alemania Occidental,0
1962,Jorge Toro,jorge_toro,Chile,0
1962,German Aceros,german_aceros,Colombia,0
1962,Adelardo,adelardo,España,1
1962,Albert Bruells,albert_bruells,Alemania Occidental,0
1962,Angel Cabrera,angel_cabrera,Uruguay,0
1962,Bobby Charlton,bobby_charlton,Inglaterra,0
1962,Marcos Coll,marcos_coll,Colombia,0
1962,Luis Cubilla,luis_cubilla,Uruguay,0
1962,Alfredo Del Aguila,alfredo_del_aguila,México,0
1962,Isidoro Diaz,isidoro_diaz,México,0
1962,Hector Facundo,hector_facundo,Argentina,0
1962,Jimmy Greaves,jimmy_greaves,Inglaterra,0
1962,Hector Hernandez,hector_hernandez,México,0
1962,Gerry Hitchens,gerry_hitchens,Inglaterra,0
1962,Josef Kadraba,josef_kadraba,Checoslovaquia,0
1962,Marino Klinger,marino_klinger,Colombia,0
1962,Aleksei Mamykin,aleksei_mamykin,URSS,0
1962,Vaclav Masek,vaclav_masek,Checoslovaquia,1
1962,Josef Masopust,josef_masopust,Checoslovaquia,0
1962,Vojislav Melic,vojislav_melic,Yugoslavia,0
1962,Bruno Mora,bruno_mora,Italia,0
1962,Joaquin Peiro,joaquin_peiro,España,0
1962,Pelé,pele,Brasil,0
1962,Antonio Rada,antonio_rada,Colombia,0
1962,Petar Radakovic,petar_radakovic,Yugoslavia,0
1962,Jose Sanfilippo,jose_sanfilippo,Argentina,0
1962,Heinz Schneiter,heinz_schneiter,Suiza,0
1962,Josip Skoblar,josip_skoblar,Yugoslavia,0
1962,Georgi Sokolov,georgi_sokolov,Bulgaria,0
1962,Erno Solymosi,erno_solymosi,Hungría,0
1962,Josef Stibranyi,josef_stibranyi,Checoslovaquia,0
1962,Horst Szymaniak,horst_szymaniak,Alemania Occidental,0
1962,Rolf Wuethrich,rolf_wuethrich,Suiza,0
1962,Zagallo,zagallo,Brasil,0
1962,Zito,zito,Brasil,0
1962,Francisco Zuluaga,francisco_zuluaga,Colombia,1
1958,Just Fontaine,just_fontaine,Francia,2
1958,Pelé,pele,Brasil,1
1958,Helmut Rahn,helmut_rahn,Alemania Occidental,1
1958,Peter Mcparland,peter_mcparland,Irlanda del Norte,1
1958,Vava,vava,Brasil,1
1958,Kurt Hamrin,kurt_hamrin,Suecia,0
1958,Agne Simonsson,agne_simonsson,Suecia,0
1958,Lajos Tichy,lajos_tichy,Hungría,1
1958,Zdenek Zikan,zdenek_zikan,Checoslovaquia,1
1958,Omar Oreste Corbatta,omar_oreste_corbatta,Argentina,1
1958,Raymond Kopa,raymond_kopa,Francia,0
1958,Roger Piantoni,roger_piantoni,Francia,0
1958,Hans Schaefer,hans_schaefer,Alemania Occidental,0
1958,Toza Veselinovic,toza_veselinovic,Yugoslavia,0
1958,Juan Aguero,juan_aguero,Paraguay,0
1958,Ivor Allchurch,ivor_allchurch,Gales,0
1958,Jose Altafini,jose_altafini,Brasil,0
1958,Florencio Amarilla,florencio_amarilla,Paraguay,0
1958,Milan Dvorak,milan_dvorak,Checoslovaquia,0
1958,Vaclav Hovorka,vaclav_hovorka,Checoslovaquia,0
1958,Anatoli Ilyin,anatoli_ilyin,URSS,0
1958,Derek Kevan,derek_kevan,Inglaterra,0
1958,Nils Liedholm,nils_liedholm,Suecia,0
1958,Jose Parodi,jose_parodi,Paraguay,0
1958,Aleksandar Petakovic,aleksandar_petakovic,Yugoslavia,0
1958,Jorge Romero,jorge_romero,Paraguay,0
1958,Uwe Seeler,uwe_seeler,Alemania Occidental,0
1958,Maryan Wisnieski,maryan_wisnieski,Francia,0
1958,Ludovico Avio,ludovico_avio,Argentina,0
1958,Sammy Baird,sammy_baird,Escocia,1
1958,Jaime Belmonte,jaime_belmonte,México,0
1958,Jozsef Bencsis,jozsef_bencsis,Hungría,0
1958,Jozsef Bozsik,jozsef_bozsik,Hungría,0
1958,John Charles,john_charles,Gales,0
1958,Hans Ciesclarczyk,hans_ciesclarczyk,Alemania Occidental,0
1958,Bobby Collins,bobby_collins,Escocia,0
1958,Wilbur Cush,wilbur_cush,Irlanda del Norte,0
1958,Didi,didi,Brasil,0
1958,Yvon Douis,yvon_douis,Francia,1
1958,Jiri Feureisl,jiri_feureisl,Checoslovaquia,0
1958,Tom Finney,tom_finney,Inglaterra,1
1958,Gunnar Gren,gunnar_gren,Suecia,0
1958,John Haynes,john_haynes,Inglaterra,0
1958,Aleksandr Ivanov,aleksandr_ivanov,URSS,0
1958,Valentin Ivanov,valentin_ivanov,URSS,0
1958,Alfred Koerner,alfred_koerner,Austria,0
1958,Karl Koller,karl_koller,Austria,0
1958,Terry Medwin,terry_medwin,Gales,0
1958,Norberto Menendez,norberto_menendez,Argentina,0
1958,Jackie Mudie,jackie_mudie,Escocia,0
1958,Jimmy Murray,jimmy_murray,Escocia,0
1958,Nilton Santos,nilton_santos,Brasil,0
1958,Radivoje Ognjanovic,radivoje_ognjanovic,Yugoslavia,0
1958,Zdravko Rajkov,zdravko_rajkov,Yugoslavia,0
1958,Cayetano Re,cayetano_re,Paraguay,0
1958,Karoly Sandor,karoly_sandor,Hungría,0
1958,Nikita Simonyan,nikita_simonyan,URSS,0
1958,Lennart Skoglund,lennart_skoglund,Suecia,0
1958,Jean Vincent,jean_vincent,Francia,0
1958,Zagallo,zagallo,Brasil,0
1954,Sandor Kocsis,sandor_kocsis,Hungría,2
1954,Sepp Huegi,sepp_huegi,Suiza,2
1954,Max Morlock,max_morlock,Alemania Occidental,1
1954,Erich Probst,erich_probst,Austria,1
1954,Robert Ballaman,robert_ballaman,Suiza,1
1954,Carlos Borges,carlos_borges,Uruguay,0
1954,Nandor Hidegkuti,nandor_hidegkuti,Hungría,1
1954,Ferenc Puskas,ferenc_puskas,Hungría,1
1954,Helmut Rahn,helmut_rahn,Alemania Occidental,1
1954,Hans Schaefer,hans_schaefer,Alemania Occidental,0
1954,Ottmar Walter,ottmar_walter,Alemania Occidental,0
1954,Leopold Anoul,leopold_anoul,Bélgica,1
1954,Sargun Burhan,sargun_burhan,Turquía,1
1954,Zoltan Czibor,zoltan_czibor,Hungría,0
1954,Juan Hohberg,juan_hohberg,Uruguay,1
1954,Nat Lofthouse,nat_lofthouse,Inglaterra,1
1954,Oscar Miguez,oscar_miguez,Uruguay,1
1954,Ernst Stojaspal,ernst_stojaspal,Austria,0
1954,Mamat Suat,mamat_suat,Turquía,1
1954,Theodor Wagner,theodor_wagner,Austria,0
1954,Fritz Walter,fritz_walter,Alemania Occidental,0
1954,Julio Abbadie,julio_abbadie,Uruguay,0
1954,Ivor Broadis,ivor_broadis,Inglaterra,0
1954,Didi,didi,Brasil,0
1954,Julinho,julinho,Brasil,0
1954,Robert Koerner,robert_koerner,Austria,0
1954,Lefter Kucukandonyadis,lefter_kucukandonyadis,Turquía,0
1954,Mihaly Lantos,mihaly_lantos,Hungría,0
1954,Ernst Ocwirk,ernst_ocwirk,Austria,0
1954,Peter Palotas,peter_palotas,Hungría,1
1954,Pinga,pinga,Brasil,1
1954,Juan Schiaffino,juan_schiaffino,Uruguay,0
1954,Javier Ambrois,javier_ambrois,Uruguay,0
1954,Tomas Balcazar,tomas_balcazar,México,0
1954,Baltazar,baltazar,Brasil,0
1954,Giampiero Boniperti,giampiero_boniperti,Italia,1
1954,Rik Coppens,rik_coppens,Bélgica,0
1954,Djalma Santos,djalma_santos,Brasil,0
1954,Mustafa Erton,mustafa_erton,Turquía,0
1954,Jackie Fatton,jackie_fatton,Suiza,0
1954,Tom Finney,tom_finney,Inglaterra,0
1954,Amleto Frignani,amleto_frignani,Italia,0
1954,Carlo Galli,carlo_galli,Italia,0
1954,Richard Herrmann,richard_herrmann,Alemania Occidental,1
1954,Erol Keskin,erol_keskin,Turquía,0
1954,Berni Klodt,berni_klodt,Alemania Occidental,0
1954,Raymond Kopa,raymond_kopa,Francia,0
1954,Jose Lamadrid,jose_lamadrid,México,0
1954,Benito Lorenzi,benito_lorenzi,Italia,0
1954,Milos Milutinovic,milos_milutinovic,Yugoslavia,0
1954,Jimmy Mullen,jimmy_mullen,Inglaterra,1
1954,Fulvio Nesti,fulvio_nesti,Italia,0
1954,Egisto Pandolfini,egisto_pandolfini,Italia,0
1954,Alfred Pfaff,alfred_pfaff,Alemania Occidental,1
1954,Jozsef Toth,jozsef_toth,Hungría,0
1954,Obdulio Varela,obdulio_varela,Uruguay,0
1954,Jean Vincent,jean_vincent,Francia,0
1954,Dennis Wilshaw,dennis_wilshaw,Inglaterra,0
1954,Branko Zebec,branko_zebec,Yugoslavia,0
1950,Ademir,ademir,Brasil,1
1950,Oscar Miguez,oscar_miguez,Uruguay,1
1950,Estanislao Basora,estanislao_basora,España,0
1950,Chico,chico,Brasil,1
1950,Alcides Ghiggia,alcides_ghiggia,Uruguay,1
1950,Zarra,zarra,España,0
1950,Karl-Erik Palmer,karl_erik_palmer,Suecia,0
1950,Juan Schiaffino,juan_schiaffino,Uruguay,0
1950,Stig Sundqvist,stig_sundqvist,Suecia,0
1950,Sune Andersson,sune_andersson,Suecia,0
1950,Baltazar,baltazar,Brasil,1
1950,Zeljko Cajkovski,zeljko_cajkovski,Yugoslavia,0
1950,Riccardo Carapellese,riccardo_carapellese,Italia,1
1950,Atilio Cremaschi,atilio_cremaschi,Chile,0
1950,Jackie Fatton,jackie_fatton,Suiza,0
1950,Silvestre Igoa,silvestre_igoa,España,0
1950,Jair,jair,Brasil,0
1950,Hans Jeppsson,hans_jeppsson,Suecia,0
1950,Kosta Tomasevic,kosta_tomasevic,Yugoslavia,0
1950,Zizinho,zizinho,Brasil,0
1950,Alfredo Ii,alfredo_ii,Brasil,1
1950,Kiki Antenen,kiki_antenen,Suiza,0
1950,Rene Bader,rene_bader,Suiza,0
1950,Stjepan Bobek,stjepan_bobek,Yugoslavia,0
1950,Horacio Casarin,horacio_casarin,México,0
1950,Friaca,friaca,Brasil,0
1950,Joe Gaetjens,joe_gaetjens,Estados Unidos,0
1950,Atilio Lopez,atilio_lopez,Paraguay,0
1950,Cesar Lopez Fretes,cesar_lopez_fretes,Paraguay,0
1950,Joe Maca,joe_maca,Estados Unidos,0
1950,Maneca,maneca,Brasil,0
1950,Wilf Mannion,wilf_mannion,Inglaterra,0
1950,Bror Mellberg,bror_mellberg,Suecia,0
1950,Rajko Mitic,rajko_mitic,Yugoslavia,0
1950,Stan Mortensen,stan_mortensen,Inglaterra,0
1950,Ermes Muccinelli,ermes_muccinelli,Italia,0
1950,Tihomir Ognjanov,tihomir_ognjanov,Yugoslavia,1
1950,Hector Ortiz,hector_ortiz,México,0
1950,Egisto Pandolfini,egisto_pandolfini,Italia,1
1950,Gino Pariani,gino_pariani,Estados Unidos,0
1950,Julio Perez,julio_perez,Uruguay,0
1950,Andres Prieto,andres_prieto,Chile,0
1950,Fernando Riera,fernando_riera,Chile,1
1950,Jorge Robledo,jorge_robledo,Chile,0
1950,Obdulio Varela,obdulio_varela,Uruguay,0
1950,Ernesto Vidal,ernesto_vidal,Uruguay,0
1950,Frank Wallace,frank_wallace,Estados Unidos,0
1938,Leonidas,leonidas,Brasil,1
1938,Silvio Piola,silvio_piola,Italia,1
1938,Gyorgy Sarosi,gyorgy_sarosi,Hungría,1
1938,Gyula Zsengeller,gyula_zsengeller,Hungría,1
1938,Gino Colaussi,gino_colaussi,Italia,1
1938,Ernest Wilimowski,ernest_wilimowski,Polonia,4
1938,Andre Abegglen,andre_abegglen,Suiza,1
1938,Tore Keller,tore_keller,Suecia,1
1938,Arne Nyberg,arne_nyberg,Suecia,1
1938,Peracio,peracio,Brasil,0
1938,Romeu,romeu,Brasil,0
1938,Hector Socorro,hector_socorro,Cuba,1
1938,Gustav Wetterstrom,gustav_wetterstrom,Suecia,1
1938,Stefan Dobay,stefan_dobay,Rumania,1
1938,Oldrich Nejedly,oldrich_nejedly,Checoslovaquia,1
1938,Jean Nicolas,jean_nicolas,Francia,1
1938,Harry Andersson,harry_andersson,Suecia,0
1938,Iuliu Baratky,iuliu_baratky,Rumania,0
1938,Fredy Bickel,fredy_bickel,Suiza,0
1938,Silviu Bindea,silviu_bindea,Rumania,1
1938,Arne Brustad,arne_brustad,Noruega,1
1938,Tomas Fernandez,tomas_fernandez,Cuba,0
1938,Pietro Ferraris,pietro_ferraris,Italia,1
1938,Josef Gauchel,josef_gauchel,Alemania,1
1938,Wilhelm Hahnemann,wilhelm_hahnemann,Alemania,0
1938,Oscar Heisserer,oscar_heisserer,Francia,0
1938,Henri Isemborghs,henri_isemborghs,Bélgica,1
1938,Sven Jonasson,sven_jonasson,Suecia,0
1938,Vilmos Kohut,vilmos_kohut,Hungría,0
1938,Vlastimil Kopecky,vlastimil_kopecky,Checoslovaquia,0
1938,Josef Kostalek,josef_kostalek,Checoslovaquia,0
1938,Jose Magrina,jose_magrina,Cuba,0
1938,Giuseppe Meazza,giuseppe_meazza,Italia,0
1938,Roberto,roberto_3,Brasil,0
1938,Ferenc Sas,ferenc_sas,Hungría,0
1938,Fryedryk Szerfke,fryedryk_szerfke,Polonia,1
1938,Pal Titkos,pal_titkos,Hungría,0
1938,Geza Toldi,geza_toldi,Hungría,0
1938,Emile Veinante,emile_veinante,Francia,0
1938,Eugen Walachek,eugen_walachek,Suiza,0
1938,Josef Zeman,josef_zeman,Checoslovaquia,1
1934,Oldrich Nejedly,oldrich_nejedly,Checoslovaquia,1
1934,Edmund Conen,edmund_conen,Alemania,1
1934,Angelo Schiavio,angelo_schiavio,Italia,1
1934,Leopold Kielholz,leopold_kielholz,Suiza,1
1934,Raimundo Orsi,raimundo_orsi,Italia,0
1934,Abdulrahman Fawzi,abdulrahman_fawzi,Egipto,2
1934,Giovanni Ferrari,giovanni_ferrari,Italia,0
1934,Karl Hohmann,karl_hohmann,Alemania,1
1934,Johann Horvath,johann_horvath,Austria,1
1934,Iraragorri,iraragorri,España,1
1934,Sven Jonasson,sven_jonasson,Suecia,1
1934,Ernest Lehner,ernest_lehner,Alemania,0
1934,Giuseppe Meazza,giuseppe_meazza,Italia,0
1934,Antonin Puc,antonin_puc,Checoslovaquia,0
1934,Frantisek Svoboda,frantisek_svoboda,Checoslovaquia,0
1934,Geza Toldi,geza_toldi,Hungría,1
1934,Bernard Voorhoof,bernard_voorhoof,Bélgica,2
1934,Andre Abegglen,andre_abegglen,Suiza,0
1934,Ernesto Belis,ernesto_belis,Argentina,1
1934,Josef Bican,josef_bican,Austria,0
1934,Stefan Dobay,stefan_dobay,Rumania,1
1934,Aldo Donelli,aldo_donelli,Estados Unidos,1
1934,Gosta Dunker,gosta_dunker,Suecia,0
1934,Alberto Galateo,alberto_galateo,Argentina,1
1934,Enrique Guaita,enrique_guaita,Italia,0
1934,Willy Jaeggi,willy_jaeggi,Suiza,1
1934,Stanislaus Kobierski,stanislaus_kobierski,Alemania,0
1934,Knut Kroon,knut_kroon,Suecia,0
1934,Isidro Langara,isidro_langara,España,0
1934,Leonidas,leonidas,Brasil,1
1934,Jean Nicolas,jean_nicolas,Francia,1
1934,Rudolf Noack,rudolf_noack,Alemania,1
1934,Luis Regueiro,luis_regueiro_2,España,0
1934,Gyorgy Sarosi,gyorgy_sarosi,Hungría,1
1934,Toni Schall,toni_schall,Austria,0
1934,Karl Sesta,karl_sesta,Austria,0
1934,Otto Siffling,otto_siffling,Alemania,0
1934,Matthias Sindelar,matthias_sindelar,Austria,0
1934,Kick Smit,kick_smit,Paises Bajos,1
1934,Pal Teleki,pal_teleki,Hungría,1
1934,Leen Vente,leen_vente,Paises Bajos,1
1934,Georges Verriest,georges_verriest,Francia,1
1934,Jeno Vincze,jeno_vincze,Hungría,1
1934,Karl Zischek,karl_zischek,Austria,0
1930,Guillermo Stabile,guillermo_stabile,Argentina,2
1930,Pedro Cea,pedro_cea,Uruguay,1
1930,Bert Patenaude,bert_patenaude,Estados Unidos,1
1930,Juan Anselmo,juan_anselmo,Uruguay,1
1930,Ivica Bek,ivica_bek,Yugoslavia,1
1930,Carlos Peucelle,carlos_peucelle,Argentina,0
1930,Preguinho,preguinho,Brasil,1
1930,Hector Castro,hector_castro,Uruguay,1
1930,Pablo Dorado,pablo_dorado,Uruguay,0
1930,Victoriano Iriarte,victoriano_iriarte,Uruguay,0
1930,Andre Maschinot,andre_maschinot,Francia,1
1930,Moderato,moderato,Brasil,2
1930,Luis Monti,luis_monti,Argentina,0
1930,Manuel Rosas,manuel_rosas,México,0
1930,Guillermo Subiabre,guillermo_subiabre,Chile,0
1930,Carlos Vidal,carlos_vidal,Chile,0
1930,Adolfo Zumelzu,adolfo_zumelzu,Argentina,2
1930,Jim Brown,jim_brown,Estados Unidos,0
1930,Juan Carreno,juan_carreno,México,0
1930,Adalbert Desu,adalbert_desu,Rumania,0
1930,Mario Evaristo,mario_evaristo,Argentina,0
1930,Tom Florie,tom_florie,Estados Unidos,0
1930,Roberto Gayon,roberto_gayon,México,0
1930,Nicolae Kovacs,nicolae_kovacs,Rumania,0
1930,Marcel Langiller,marcel_langiller,Francia,0
1930,Lucien Laurent,lucien_laurent,Francia,0
1930,Blagoje Marjanovic,blagoje_marjanovic,Yugoslavia,0
1930,Bart Mcghee,bart_mcghee,Estados Unidos,0
1930,Hector Scarone,hector_scarone,Uruguay,0
1930,Alejandro Scopelli,alejandro_scopelli,Argentina,1
1930,Branislav Sekulic,branislav_sekulic,Yugoslavia,0
1930,Luis Souza,luis_souza,Perú,0
1930,Constantin Stanciu,constantin_stanciu,Rumania,1
1930,Aleksandar Tirnanic,aleksandar_tirnanic,Yugoslavia,0
1930,Francisco Varallo,francisco_varallo,Argentina,0
1930,Luis Vargas Pena,luis_vargas_pena,Paraguay,0
1930,Djordje Vujadinovic,djordje_vujadinovic,Yugoslavia,0
