anio,fecha,etapa,local,visitante,resultado,slug,tiempo_extra,penales,resultado_penales
2022,20-Nov-2022,"1ra Ronda, Grupo A",Catar,Ecuador,0 - 2,2022_catar_ecuador,False,False,
2022,21-Nov-2022,"1ra Ronda, Grupo B",Inglaterra,Irán,6 - 2,2022_inglaterra_iran,False,False,
2022,21-Nov-2022,"1ra Ronda, Grupo A",Senegal,Paises Bajos,0 - 2,2022_senegal_holanda,False,False,
2022,21-Nov-2022,"1ra Ronda, Grupo B",Estados Unidos,Gales,1 - 1,2022_estados_unidos_gales,False,False,
2022,22-Nov-2022,"1ra Ronda, Grupo C",Argentina,Arabia Saudita,1 - 2,2022_argentina_arabia_saudita,False,False,
2022,22-Nov-2022,"1ra Ronda, Grupo D",Dinamarca,Túnez,0 - 0,2022_dinamarca_tunez,False,False,
2022,22-Nov-2022,"1ra Ronda, Grupo C",México,Polonia,0 - 0,2022_mexico_polonia,False,False,
2022,22-Nov-2022,"1ra Ronda, Grupo D",Francia,Australia,4 - 1,2022_francia_australia,False,False,
2022,23-Nov-2022,"1ra Ronda, Grupo F",Marruecos,Croacia,0 - 0,2022_marruecos_croacia,False,False,
2022,23-Nov-2022,"1ra Ronda, Grupo E",Alemania,Japón,1 - 2,2022_alemania_japon,False,False,
2022,23-Nov-2022,"1ra Ronda, Grupo E",España,Costa Rica,7 - 0,2022_espana_costa_rica,False,False,
2022,23-Nov-2022,"1ra Ronda, Grupo F",Bélgica,Canadá,1 - 0,2022_belgica_canada,False,False,
2022,24-Nov-2022,"1ra Ronda, Grupo G",Suiza,Camerún,1 - 0,2022_suiza_camerun,False,False,
2022,24-Nov-2022,"1ra Ronda, Grupo H",Uruguay,Corea del Sur,0 - 0,2022_uruguay_corea_del_sur,False,False,
2022,24-Nov-2022,"1ra Ronda, Grupo H",Portugal,Ghana,3 - 2,2022_portugal_ghana,False,False,
2022,24-Nov-2022,"1ra Ronda, Grupo G",Brasil,Serbia,2 - 0,2022_brasil_serbia,False,False,
2022,25-Nov-2022,"1ra Ronda, Grupo B",Gales,Irán,0 - 2,2022_gales_iran,False,False,
2022,25-Nov-2022,"1ra Ronda, Grupo A",Catar,Senegal,1 - 3,2022_catar_senegal,False,False,
2022,25-Nov-2022,"1ra Ronda, Grupo A",Paises Bajos,Ecuador,1 - 1,2022_holanda_ecuador,False,False,
2022,25-Nov-2022,"1ra Ronda, Grupo B",Inglaterra,Estados Unidos,0 - 0,2022_inglaterra_estados_unidos,False,False,
2022,26-Nov-2022,"1ra Ronda, Grupo D",Túnez,Australia,0 - 1,2022_tunez_australia,False,False,
2022,26-Nov-2022,"1ra Ronda, Grupo C",Polonia,Arabia Saudita,2 - 0,2022_polonia_arabia_saudita,False,False,
2022,26-Nov-2022,"1ra Ronda, Grupo D",Francia,Dinamarca,2 - 1,2022_francia_dinamarca,False,False,
2022,26-Nov-2022,"1ra Ronda, Grupo C",Argentina,México,2 - 0,2022_argentina_mexico,False,False,
2022,27-Nov-2022,"1ra Ronda, Grupo E",Japón,Costa Rica,0 - 1,2022_japon_costa_rica,False,False,
2022,27-Nov-2022,"1ra Ronda, Grupo F",Bélgica,Marruecos,0 - 2,2022_belgica_marruecos,False,False,
2022,27-Nov-2022,"1ra Ronda, Grupo F",Croacia,Canadá,4 - 1,2022_croacia_canada,False,False,
2022,27-Nov-2022,"1ra Ronda, Grupo E",España,Alemania,1 - 1,2022_espana_alemania,False,False,
2022,28-Nov-2022,"1ra Ronda, Grupo G",Camerún,Serbia,3 - 3,2022_camerun_serbia,False,False,
2022,28-Nov-2022,"1ra Ronda, Grupo H",Corea del Sur,Ghana,2 - 3,2022_corea_del_sur_ghana,False,False,
2022,28-Nov-2022,"1ra Ronda, Grupo G",Brasil,Suiza,1 - 0,2022_brasil_suiza,False,False,
2022,28-Nov-2022,"1ra Ronda, Grupo H",Portugal,Uruguay,2 - 0,2022_portugal_uruguay,False,False,
2022,29-Nov-2022,"1ra Ronda, Grupo A",Paises Bajos,Catar,2 - 0,2022_holanda_catar,False,False,
2022,29-Nov-2022,"1ra Ronda, Grupo A",Ecuador,Senegal,1 - 2,2022_ecuador_senegal,False,False,
2022,29-Nov-2022,"1ra Ronda, Grupo B",Gales,Inglaterra,0 - 3,2022_gales_inglaterra,False,False,
2022,29-Nov-2022,"1ra Ronda, Grupo B",Irán,Estados Unidos,0 - 1,2022_iran_estados_unidos,False,False,
2022,30-Nov-2022,"1ra Ronda, Grupo D",Australia,Dinamarca,1 - 0,2022_australia_dinamarca,False,False,
2022,30-Nov-2022,"1ra Ronda, Grupo D",Túnez,Francia,1 - 0,2022_tunez_francia,False,False,
2022,30-Nov-2022,"1ra Ronda, Grupo C",Arabia Saudita,México,1 - 2,2022_arabia_saudita_mexico,False,False,
2022,30-Nov-2022,"1ra Ronda, Grupo C",Polonia,Argentina,0 - 2,2022_polonia_argentina,False,False,
2022,01-Dec-2022,"1ra Ronda, Grupo F",Croacia,Bélgica,0 - 0,2022_croacia_belgica,False,False,
2022,01-Dec-2022,"1ra Ronda, Grupo F",Canadá,Marruecos,1 - 2,2022_canada_marruecos,False,False,
2022,01-Dec-2022,"1ra Ronda, Grupo E",Japón,España,2 - 1,2022_japon_espana,False,False,
2022,01-Dec-2022,"1ra Ronda, Grupo E",Costa Rica,Alemania,2 - 4,2022_costa_rica_alemania,False,False,
2022,02-Dec-2022,"1ra Ronda, Grupo H",Ghana,Uruguay,0 - 2,2022_ghana_uruguay,False,False,
2022,02-Dec-2022,"1ra Ronda, Grupo H",Corea del Sur,Portugal,2 - 1,2022_corea_del_sur_portugal,False,False,
2022,02-Dec-2022,"1ra Ronda, Grupo G",Serbia,Suiza,2 - 3,2022_serbia_suiza,False,False,
2022,02-Dec-2022,"1ra Ronda, Grupo G",Camerún,Brasil,1 - 0,2022_camerun_brasil,False,False,
2022,03-Dec-2022,Octavos,Paises Bajos,Estados Unidos,3 - 1,2022_holanda_estados_unidos,False,False,
2022,03-Dec-2022,Octavos,Argentina,Australia,2 - 1,2022_argentina_australia,False,False,
2022,04-Dec-2022,Octavos,Inglaterra,Senegal,3 - 0,2022_inglaterra_senegal,False,False,
2022,04-Dec-2022,Octavos,Francia,Polonia,3 - 1,2022_francia_polonia,False,False,
2022,05-Dec-2022,Octavos,Japón,Croacia,1 - 1,2022_japon_croacia,True,True,2026 - 2022
2022,05-Dec-2022,Octavos,Brasil,Corea del Sur,4 - 1,2022_brasil_corea_del_sur,False,False,
2022,06-Dec-2022,Octavos,Marruecos,España,0 - 0,2022_marruecos_espana,True,True,2026 - 2022
2022,06-Dec-2022,Octavos,Portugal,Suiza,6 - 1,2022_portugal_suiza,False,False,
2022,09-Dec-2022,Cuartos,Paises Bajos,Argentina,2 - 2,2022_holanda_argentina,True,True,2026 - 2022
2022,09-Dec-2022,Cuartos,Croacia,Brasil,1 - 1,2022_croacia_brasil,True,True,2026 - 2022
2022,10-Dec-2022,Cuartos,Inglaterra,Francia,1 - 2,2022_inglaterra_francia,False,False,
2022,10-Dec-2022,Cuartos,Marruecos,Portugal,1 - 0,2022_marruecos_portugal,False,False,
2022,13-Dec-2022,Semis,Argentina,Croacia,3 - 0,2022_argentina_croacia,False,False,
2022,14-Dec-2022,Semis,Francia,Marruecos,2 - 0,2022_francia_marruecos,False,False,
2022,17-Dec-2022,3er Puesto,Croacia,Marruecos,2 - 1,2022_croacia_marruecos,False,False,
2022,18-Dec-2022,Final,Argentina,Francia,3 - 3,2022_argentina_francia,True,True,2026 - 2022
2018,14-Jun-2018,"1ra Ronda, Grupo A",Rusia,Arabia Saudita,5 - 0,2018_rusia_arabia_saudita,False,False,
2018,15-Jun-2018,"1ra Ronda, Grupo A",Egipto,Uruguay,0 - 1,2018_egipto_uruguay,False,False,
2018,15-Jun-2018,"1ra Ronda, Grupo B",Portugal,España,3 - 3,2018_portugal_espana,False,False,
2018,15-Jun-2018,"1ra Ronda, Grupo B",Marruecos,Irán,0 - 1,2018_marruecos_iran,False,False,
2018,16-Jun-2018,"1ra Ronda, Grupo C",Francia,Australia,2 - 1,2018_francia_australia,False,False,
2018,16-Jun-2018,"1ra Ronda, Grupo C",Perú,Dinamarca,0 - 1,2018_peru_dinamarca,False,False,
2018,16-Jun-2018,"1ra Ronda, Grupo D",Argentina,Islandia,1 - 1,2018_argentina_islandia,False,False,
2018,16-Jun-2018,"1ra Ronda, Grupo D",Croacia,Nigeria,2 - 0,2018_croacia_nigeria,False,False,
2018,17-Jun-2018,"1ra Ronda, Grupo E",Brasil,Suiza,1 - 1,2018_brasil_suiza,False,False,
2018,17-Jun-2018,"1ra Ronda, Grupo E",Costa Rica,Serbia,0 - 1,2018_costa_rica_serbia,False,False,
2018,17-Jun-2018,"1ra Ronda, Grupo F",Alemania,México,0 - 1,2018_alemania_mexico,False,False,
2018,18-Jun-2018,"1ra Ronda, Grupo F",Suecia,Corea del Sur,1 - 0,2018_suecia_corea_del_sur,False,False,
2018,18-Jun-2018,"1ra Ronda, Grupo G",Bélgica,Panamá,3 - 0,2018_belgica_panama,False,False,
2018,18-Jun-2018,"1ra Ronda, Grupo G",Túnez,Inglaterra,1 - 2,2018_tunez_inglaterra,False,False,
2018,19-Jun-2018,"1ra Ronda, Grupo H",Polonia,Senegal,1 - 2,2018_polonia_senegal,False,False,
2018,19-Jun-2018,"1ra Ronda, Grupo H",Colombia,Japón,1 - 2,2018_colombia_japon,False,False,
2018,19-Jun-2018,"1ra Ronda, Grupo A",Rusia,Egipto,3 - 1,2018_rusia_egipto,False,False,
2018,20-Jun-2018,"1ra Ronda, Grupo A",Uruguay,Arabia Saudita,1 - 0,2018_uruguay_arabia_saudita,False,False,
2018,20-Jun-2018,"1ra Ronda, Grupo B",Portugal,Marruecos,1 - 0,2018_portugal_marruecos,False,False,
2018,20-Jun-2018,"1ra Ronda, Grupo B",Irán,España,0 - 1,2018_iran_espana,False,False,
2018,21-Jun-2018,"1ra Ronda, Grupo C",Francia,Perú,1 - 0,2018_francia_peru,False,False,
2018,21-Jun-2018,"1ra Ronda, Grupo C",Dinamarca,Australia,1 - 1,2018_dinamarca_australia,False,False,
2018,21-Jun-2018,"1ra Ronda, Grupo D",Argentina,Croacia,0 - 3,2018_argentina_croacia,False,False,
2018,22-Jun-2018,"1ra Ronda, Grupo D",Nigeria,Islandia,2 - 0,2018_nigeria_islandia,False,False,
2018,22-Jun-2018,"1ra Ronda, Grupo E",Brasil,Costa Rica,2 - 0,2018_brasil_costa_rica,False,False,
2018,22-Jun-2018,"1ra Ronda, Grupo E",Serbia,Suiza,1 - 2,2018_serbia_suiza,False,False,
2018,23-Jun-2018,"1ra Ronda, Grupo F",Alemania,Suecia,2 - 1,2018_alemania_suecia,False,False,
2018,23-Jun-2018,"1ra Ronda, Grupo F",Corea del Sur,México,1 - 2,2018_corea_del_sur_mexico,False,False,
2018,23-Jun-2018,"1ra Ronda, Grupo G",Bélgica,Túnez,5 - 2,2018_belgica_tunez,False,False,
2018,24-Jun-2018,"1ra Ronda, Grupo G",Inglaterra,Panamá,6 - 1,2018_inglaterra_panama,False,False,
2018,24-Jun-2018,"1ra Ronda, Grupo H",Polonia,Colombia,0 - 3,2018_polonia_colombia,False,False,
2018,24-Jun-2018,"1ra Ronda, Grupo H",Japón,Senegal,2 - 2,2018_japon_senegal,False,False,
2018,25-Jun-2018,"1ra Ronda, Grupo A",Uruguay,Rusia,3 - 0,2018_uruguay_rusia,False,False,
2018,25-Jun-2018,"1ra Ronda, Grupo A",Arabia Saudita,Egipto,2 - 1,2018_arabia_saudita_egipto,False,False,
2018,25-Jun-2018,"1ra Ronda, Grupo B",Irán,Portugal,1 - 1,2018_iran_portugal,False,False,
2018,25-Jun-2018,"1ra Ronda, Grupo B",España,Marruecos,2 - 2,2018_espana_marruecos,False,False,
2018,26-Jun-2018,"1ra Ronda, Grupo C",Dinamarca,Francia,0 - 0,2018_dinamarca_francia,False,False,
2018,26-Jun-2018,"1ra Ronda, Grupo C",Australia,Perú,0 - 2,2018_australia_peru,False,False,
2018,26-Jun-2018,"1ra Ronda, Grupo D",Nigeria,Argentina,1 - 2,2018_nigeria_argentina,False,False,
2018,26-Jun-2018,"1ra Ronda, Grupo D",Islandia,Croacia,1 - 2,2018_islandia_croacia,False,False,
2018,27-Jun-2018,"1ra Ronda, Grupo E",Serbia,Brasil,0 - 2,2018_serbia_brasil,False,False,
2018,27-Jun-2018,"1ra Ronda, Grupo E",Suiza,Costa Rica,2 - 2,2018_suiza_costa_rica,False,False,
2018,27-Jun-2018,"1ra Ronda, Grupo F",Corea del Sur,Alemania,2 - 0,2018_corea_del_sur_alemania,False,False,
2018,27-Jun-2018,"1ra Ronda, Grupo F",México,Suecia,0 - 3,2018_mexico_suecia,False,False,
2018,28-Jun-2018,"1ra Ronda, Grupo G",Inglaterra,Bélgica,0 - 1,2018_inglaterra_belgica,False,False,
2018,28-Jun-2018,"1ra Ronda, Grupo G",Panamá,Túnez,1 - 2,2018_panama_tunez,False,False,
2018,28-Jun-2018,"1ra Ronda, Grupo H",Japón,Polonia,0 - 1,2018_japon_polonia,False,False,
2018,28-Jun-2018,"1ra Ronda, Grupo H",Senegal,Colombia,0 - 1,2018_senegal_colombia,False,False,
2018,30-Jun-2018,Octavos,Uruguay,Portugal,2 - 1,2018_uruguay_portugal,False,False,
2018,30-Jun-2018,Octavos,Francia,Argentina,4 - 3,2018_francia_argentina,False,False,
2018,01-Jul-2018,Octavos,España,Rusia,1 - 1,2018_espana_rusia,True,True,2026 - 2022
2018,01-Jul-2018,Octavos,Croacia,Dinamarca,1 - 1,2018_croacia_dinamarca,True,True,2026 - 2022
2018,02-Jul-2018,Octavos,Brasil,México,2 - 0,2018_brasil_mexico,False,False,
2018,02-Jul-2018,Octavos,Bélgica,Japón,3 - 2,2018_belgica_japon,False,False,
2018,03-Jul-2018,Octavos,Suecia,Suiza,1 - 0,2018_suecia_suiza,False,False,
2018,03-Jul-2018,Octavos,Colombia,Inglaterra,1 - 1,2018_colombia_inglaterra,True,True,2026 - 2022
2018,06-Jul-2018,Cuartos,Uruguay,Francia,0 - 2,2018_uruguay_francia,False,False,
2018,06-Jul-2018,Cuartos,Brasil,Bélgica,1 - 2,2018_brasil_belgica,False,False,
2018,07-Jul-2018,Cuartos,Rusia,Croacia,2 - 2,2018_rusia_croacia,True,True,2026 - 2022
2018,07-Jul-2018,Cuartos,Suecia,Inglaterra,0 - 2,2018_suecia_inglaterra,False,False,
2018,10-Jul-2018,Semis,Francia,Bélgica,1 - 0,2018_francia_belgica,False,False,
2018,11-Jul-2018,Semis,Croacia,Inglaterra,2 - 1,2018_croacia_inglaterra,True,False,
2018,14-Jul-2018,3er Puesto,Bélgica,Inglaterra,2 - 0,2018_belgica_inglaterra,False,False,
2018,15-Jul-2018,Final,Francia,Croacia,4 - 2,2018_francia_croacia,False,False,
2014,12-Jun-2014,"1ra Ronda, Grupo A",Brasil,Croacia,3 - 1,2014_brasil_croacia,False,False,
2014,13-Jun-2014,"1ra Ronda, Grupo A",México,Camerún,1 - 0,2014_mexico_camerun,False,False,
2014,13-Jun-2014,"1ra Ronda, Grupo B",España,Paises Bajos,1 - 5,2014_espana_holanda,False,False,
2014,13-Jun-2014,"1ra Ronda, Grupo B",Chile,Australia,3 - 1,2014_chile_australia,False,False,
2014,14-Jun-2014,"1ra Ronda, Grupo C",Colombia,Grecia,3 - 0,2014_colombia_grecia,False,False,
2014,14-Jun-2014,"1ra Ronda, Grupo C",Costa de Marfil,Japón,2 - 1,2014_costa_de_marfil_japon,False,False,
2014,14-Jun-2014,"1ra Ronda, Grupo D",Uruguay,Costa Rica,1 - 3,2014_uruguay_costa_rica,False,False,
2014,14-Jun-2014,"1ra Ronda, Grupo D",Inglaterra,Italia,1 - 2,2014_inglaterra_italia,False,False,
2014,15-Jun-2014,"1ra Ronda, Grupo E",Suiza,Ecuador,2 - 1,2014_suiza_ecuador,False,False,
2014,15-Jun-2014,"1ra Ronda, Grupo E",Francia,Honduras,3 - 0,2014_francia_honduras,False,False,
2014,15-Jun-2014,"1ra Ronda, Grupo F",Argentina,Bosnia-Herzegovina,2 - 1,2014_argentina_bosnia_herzegovina,False,False,
2014,16-Jun-2014,"1ra Ronda, Grupo F",Irán,Nigeria,0 - 0,2014_iran_nigeria,False,False,
2014,16-Jun-2014,"1ra Ronda, Grupo G",Alemania,Portugal,4 - 0,2014_alemania_portugal,False,False,
2014,16-Jun-2014,"1ra Ronda, Grupo G",Ghana,Estados Unidos,1 - 2,2014_ghana_estados_unidos,False,False,
2014,17-Jun-2014,"1ra Ronda, Grupo H",Bélgica,Argelia,2 - 1,2014_belgica_argelia,False,False,
2014,17-Jun-2014,"1ra Ronda, Grupo H",Rusia,Corea del Sur,1 - 1,2014_rusia_corea_del_sur,False,False,
2014,17-Jun-2014,"1ra Ronda, Grupo A",Brasil,México,0 - 0,2014_brasil_mexico,False,False,
2014,18-Jun-2014,"1ra Ronda, Grupo A",Camerún,Croacia,0 - 4,2014_camerun_croacia,False,False,
2014,18-Jun-2014,"1ra Ronda, Grupo B",España,Chile,0 - 2,2014_espana_chile,False,False,
2014,18-Jun-2014,"1ra Ronda, Grupo B",Australia,Paises Bajos,2 - 3,2014_australia_holanda,False,False,
2014,19-Jun-2014,"1ra Ronda, Grupo C",Colombia,Costa de Marfil,2 - 1,2014_colombia_costa_de_marfil,False,False,
2014,19-Jun-2014,"1ra Ronda, Grupo C",Japón,Grecia,0 - 0,2014_japon_grecia,False,False,
2014,19-Jun-2014,"1ra Ronda, Grupo D",Uruguay,Inglaterra,2 - 1,2014_uruguay_inglaterra,False,False,
2014,20-Jun-2014,"1ra Ronda, Grupo D",Italia,Costa Rica,0 - 1,2014_italia_costa_rica,False,False,
2014,20-Jun-2014,"1ra Ronda, Grupo E",Suiza,Francia,2 - 5,2014_suiza_francia,False,False,
2014,20-Jun-2014,"1ra Ronda, Grupo E",Honduras,Ecuador,1 - 2,2014_honduras_ecuador,False,False,
2014,21-Jun-2014,"1ra Ronda, Grupo F",Argentina,Irán,1 - 0,2014_argentina_iran,False,False,
2014,21-Jun-2014,"1ra Ronda, Grupo F",Nigeria,Bosnia-Herzegovina,1 - 0,2014_nigeria_bosnia_herzegovina,False,False,
2014,21-Jun-2014,"1ra Ronda, Grupo G",Alemania,Ghana,2 - 2,2014_alemania_ghana,False,False,
2014,22-Jun-2014,"1ra Ronda, Grupo G",Estados Unidos,Portugal,2 - 2,2014_estados_unidos_portugal,False,False,
2014,22-Jun-2014,"1ra Ronda, Grupo H",Bélgica,Rusia,1 - 0,2014_belgica_rusia,False,False,
2014,22-Jun-2014,"1ra Ronda, Grupo H",Corea del Sur,Argelia,2 - 4,2014_corea_del_sur_argelia,False,False,
2014,23-Jun-2014,"1ra Ronda, Grupo A",Camerún,Brasil,1 - 4,2014_camerun_brasil,False,False,
2014,23-Jun-2014,"1ra Ronda, Grupo A",Croacia,México,1 - 3,2014_croacia_mexico,False,False,
2014,23-Jun-2014,"1ra Ronda, Grupo B",Australia,España,0 - 3,2014_australia_espana,False,False,
2014,23-Jun-2014,"1ra Ronda, Grupo B",Paises Bajos,Chile,2 - 0,2014_holanda_chile,False,False,
2014,24-Jun-2014,"1ra Ronda, Grupo C",Japón,Colombia,1 - 4,2014_japon_colombia,False,False,
2014,24-Jun-2014,"1ra Ronda, Grupo C",Grecia,Costa de Marfil,2 - 1,2014_grecia_costa_de_marfil,False,False,
2014,24-Jun-2014,"1ra Ronda, Grupo D",Italia,Uruguay,0 - 1,2014_italia_uruguay,False,False,
2014,24-Jun-2014,"1ra Ronda, Grupo D",Costa Rica,Inglaterra,0 - 0,2014_costa_rica_inglaterra,False,False,
2014,25-Jun-2014,"1ra Ronda, Grupo E",Honduras,Suiza,0 - 3,2014_honduras_suiza,False,False,
2014,25-Jun-2014,"1ra Ronda, Grupo E",Ecuador,Francia,0 - 0,2014_ecuador_francia,False,False,
2014,25-Jun-2014,"1ra Ronda, Grupo F",Nigeria,Argentina,2 - 3,2014_nigeria_argentina,False,False,
2014,25-Jun-2014,"1ra Ronda, Grupo F",Bosnia-Herzegovina,Irán,3 - 1,2014_bosnia_herzegovina_iran,False,False,
2014,26-Jun-2014,"1ra Ronda, Grupo G",Estados Unidos,Alemania,0 - 1,2014_estados_unidos_alemania,False,False,
2014,26-Jun-2014,"1ra Ronda, Grupo G",Portugal,Ghana,2 - 1,2014_portugal_ghana,False,False,
2014,26-Jun-2014,"1ra Ronda, Grupo H",Corea del Sur,Bélgica,0 - 1,2014_corea_del_sur_belgica,False,False,
2014,26-Jun-2014,"1ra Ronda, Grupo H",Argelia,Rusia,1 - 1,2014_argelia_rusia,False,False,
2014,28-Jun-2014,Octavos,Brasil,Chile,1 - 1,2014_brasil_chile,True,True,2026 - 2022
2014,28-Jun-2014,Octavos,Colombia,Uruguay,2 - 0,2014_colombia_uruguay,False,False,
2014,29-Jun-2014,Octavos,Paises Bajos,México,2 - 1,2014_holanda_mexico,False,False,
2014,29-Jun-2014,Octavos,Costa Rica,Grecia,1 - 1,2014_costa_rica_grecia,True,True,2026 - 2022
2014,30-Jun-2014,Octavos,Francia,Nigeria,2 - 0,2014_francia_nigeria,False,False,
2014,30-Jun-2014,Octavos,Alemania,Argelia,2 - 1,2014_alemania_argelia,True,False,
2014,01-Jul-2014,Octavos,Argentina,Suiza,1 - 0,2014_argentina_suiza,True,False,
2014,01-Jul-2014,Octavos,Bélgica,Estados Unidos,2 - 1,2014_belgica_estados_unidos,True,False,
2014,04-Jul-2014,Cuartos,Brasil,Colombia,2 - 1,2014_brasil_colombia,False,False,
2014,04-Jul-2014,Cuartos,Francia,Alemania,0 - 1,2014_francia_alemania,False,False,
2014,05-Jul-2014,Cuartos,Paises Bajos,Costa Rica,0 - 0,2014_holanda_costa_rica,True,True,2026 - 2022
2014,05-Jul-2014,Cuartos,Argentina,Bélgica,1 - 0,2014_argentina_belgica,False,False,
2014,08-Jul-2014,Semis,Brasil,Alemania,1 - 7,2014_brasil_alemania,False,False,
2014,09-Jul-2014,Semis,Paises Bajos,Argentina,0 - 0,2014_holanda_argentina,True,True,2026 - 2022
2014,12-Jul-2014,3er Puesto,Brasil,Paises Bajos,0 - 3,2014_brasil_holanda,False,False,
2014,13-Jul-2014,Final,Alemania,Argentina,1 - 0,2014_alemania_argentina,True,False,
2010,11-Jun-2010,"1ra Ronda, Grupo A",Sudáfrica,México,1 - 1,2010_sudafrica_mexico,False,False,
2010,11-Jun-2010,"1ra Ronda, Grupo A",Uruguay,Francia,0 - 0,2010_uruguay_francia,False,False,
2010,12-Jun-2010,"1ra Ronda, Grupo B",Argentina,Nigeria,1 - 0,2010_argentina_nigeria,False,False,
2010,12-Jun-2010,"1ra Ronda, Grupo B",Corea del Sur,Grecia,2 - 0,2010_corea_del_sur_grecia,False,False,
2010,12-Jun-2010,"1ra Ronda, Grupo C",Inglaterra,Estados Unidos,1 - 1,2010_inglaterra_estados_unidos,False,False,
2010,13-Jun-2010,"1ra Ronda, Grupo C",Argelia,Eslovenia,0 - 1,2010_argelia_eslovenia,False,False,
2010,13-Jun-2010,"1ra Ronda, Grupo D",Alemania,Australia,4 - 0,2010_alemania_australia,False,False,
2010,13-Jun-2010,"1ra Ronda, Grupo D",Serbia,Ghana,0 - 1,2010_serbia_ghana,False,False,
2010,14-Jun-2010,"1ra Ronda, Grupo E",Paises Bajos,Dinamarca,2 - 0,2010_holanda_dinamarca,False,False,
2010,14-Jun-2010,"1ra Ronda, Grupo E",Japón,Camerún,1 - 0,2010_japon_camerun,False,False,
2010,14-Jun-2010,"1ra Ronda, Grupo F",Italia,Paraguay,1 - 1,2010_italia_paraguay,False,False,
2010,15-Jun-2010,"1ra Ronda, Grupo F",Nueva Zelanda,Eslovaquia,1 - 1,2010_nueva_zelanda_eslovaquia,False,False,
2010,15-Jun-2010,"1ra Ronda, Grupo G",Costa de Marfil,Portugal,0 - 0,2010_costa_de_marfil_portugal,False,False,
2010,15-Jun-2010,"1ra Ronda, Grupo G",Brasil,Corea del Norte,2 - 1,2010_brasil_corea_del_norte,False,False,
2010,16-Jun-2010,"1ra Ronda, Grupo H",Honduras,Chile,0 - 1,2010_honduras_chile,False,False,
2010,16-Jun-2010,"1ra Ronda, Grupo H",España,Suiza,0 - 1,2010_espana_suiza,False,False,
2010,16-Jun-2010,"1ra Ronda, Grupo A",Sudáfrica,Uruguay,0 - 3,2010_sudafrica_uruguay,False,False,
2010,17-Jun-2010,"1ra Ronda, Grupo A",Francia,México,0 - 2,2010_francia_mexico,False,False,
2010,17-Jun-2010,"1ra Ronda, Grupo B",Grecia,Nigeria,2 - 1,2010_grecia_nigeria,False,False,
2010,17-Jun-2010,"1ra Ronda, Grupo B",Argentina,Corea del Sur,4 - 1,2010_argentina_corea_del_sur,False,False,
2010,18-Jun-2010,"1ra Ronda, Grupo D",Alemania,Serbia,0 - 1,2010_alemania_serbia,False,False,
2010,18-Jun-2010,"1ra Ronda, Grupo C",Eslovenia,Estados Unidos,2 - 2,2010_eslovenia_estados_unidos,False,False,
2010,18-Jun-2010,"1ra Ronda, Grupo C",Inglaterra,Argelia,0 - 0,2010_inglaterra_argelia,False,False,
2010,19-Jun-2010,"1ra Ronda, Grupo D",Ghana,Australia,1 - 1,2010_ghana_australia,False,False,
2010,19-Jun-2010,"1ra Ronda, Grupo E",Paises Bajos,Japón,1 - 0,2010_holanda_japon,False,False,
2010,19-Jun-2010,"1ra Ronda, Grupo E",Camerún,Dinamarca,1 - 2,2010_camerun_dinamarca,False,False,
2010,20-Jun-2010,"1ra Ronda, Grupo F",Eslovaquia,Paraguay,0 - 2,2010_eslovaquia_paraguay,False,False,
2010,20-Jun-2010,"1ra Ronda, Grupo F",Italia,Nueva Zelanda,1 - 1,2010_italia_nueva_zelanda,False,False,
2010,20-Jun-2010,"1ra Ronda, Grupo G",Brasil,Costa de Marfil,3 - 1,2010_brasil_costa_de_marfil,False,False,
2010,21-Jun-2010,"1ra Ronda, Grupo G",Portugal,Corea del Norte,7 - 0,2010_portugal_corea_del_norte,False,False,
2010,21-Jun-2010,"1ra Ronda, Grupo H",Chile,Suiza,1 - 0,2010_chile_suiza,False,False,
2010,21-Jun-2010,"1ra Ronda, Grupo H",España,Honduras,2 - 0,2010_espana_honduras,False,False,
2010,22-Jun-2010,"1ra Ronda, Grupo A",México,Uruguay,0 - 1,2010_mexico_uruguay,False,False,
2010,22-Jun-2010,"1ra Ronda, Grupo A",Francia,Sudáfrica,1 - 2,2010_francia_sudafrica,False,False,
2010,22-Jun-2010,"1ra Ronda, Grupo B",Nigeria,Corea del Sur,2 - 2,2010_nigeria_corea_del_sur,False,False,
2010,22-Jun-2010,"1ra Ronda, Grupo B",Grecia,Argentina,0 - 2,2010_grecia_argentina,False,False,
2010,23-Jun-2010,"1ra Ronda, Grupo C",Eslovenia,Inglaterra,0 - 1,2010_eslovenia_inglaterra,False,False,
2010,23-Jun-2010,"1ra Ronda, Grupo C",Estados Unidos,Argelia,1 - 0,2010_estados_unidos_argelia,False,False,
2010,23-Jun-2010,"1ra Ronda, Grupo D",Ghana,Alemania,0 - 1,2010_ghana_alemania,False,False,
2010,23-Jun-2010,"1ra Ronda, Grupo D",Australia,Serbia,2 - 1,2010_australia_serbia,False,False,
2010,24-Jun-2010,"1ra Ronda, Grupo F",Eslovaquia,Italia,3 - 2,2010_eslovaquia_italia,False,False,
2010,24-Jun-2010,"1ra Ronda, Grupo F",Paraguay,Nueva Zelanda,0 - 0,2010_paraguay_nueva_zelanda,False,False,
2010,24-Jun-2010,"1ra Ronda, Grupo E",Dinamarca,Japón,1 - 3,2010_dinamarca_japon,False,False,
2010,24-Jun-2010,"1ra Ronda, Grupo E",Camerún,Paises Bajos,1 - 2,2010_camerun_holanda,False,False,
2010,25-Jun-2010,"1ra Ronda, Grupo G",Portugal,Brasil,0 - 0,2010_portugal_brasil,False,False,
2010,25-Jun-2010,"1ra Ronda, Grupo G",Corea del Norte,Costa de Marfil,0 - 3,2010_corea_del_norte_costa_de_marfil,False,False,
2010,25-Jun-2010,"1ra Ronda, Grupo H",Chile,España,1 - 2,2010_chile_espana,False,False,
2010,25-Jun-2010,"1ra Ronda, Grupo H",Suiza,Honduras,0 - 0,2010_suiza_honduras,False,False,
2010,26-Jun-2010,Octavos,Uruguay,Corea del Sur,2 - 1,2010_uruguay_corea_del_sur,False,False,
2010,26-Jun-2010,Octavos,Estados Unidos,Ghana,1 - 2,2010_estados_unidos_ghana,True,False,
2010,27-Jun-2010,Octavos,Alemania,Inglaterra,4 - 1,2010_alemania_inglaterra,False,False,
2010,27-Jun-2010,Octavos,Argentina,México,3 - 1,2010_argentina_mexico,False,False,
2010,28-Jun-2010,Octavos,Paises Bajos,Eslovaquia,2 - 1,2010_holanda_eslovaquia,False,False,
2010,28-Jun-2010,Octavos,Brasil,Chile,3 - 0,2010_brasil_chile,False,False,
2010,29-Jun-2010,Octavos,Paraguay,Japón,0 - 0,2010_paraguay_japon,True,True,2026 - 2022
2010,29-Jun-2010,Octavos,España,Portugal,1 - 0,2010_espana_portugal,False,False,
2010,02-Jul-2010,Cuartos,Paises Bajos,Brasil,2 - 1,2010_holanda_brasil,False,False,
2010,02-Jul-2010,Cuartos,Uruguay,Ghana,1 - 1,2010_uruguay_ghana,True,True,2026 - 2022
2010,03-Jul-2010,Cuartos,Argentina,Alemania,0 - 4,2010_argentina_alemania,False,False,
2010,03-Jul-2010,Cuartos,Paraguay,España,0 - 1,2010_paraguay_espana,False,False,
2010,06-Jul-2010,Semis,Uruguay,Paises Bajos,2 - 3,2010_uruguay_holanda,False,False,
2010,07-Jul-2010,Semis,Alemania,España,0 - 1,2010_alemania_espana,False,False,
2010,10-Jul-2010,3er Puesto,Uruguay,Alemania,2 - 3,2010_uruguay_alemania,False,False,
2010,11-Jul-2010,Final,Paises Bajos,España,0 - 1,2010_holanda_espana,True,False,
2006,09-Jun-2006,"1ra Ronda, Grupo A",Alemania,Costa Rica,4 - 2,2006_alemania_costa_rica,False,False,
2006,09-Jun-2006,"1ra Ronda, Grupo A",Polonia,Ecuador,0 - 2,2006_polonia_ecuador,False,False,
2006,10-Jun-2006,"1ra Ronda, Grupo B",Inglaterra,Paraguay,1 - 0,2006_inglaterra_paraguay,False,False,
2006,10-Jun-2006,"1ra Ronda, Grupo B",Trinidad y Tobago,Suecia,0 - 0,2006_trinidad_y_tobago_suecia,False,False,
2006,10-Jun-2006,"1ra Ronda, Grupo C",Argentina,Costa de Marfil,2 - 1,2006_argentina_costa_de_marfil,False,False,
2006,11-Jun-2006,"1ra Ronda, Grupo C",Serbia y Montenegro,Paises Bajos,0 - 1,2006_serbia_y_montenegro_holanda,False,False,
2006,11-Jun-2006,"1ra Ronda, Grupo D",México,Irán,3 - 1,2006_mexico_iran,False,False,
2006,11-Jun-2006,"1ra Ronda, Grupo D",Angola,Portugal,0 - 1,2006_angola_portugal,False,False,
2006,12-Jun-2006,"1ra Ronda, Grupo E",Italia,Ghana,2 - 0,2006_italia_ghana,False,False,
2006,12-Jun-2006,"1ra Ronda, Grupo E",Estados Unidos,República Checa,0 - 3,2006_estados_unidos_republica_checa,False,False,
2006,12-Jun-2006,"1ra Ronda, Grupo F",Australia,Japón,3 - 1,2006_australia_japon,False,False,
2006,13-Jun-2006,"1ra Ronda, Grupo F",Brasil,Croacia,1 - 0,2006_brasil_croacia,False,False,
2006,13-Jun-2006,"1ra Ronda, Grupo G",Francia,Suiza,0 - 0,2006_francia_suiza,False,False,
2006,13-Jun-2006,"1ra Ronda, Grupo G",Corea del Sur,Togo,2 - 1,2006_corea_del_sur_togo,False,False,
2006,14-Jun-2006,"1ra Ronda, Grupo H",España,Ucrania,4 - 0,2006_espana_ucrania,False,False,
2006,14-Jun-2006,"1ra Ronda, Grupo H",Túnez,Arabia Saudita,2 - 2,2006_tunez_arabia_saudita,False,False,
2006,14-Jun-2006,"1ra Ronda, Grupo A",Alemania,Polonia,1 - 0,2006_alemania_polonia,False,False,
2006,15-Jun-2006,"1ra Ronda, Grupo A",Ecuador,Costa Rica,3 - 0,2006_ecuador_costa_rica,False,False,
2006,15-Jun-2006,"1ra Ronda, Grupo B",Inglaterra,Trinidad y Tobago,2 - 0,2006_inglaterra_trinidad_y_tobago,False,False,
2006,15-Jun-2006,"1ra Ronda, Grupo B",Suecia,Paraguay,1 - 0,2006_suecia_paraguay,False,False,
2006,16-Jun-2006,"1ra Ronda, Grupo C",Argentina,Serbia y Montenegro,6 - 0,2006_argentina_serbia_y_montenegro,False,False,
2006,16-Jun-2006,"1ra Ronda, Grupo C",Paises Bajos,Costa de Marfil,2 - 1,2006_holanda_costa_de_marfil,False,False,
2006,16-Jun-2006,"1ra Ronda, Grupo D",México,Angola,0 - 0,2006_mexico_angola,False,False,
2006,17-Jun-2006,"1ra Ronda, Grupo D",Portugal,Irán,2 - 0,2006_portugal_iran,False,False,
2006,17-Jun-2006,"1ra Ronda, Grupo E",Italia,Estados Unidos,1 - 1,2006_italia_estados_unidos,False,False,
2006,17-Jun-2006,"1ra Ronda, Grupo E",República Checa,Ghana,0 - 2,2006_republica_checa_ghana,False,False,
2006,18-Jun-2006,"1ra Ronda, Grupo F",Brasil,Australia,2 - 0,2006_brasil_australia,False,False,
2006,18-Jun-2006,"1ra Ronda, Grupo F",Japón,Croacia,0 - 0,2006_japon_croacia,False,False,
2006,18-Jun-2006,"1ra Ronda, Grupo G",Francia,Corea del Sur,1 - 1,2006_francia_corea_del_sur,False,False,
2006,19-Jun-2006,"1ra Ronda, Grupo G",Togo,Suiza,0 - 2,2006_togo_suiza,False,False,
2006,19-Jun-2006,"1ra Ronda, Grupo H",España,Túnez,3 - 1,2006_espana_tunez,False,False,
2006,19-Jun-2006,"1ra Ronda, Grupo H",Arabia Saudita,Ucrania,0 - 4,2006_arabia_saudita_ucrania,False,False,
2006,20-Jun-2006,"1ra Ronda, Grupo A",Ecuador,Alemania,0 - 3,2006_ecuador_alemania,False,False,
2006,20-Jun-2006,"1ra Ronda, Grupo A",Costa Rica,Polonia,1 - 2,2006_costa_rica_polonia,False,False,
2006,20-Jun-2006,"1ra Ronda, Grupo B",Suecia,Inglaterra,2 - 2,2006_suecia_inglaterra,False,False,
2006,20-Jun-2006,"1ra Ronda, Grupo B",Paraguay,Trinidad y Tobago,2 - 0,2006_paraguay_trinidad_y_tobago,False,False,
2006,21-Jun-2006,"1ra Ronda, Grupo C",Paises Bajos,Argentina,0 - 0,2006_holanda_argentina,False,False,
2006,21-Jun-2006,"1ra Ronda, Grupo C",Costa de Marfil,Serbia y Montenegro,3 - 2,2006_costa_de_marfil_serbia_y_montenegro,False,False,
2006,21-Jun-2006,"1ra Ronda, Grupo D",Portugal,México,2 - 1,2006_portugal_mexico,False,False,
2006,21-Jun-2006,"1ra Ronda, Grupo D",Irán,Angola,1 - 1,2006_iran_angola,False,False,
2006,22-Jun-2006,"1ra Ronda, Grupo E",República Checa,Italia,0 - 2,2006_republica_checa_italia,False,False,
2006,22-Jun-2006,"1ra Ronda, Grupo E",Ghana,Estados Unidos,2 - 1,2006_ghana_estados_unidos,False,False,
2006,22-Jun-2006,"1ra Ronda, Grupo F",Japón,Brasil,1 - 4,2006_japon_brasil,False,False,
2006,22-Jun-2006,"1ra Ronda, Grupo F",Croacia,Australia,2 - 2,2006_croacia_australia,False,False,
2006,23-Jun-2006,"1ra Ronda, Grupo G",Togo,Francia,0 - 2,2006_togo_francia,False,False,
2006,23-Jun-2006,"1ra Ronda, Grupo G",Suiza,Corea del Sur,2 - 0,2006_suiza_corea_del_sur,False,False,
2006,23-Jun-2006,"1ra Ronda, Grupo H",Arabia Saudita,España,0 - 1,2006_arabia_saudita_espana,False,False,
2006,23-Jun-2006,"1ra Ronda, Grupo H",Ucrania,Túnez,1 - 0,2006_ucrania_tunez,False,False,
2006,24-Jun-2006,Octavos,Alemania,Suecia,2 - 0,2006_alemania_suecia,False,False,
2006,24-Jun-2006,Octavos,Argentina,México,2 - 1,2006_argentina_mexico,True,False,
2006,25-Jun-2006,Octavos,Inglaterra,Ecuador,1 - 0,2006_inglaterra_ecuador,False,False,
2006,25-Jun-2006,Octavos,Portugal,Paises Bajos,1 - 0,2006_portugal_holanda,False,False,
2006,26-Jun-2006,Octavos,Italia,Australia,1 - 0,2006_italia_australia,False,False,
2006,26-Jun-2006,Octavos,Suiza,Ucrania,0 - 0,2006_suiza_ucrania,True,True,2026 - 2022
2006,27-Jun-2006,Octavos,Brasil,Ghana,3 - 0,2006_brasil_ghana,False,False,
2006,27-Jun-2006,Octavos,España,Francia,1 - 3,2006_espana_francia,False,False,
2006,30-Jun-2006,Cuartos,Alemania,Argentina,1 - 1,2006_alemania_argentina,True,True,2026 - 2022
2006,30-Jun-2006,Cuartos,Italia,Ucrania,3 - 0,2006_italia_ucrania,False,False,
2006,01-Jul-2006,Cuartos,Inglaterra,Portugal,0 - 0,2006_inglaterra_portugal,True,True,2026 - 2022
2006,01-Jul-2006,Cuartos,Brasil,Francia,0 - 1,2006_brasil_francia,False,False,
2006,04-Jul-2006,Semis,Alemania,Italia,0 - 2,2006_alemania_italia,True,False,
2006,05-Jul-2006,Semis,Portugal,Francia,0 - 1,2006_portugal_francia,False,False,
2006,08-Jul-2006,3er Puesto,Alemania,Portugal,3 - 1,2006_alemania_portugal,False,False,
2006,09-Jul-2006,Final,Italia,Francia,1 - 1,2006_italia_francia,False,False,
2002,31-May-2002,"1ra Ronda, Grupo A",Francia,Senegal,0 - 1,2002_francia_senegal,False,False,
2002,01-Jun-2002,"1ra Ronda, Grupo E",Irlanda,Camerún,1 - 1,2002_irlanda_camerun,False,False,
2002,01-Jun-2002,"1ra Ronda, Grupo A",Uruguay,Dinamarca,1 - 2,2002_uruguay_dinamarca,False,False,
2002,01-Jun-2002,"1ra Ronda, Grupo E",Alemania,Arabia Saudita,8 - 0,2002_alemania_arabia_saudita,False,False,
2002,02-Jun-2002,"1ra Ronda, Grupo F",Inglaterra,Suecia,1 - 1,2002_inglaterra_suecia,False,False,
2002,02-Jun-2002,"1ra Ronda, Grupo B",Paraguay,Sudáfrica,2 - 2,2002_paraguay_sudafrica,False,False,
2002,02-Jun-2002,"1ra Ronda, Grupo F",Argentina,Nigeria,1 - 0,2002_argentina_nigeria,False,False,
2002,02-Jun-2002,"1ra Ronda, Grupo B",España,Eslovenia,3 - 1,2002_espana_eslovenia,False,False,
2002,03-Jun-2002,"1ra Ronda, Grupo G",Croacia,México,0 - 1,2002_croacia_mexico,False,False,
2002,03-Jun-2002,"1ra Ronda, Grupo C",Brasil,Turquía,2 - 1,2002_brasil_turquia,False,False,
2002,03-Jun-2002,"1ra Ronda, Grupo G",Italia,Ecuador,2 - 0,2002_italia_ecuador,False,False,
2002,04-Jun-2002,"1ra Ronda, Grupo C",China,Costa Rica,0 - 2,2002_china_costa_rica,False,False,
2002,04-Jun-2002,"1ra Ronda, Grupo H",Japón,Bélgica,2 - 2,2002_japon_belgica,False,False,
2002,04-Jun-2002,"1ra Ronda, Grupo D",Corea del Sur,Polonia,2 - 0,2002_corea_del_sur_polonia,False,False,
2002,05-Jun-2002,"1ra Ronda, Grupo H",Rusia,Túnez,2 - 0,2002_rusia_tunez,False,False,
2002,05-Jun-2002,"1ra Ronda, Grupo D",Estados Unidos,Portugal,3 - 2,2002_estados_unidos_portugal,False,False,
2002,05-Jun-2002,"1ra Ronda, Grupo E",Alemania,Irlanda,1 - 1,2002_alemania_irlanda,False,False,
2002,06-Jun-2002,"1ra Ronda, Grupo A",Francia,Uruguay,0 - 0,2002_francia_uruguay,False,False,
2002,06-Jun-2002,"1ra Ronda, Grupo E",Camerún,Arabia Saudita,1 - 0,2002_camerun_arabia_saudita,False,False,
2002,06-Jun-2002,"1ra Ronda, Grupo A",Dinamarca,Senegal,1 - 1,2002_dinamarca_senegal,False,False,
2002,07-Jun-2002,"1ra Ronda, Grupo F",Suecia,Nigeria,2 - 1,2002_suecia_nigeria,False,False,
2002,07-Jun-2002,"1ra Ronda, Grupo B",España,Paraguay,3 - 1,2002_espana_paraguay,False,False,
2002,07-Jun-2002,"1ra Ronda, Grupo F",Argentina,Inglaterra,0 - 1,2002_argentina_inglaterra,False,False,
2002,08-Jun-2002,"1ra Ronda, Grupo B",Sudáfrica,Eslovenia,1 - 0,2002_sudafrica_eslovenia,False,False,
2002,08-Jun-2002,"1ra Ronda, Grupo G",Italia,Croacia,1 - 2,2002_italia_croacia,False,False,
2002,08-Jun-2002,"1ra Ronda, Grupo C",Brasil,China,4 - 0,2002_brasil_china,False,False,
2002,09-Jun-2002,"1ra Ronda, Grupo G",México,Ecuador,2 - 1,2002_mexico_ecuador,False,False,
2002,09-Jun-2002,"1ra Ronda, Grupo C",Costa Rica,Turquía,1 - 1,2002_costa_rica_turquia,False,False,
2002,09-Jun-2002,"1ra Ronda, Grupo H",Japón,Rusia,1 - 0,2002_japon_rusia,False,False,
2002,10-Jun-2002,"1ra Ronda, Grupo D",Corea del Sur,Estados Unidos,1 - 1,2002_corea_del_sur_estados_unidos,False,False,
2002,10-Jun-2002,"1ra Ronda, Grupo H",Túnez,Bélgica,1 - 1,2002_tunez_belgica,False,False,
2002,10-Jun-2002,"1ra Ronda, Grupo D",Portugal,Polonia,4 - 0,2002_portugal_polonia,False,False,
2002,11-Jun-2002,"1ra Ronda, Grupo A",Dinamarca,Francia,2 - 0,2002_dinamarca_francia,False,False,
2002,11-Jun-2002,"1ra Ronda, Grupo A",Senegal,Uruguay,3 - 3,2002_senegal_uruguay,False,False,
2002,11-Jun-2002,"1ra Ronda, Grupo E",Camerún,Alemania,0 - 2,2002_camerun_alemania,False,False,
2002,11-Jun-2002,"1ra Ronda, Grupo E",Arabia Saudita,Irlanda,0 - 3,2002_arabia_saudita_irlanda,False,False,
2002,12-Jun-2002,"1ra Ronda, Grupo F",Suecia,Argentina,1 - 1,2002_suecia_argentina,False,False,
2002,12-Jun-2002,"1ra Ronda, Grupo F",Nigeria,Inglaterra,0 - 0,2002_nigeria_inglaterra,False,False,
2002,12-Jun-2002,"1ra Ronda, Grupo B",Sudáfrica,España,2 - 3,2002_sudafrica_espana,False,False,
2002,12-Jun-2002,"1ra Ronda, Grupo B",Eslovenia,Paraguay,1 - 3,2002_eslovenia_paraguay,False,False,
2002,13-Jun-2002,"1ra Ronda, Grupo C",Costa Rica,Brasil,2 - 5,2002_costa_rica_brasil,False,False,
2002,13-Jun-2002,"1ra Ronda, Grupo C",Turquía,China,3 - 0,2002_turquia_china,False,False,
2002,13-Jun-2002,"1ra Ronda, Grupo G",México,Italia,1 - 1,2002_mexico_italia,False,False,
2002,13-Jun-2002,"1ra Ronda, Grupo G",Ecuador,Croacia,1 - 0,2002_ecuador_croacia,False,False,
2002,14-Jun-2002,"1ra Ronda, Grupo H",Túnez,Japón,0 - 2,2002_tunez_japon,False,False,
2002,14-Jun-2002,"1ra Ronda, Grupo H",Bélgica,Rusia,3 - 2,2002_belgica_rusia,False,False,
2002,14-Jun-2002,"1ra Ronda, Grupo D",Portugal,Corea del Sur,0 - 1,2002_portugal_corea_del_sur,False,False,
2002,14-Jun-2002,"1ra Ronda, Grupo D",Polonia,Estados Unidos,3 - 1,2002_polonia_estados_unidos,False,False,
2002,15-Jun-2002,Octavos,Alemania,Paraguay,1 - 0,2002_alemania_paraguay,False,False,
2002,15-Jun-2002,Octavos,Dinamarca,Inglaterra,0 - 3,2002_dinamarca_inglaterra,False,False,
2002,16-Jun-2002,Octavos,Suecia,Senegal,1 - 2,2002_suecia_senegal,True,False,
2002,16-Jun-2002,Octavos,España,Irlanda,1 - 1,2002_espana_irlanda,True,True,2026 - 2022
2002,17-Jun-2002,Octavos,México,Estados Unidos,0 - 2,2002_mexico_estados_unidos,False,False,
2002,17-Jun-2002,Octavos,Brasil,Bélgica,2 - 0,2002_brasil_belgica,False,False,
2002,18-Jun-2002,Octavos,Japón,Turquía,0 - 1,2002_japon_turquia,False,False,
2002,18-Jun-2002,Octavos,Corea del Sur,Italia,2 - 1,2002_corea_del_sur_italia,True,False,
2002,21-Jun-2002,Cuartos,Inglaterra,Brasil,1 - 2,2002_inglaterra_brasil,False,False,
2002,21-Jun-2002,Cuartos,Alemania,Estados Unidos,1 - 0,2002_alemania_estados_unidos,False,False,
2002,22-Jun-2002,Cuartos,España,Corea del Sur,0 - 0,2002_espana_corea_del_sur,True,True,2026 - 2022
2002,22-Jun-2002,Cuartos,Senegal,Turquía,0 - 1,2002_senegal_turquia,True,False,
2002,25-Jun-2002,Semis,Alemania,Corea del Sur,1 - 0,2002_alemania_corea_del_sur,False,False,
2002,26-Jun-2002,Semis,Brasil,Turquía,1 - 0,2002_brasil_turquia_2,False,False,
2002,29-Jun-2002,3er Puesto,Corea del Sur,Turquía,2 - 3,2002_corea_del_sur_turquia,False,False,
2002,30-Jun-2002,Final,Alemania,Brasil,0 - 2,2002_alemania_brasil,False,False,
1998,10-Jun-1998,"1ra Ronda, Grupo A",Brasil,Escocia,2 - 1,1998_brasil_escocia,False,False,
1998,10-Jun-1998,"1ra Ronda, Grupo A",Marruecos,Noruega,2 - 2,1998_marruecos_noruega,False,False,
1998,11-Jun-1998,"1ra Ronda, Grupo B",Camerún,Austria,1 - 1,1998_camerun_austria,False,False,
1998,11-Jun-1998,"1ra Ronda, Grupo B",Italia,Chile,2 - 2,1998_italia_chile,False,False,
1998,12-Jun-1998,"1ra Ronda, Grupo C",Arabia Saudita,Dinamarca,0 - 1,1998_arabia_saudita_dinamarca,False,False,
1998,12-Jun-1998,"1ra Ronda, Grupo C",Francia,Sudáfrica,3 - 0,1998_francia_sudafrica,False,False,
1998,12-Jun-1998,"1ra Ronda, Grupo D",Paraguay,Bulgaria,0 - 0,1998_paraguay_bulgaria,False,False,
1998,13-Jun-1998,"1ra Ronda, Grupo E",Paises Bajos,Bélgica,0 - 0,1998_holanda_belgica,False,False,
1998,13-Jun-1998,"1ra Ronda, Grupo E",Corea del Sur,México,1 - 3,1998_corea_del_sur_mexico,False,False,
1998,13-Jun-1998,"1ra Ronda, Grupo D",España,Nigeria,2 - 3,1998_espana_nigeria,False,False,
1998,14-Jun-1998,"1ra Ronda, Grupo H",Jamaica,Croacia,1 - 3,1998_jamaica_croacia,False,False,
1998,14-Jun-1998,"1ra Ronda, Grupo F",RF de Yugoslavia,Irán,1 - 0,1998_rf_de_yugoslavia_iran,False,False,
1998,14-Jun-1998,"1ra Ronda, Grupo H",Argentina,Japón,1 - 0,1998_argentina_japon,False,False,
1998,15-Jun-1998,"1ra Ronda, Grupo F",Alemania,Estados Unidos,2 - 0,1998_alemania_estados_unidos,False,False,
1998,15-Jun-1998,"1ra Ronda, Grupo G",Rumania,Colombia,1 - 0,1998_rumania_colombia,False,False,
1998,15-Jun-1998,"1ra Ronda, Grupo G",Inglaterra,Túnez,2 - 0,1998_inglaterra_tunez,False,False,
1998,16-Jun-1998,"1ra Ronda, Grupo A",Escocia,Noruega,1 - 1,1998_escocia_noruega,False,False,
1998,16-Jun-1998,"1ra Ronda, Grupo A",Brasil,Marruecos,3 - 0,1998_brasil_marruecos,False,False,
1998,17-Jun-1998,"1ra Ronda, Grupo B",Chile,Austria,1 - 1,1998_chile_austria,False,False,
1998,17-Jun-1998,"1ra Ronda, Grupo B",Italia,Camerún,3 - 0,1998_italia_camerun,False,False,
1998,18-Jun-1998,"1ra Ronda, Grupo C",Francia,Arabia Saudita,4 - 0,1998_francia_arabia_saudita,False,False,
1998,18-Jun-1998,"1ra Ronda, Grupo C",Sudáfrica,Dinamarca,1 - 1,1998_sudafrica_dinamarca,False,False,
1998,19-Jun-1998,"1ra Ronda, Grupo D",Nigeria,Bulgaria,1 - 0,1998_nigeria_bulgaria,False,False,
1998,19-Jun-1998,"1ra Ronda, Grupo D",España,Paraguay,0 - 0,1998_espana_paraguay,False,False,
1998,20-Jun-1998,"1ra Ronda, Grupo E",Paises Bajos,Corea del Sur,5 - 0,1998_holanda_corea_del_sur,False,False,
1998,20-Jun-1998,"1ra Ronda, Grupo E",Bélgica,México,2 - 2,1998_belgica_mexico,False,False,
1998,20-Jun-1998,"1ra Ronda, Grupo H",Japón,Croacia,0 - 1,1998_japon_croacia,False,False,
1998,21-Jun-1998,"1ra Ronda, Grupo H",Argentina,Jamaica,5 - 0,1998_argentina_jamaica,False,False,
1998,21-Jun-1998,"1ra Ronda, Grupo F",Alemania,RF de Yugoslavia,2 - 2,1998_alemania_rf_de_yugoslavia,False,False,
1998,21-Jun-1998,"1ra Ronda, Grupo F",Estados Unidos,Irán,1 - 2,1998_estados_unidos_iran,False,False,
1998,22-Jun-1998,"1ra Ronda, Grupo G",Colombia,Túnez,1 - 0,1998_colombia_tunez,False,False,
1998,22-Jun-1998,"1ra Ronda, Grupo G",Rumania,Inglaterra,2 - 1,1998_rumania_inglaterra,False,False,
1998,23-Jun-1998,"1ra Ronda, Grupo B",Italia,Austria,2 - 1,1998_italia_austria,False,False,
1998,23-Jun-1998,"1ra Ronda, Grupo A",Escocia,Marruecos,0 - 3,1998_escocia_marruecos,False,False,
1998,23-Jun-1998,"1ra Ronda, Grupo A",Brasil,Noruega,1 - 2,1998_brasil_noruega,False,False,
1998,23-Jun-1998,"1ra Ronda, Grupo B",Chile,Camerún,1 - 1,1998_chile_camerun,False,False,
1998,24-Jun-1998,"1ra Ronda, Grupo D",España,Bulgaria,6 - 1,1998_espana_bulgaria,False,False,
1998,24-Jun-1998,"1ra Ronda, Grupo C",Francia,Dinamarca,2 - 1,1998_francia_dinamarca,False,False,
1998,24-Jun-1998,"1ra Ronda, Grupo D",Nigeria,Paraguay,1 - 3,1998_nigeria_paraguay,False,False,
1998,24-Jun-1998,"1ra Ronda, Grupo C",Sudáfrica,Arabia Saudita,2 - 2,1998_sudafrica_arabia_saudita,False,False,
1998,25-Jun-1998,"1ra Ronda, Grupo E",Bélgica,Corea del Sur,1 - 1,1998_belgica_corea_del_sur,False,False,
1998,25-Jun-1998,"1ra Ronda, Grupo E",Paises Bajos,México,2 - 2,1998_holanda_mexico,False,False,
1998,25-Jun-1998,"1ra Ronda, Grupo F",Alemania,Irán,2 - 0,1998_alemania_iran,False,False,
1998,25-Jun-1998,"1ra Ronda, Grupo F",Estados Unidos,RF de Yugoslavia,0 - 1,1998_estados_unidos_rf_de_yugoslavia,False,False,
1998,26-Jun-1998,"1ra Ronda, Grupo G",Rumania,Túnez,1 - 1,1998_rumania_tunez,False,False,
1998,26-Jun-1998,"1ra Ronda, Grupo G",Colombia,Inglaterra,0 - 2,1998_colombia_inglaterra,False,False,
1998,26-Jun-1998,"1ra Ronda, Grupo H",Japón,Jamaica,1 - 2,1998_japon_jamaica,False,False,
1998,26-Jun-1998,"1ra Ronda, Grupo H",Argentina,Croacia,1 - 0,1998_argentina_croacia,False,False,
1998,27-Jun-1998,Octavos,Brasil,Chile,4 - 1,1998_brasil_chile,False,False,
1998,27-Jun-1998,Octavos,Italia,Noruega,1 - 0,1998_italia_noruega,False,False,
1998,28-Jun-1998,Octavos,Nigeria,Dinamarca,1 - 4,1998_nigeria_dinamarca,False,False,
1998,28-Jun-1998,Octavos,Francia,Paraguay,1 - 0,1998_francia_paraguay,True,False,
1998,29-Jun-1998,Octavos,Alemania,México,2 - 1,1998_alemania_mexico,False,False,
1998,29-Jun-1998,Octavos,Paises Bajos,RF de Yugoslavia,2 - 1,1998_holanda_rf_de_yugoslavia,False,False,
1998,30-Jun-1998,Octavos,Argentina,Inglaterra,2 - 2,1998_argentina_inglaterra,True,True,2026 - 2022
1998,30-Jun-1998,Octavos,Rumania,Croacia,0 - 1,1998_rumania_croacia,False,False,
1998,03-Jul-1998,Cuartos,Italia,Francia,0 - 0,1998_italia_francia,False,False,
1998,03-Jul-1998,Cuartos,Brasil,Dinamarca,3 - 2,1998_brasil_dinamarca,False,False,
1998,04-Jul-1998,Cuartos,Alemania,Croacia,0 - 3,1998_alemania_croacia,False,False,
1998,04-Jul-1998,Cuartos,Paises Bajos,Argentina,2 - 1,1998_holanda_argentina,False,False,
1998,07-Jul-1998,Semis,Brasil,Paises Bajos,1 - 1,1998_brasil_holanda,True,True,2026 - 2022
1998,08-Jul-1998,Semis,Francia,Croacia,2 - 1,1998_francia_croacia,False,False,
1998,11-Jul-1998,3er Puesto,Paises Bajos,Croacia,1 - 2,1998_holanda_croacia,False,False,
1998,12-Jul-1998,Final,Brasil,Francia,0 - 3,1998_brasil_francia,False,False,
1994,17-Jun-1994,"1ra Ronda, Grupo C",Alemania,Bolivia,1 - 0,1994_alemania_bolivia,False,False,
1994,17-Jun-1994,"1ra Ronda, Grupo C",España,Corea del Sur,2 - 2,1994_espana_corea_del_sur,False,False,
1994,18-Jun-1994,"1ra Ronda, Grupo A",Estados Unidos,Suiza,1 - 1,1994_estados_unidos_suiza,False,False,
1994,18-Jun-1994,"1ra Ronda, Grupo E",Italia,Irlanda,0 - 1,1994_italia_irlanda,False,False,
1994,18-Jun-1994,"1ra Ronda, Grupo A",Colombia,Rumania,1 - 3,1994_colombia_rumania,False,False,
1994,19-Jun-1994,"1ra Ronda, Grupo F",Bélgica,Marruecos,1 - 0,1994_belgica_marruecos,False,False,
1994,19-Jun-1994,"1ra Ronda, Grupo E",Noruega,México,1 - 0,1994_noruega_mexico,False,False,
1994,19-Jun-1994,"1ra Ronda, Grupo B",Camerún,Suecia,2 - 2,1994_camerun_suecia,False,False,
1994,20-Jun-1994,"1ra Ronda, Grupo B",Brasil,Rusia,2 - 0,1994_brasil_rusia,False,False,
1994,20-Jun-1994,"1ra Ronda, Grupo F",Paises Bajos,Arabia Saudita,2 - 1,1994_holanda_arabia_saudita,False,False,
1994,21-Jun-1994,"1ra Ronda, Grupo D",Argentina,Grecia,4 - 0,1994_argentina_grecia,False,False,
1994,21-Jun-1994,"1ra Ronda, Grupo C",Alemania,España,1 - 1,1994_alemania_espana,False,False,
1994,21-Jun-1994,"1ra Ronda, Grupo D",Nigeria,Bulgaria,3 - 0,1994_nigeria_bulgaria,False,False,
1994,22-Jun-1994,"1ra Ronda, Grupo A",Rumania,Suiza,1 - 4,1994_rumania_suiza,False,False,
1994,22-Jun-1994,"1ra Ronda, Grupo A",Estados Unidos,Colombia,2 - 1,1994_estados_unidos_colombia,False,False,
1994,23-Jun-1994,"1ra Ronda, Grupo E",Italia,Noruega,1 - 0,1994_italia_noruega,False,False,
1994,23-Jun-1994,"1ra Ronda, Grupo C",Corea del Sur,Bolivia,0 - 0,1994_corea_del_sur_bolivia,False,False,
1994,24-Jun-1994,"1ra Ronda, Grupo E",México,Irlanda,2 - 1,1994_mexico_irlanda,False,False,
1994,24-Jun-1994,"1ra Ronda, Grupo B",Brasil,Camerún,3 - 0,1994_brasil_camerun,False,False,
1994,24-Jun-1994,"1ra Ronda, Grupo B",Suecia,Rusia,3 - 1,1994_suecia_rusia,False,False,
1994,25-Jun-1994,"1ra Ronda, Grupo F",Bélgica,Paises Bajos,1 - 0,1994_belgica_holanda,False,False,
1994,25-Jun-1994,"1ra Ronda, Grupo F",Arabia Saudita,Marruecos,2 - 1,1994_arabia_saudita_marruecos,False,False,
1994,25-Jun-1994,"1ra Ronda, Grupo D",Argentina,Nigeria,2 - 1,1994_argentina_nigeria,False,False,
1994,26-Jun-1994,"1ra Ronda, Grupo D",Bulgaria,Grecia,4 - 0,1994_bulgaria_grecia,False,False,
1994,26-Jun-1994,"1ra Ronda, Grupo A",Estados Unidos,Rumania,0 - 1,1994_estados_unidos_rumania,False,False,
1994,26-Jun-1994,"1ra Ronda, Grupo A",Suiza,Colombia,0 - 2,1994_suiza_colombia,False,False,
1994,27-Jun-1994,"1ra Ronda, Grupo C",Bolivia,España,1 - 3,1994_bolivia_espana,False,False,
1994,27-Jun-1994,"1ra Ronda, Grupo C",Alemania,Corea del Sur,3 - 2,1994_alemania_corea_del_sur,False,False,
1994,28-Jun-1994,"1ra Ronda, Grupo E",Irlanda,Noruega,0 - 0,1994_irlanda_noruega,False,False,
1994,28-Jun-1994,"1ra Ronda, Grupo E",Italia,México,1 - 1,1994_italia_mexico,False,False,
1994,28-Jun-1994,"1ra Ronda, Grupo B",Rusia,Camerún,6 - 1,1994_rusia_camerun,False,False,
1994,28-Jun-1994,"1ra Ronda, Grupo B",Brasil,Suecia,1 - 1,1994_brasil_suecia,False,False,
1994,29-Jun-1994,"1ra Ronda, Grupo F",Marruecos,Paises Bajos,1 - 2,1994_marruecos_holanda,False,False,
1994,29-Jun-1994,"1ra Ronda, Grupo F",Bélgica,Arabia Saudita,0 - 1,1994_belgica_arabia_saudita,False,False,
1994,30-Jun-1994,"1ra Ronda, Grupo D",Grecia,Nigeria,0 - 2,1994_grecia_nigeria,False,False,
1994,30-Jun-1994,"1ra Ronda, Grupo D",Argentina,Bulgaria,0 - 2,1994_argentina_bulgaria,False,False,
1994,02-Jul-1994,Octavos,Alemania,Bélgica,3 - 2,1994_alemania_belgica,False,False,
1994,02-Jul-1994,Octavos,España,Suiza,3 - 0,1994_espana_suiza,False,False,
1994,03-Jul-1994,Octavos,Arabia Saudita,Suecia,1 - 3,1994_arabia_saudita_suecia,False,False,
1994,03-Jul-1994,Octavos,Rumania,Argentina,3 - 2,1994_rumania_argentina,False,False,
1994,04-Jul-1994,Octavos,Paises Bajos,Irlanda,2 - 0,1994_holanda_irlanda,False,False,
1994,04-Jul-1994,Octavos,Brasil,Estados Unidos,1 - 0,1994_brasil_estados_unidos,False,False,
1994,05-Jul-1994,Octavos,Nigeria,Italia,1 - 2,1994_nigeria_italia,True,False,
1994,05-Jul-1994,Octavos,México,Bulgaria,1 - 1,1994_mexico_bulgaria,True,True,2026 - 2022
1994,09-Jul-1994,Cuartos,Italia,España,2 - 1,1994_italia_espana,False,False,
1994,09-Jul-1994,Cuartos,Paises Bajos,Brasil,2 - 3,1994_holanda_brasil,False,False,
1994,10-Jul-1994,Cuartos,Bulgaria,Alemania,2 - 1,1994_bulgaria_alemania,False,False,
1994,10-Jul-1994,Cuartos,Rumania,Suecia,2 - 2,1994_rumania_suecia,True,True,2026 - 2022
1994,13-Jul-1994,Semis,Bulgaria,Italia,1 - 2,1994_bulgaria_italia,False,False,
1994,13-Jul-1994,Semis,Suecia,Brasil,0 - 1,1994_suecia_brasil,False,False,
1994,16-Jul-1994,3er Puesto,Suecia,Bulgaria,4 - 0,1994_suecia_bulgaria,False,False,
1994,17-Jul-1994,Final,Brasil,Italia,0 - 0,1994_brasil_italia,True,True,2026 - 2022
1990,08-Jun-1990,"1ra Ronda, Grupo B",Argentina,Camerún,0 - 1,1990_argentina_camerun,False,False,
1990,09-Jun-1990,"1ra Ronda, Grupo B",URSS,Rumania,0 - 2,1990_urss_rumania,False,False,
1990,09-Jun-1990,"1ra Ronda, Grupo A",Italia,Austria,1 - 0,1990_italia_austria,False,False,
1990,09-Jun-1990,"1ra Ronda, Grupo D",Emiratos Arabes,Colombia,0 - 2,1990_emiratos_arabes_colombia,False,False,
1990,10-Jun-1990,"1ra Ronda, Grupo A",Estados Unidos,Checoslovaquia,1 - 5,1990_estados_unidos_checoslovaquia,False,False,
1990,10-Jun-1990,"1ra Ronda, Grupo C",Brasil,Suecia,2 - 1,1990_brasil_suecia,False,False,
1990,10-Jun-1990,"1ra Ronda, Grupo D",Alemania Occidental,Yugoslavia,4 - 1,1990_alemania_occidental_yugoslavia,False,False,
1990,11-Jun-1990,"1ra Ronda, Grupo C",Costa Rica,Escocia,1 - 0,1990_costa_rica_escocia,False,False,
1990,11-Jun-1990,"1ra Ronda, Grupo F",Inglaterra,Irlanda,1 - 1,1990_inglaterra_irlanda,False,False,
1990,12-Jun-1990,"1ra Ronda, Grupo E",Bélgica,Corea del Sur,2 - 0,1990_belgica_corea_del_sur,False,False,
1990,12-Jun-1990,"1ra Ronda, Grupo F",Paises Bajos,Egipto,1 - 1,1990_holanda_egipto,False,False,
1990,13-Jun-1990,"1ra Ronda, Grupo E",Uruguay,España,0 - 0,1990_uruguay_espana,False,False,
1990,13-Jun-1990,"1ra Ronda, Grupo B",Argentina,URSS,2 - 0,1990_argentina_urss,False,False,
1990,14-Jun-1990,"1ra Ronda, Grupo D",Yugoslavia,Colombia,1 - 0,1990_yugoslavia_colombia,False,False,
1990,14-Jun-1990,"1ra Ronda, Grupo A",Italia,Estados Unidos,1 - 0,1990_italia_estados_unidos,False,False,
1990,14-Jun-1990,"1ra Ronda, Grupo B",Camerún,Rumania,2 - 1,1990_camerun_rumania,False,False,
1990,15-Jun-1990,"1ra Ronda, Grupo A",Austria,Checoslovaquia,0 - 1,1990_austria_checoslovaquia,False,False,
1990,15-Jun-1990,"1ra Ronda, Grupo D",Alemania Occidental,Emiratos Arabes,5 - 1,1990_alemania_occidental_emiratos_arabes,False,False,
1990,16-Jun-1990,"1ra Ronda, Grupo C",Brasil,Costa Rica,1 - 0,1990_brasil_costa_rica,False,False,
1990,16-Jun-1990,"1ra Ronda, Grupo C",Suecia,Escocia,1 - 2,1990_suecia_escocia,False,False,
1990,16-Jun-1990,"1ra Ronda, Grupo F",Inglaterra,Paises Bajos,0 - 0,1990_inglaterra_holanda,False,False,
1990,17-Jun-1990,"1ra Ronda, Grupo F",Irlanda,Egipto,0 - 0,1990_irlanda_egipto,False,False,
1990,17-Jun-1990,"1ra Ronda, Grupo E",Bélgica,Uruguay,3 - 1,1990_belgica_uruguay,False,False,
1990,17-Jun-1990,"1ra Ronda, Grupo E",Corea del Sur,España,1 - 3,1990_corea_del_sur_espana,False,False,
1990,18-Jun-1990,"1ra Ronda, Grupo B",Argentina,Rumania,1 - 1,1990_argentina_rumania,False,False,
1990,18-Jun-1990,"1ra Ronda, Grupo B",Camerún,URSS,0 - 4,1990_camerun_urss,False,False,
1990,19-Jun-1990,"1ra Ronda, Grupo D",Alemania Occidental,Colombia,1 - 1,1990_alemania_occidental_colombia,False,False,
1990,19-Jun-1990,"1ra Ronda, Grupo D",Yugoslavia,Emiratos Arabes,4 - 1,1990_yugoslavia_emiratos_arabes,False,False,
1990,19-Jun-1990,"1ra Ronda, Grupo A",Italia,Checoslovaquia,2 - 0,1990_italia_checoslovaquia,False,False,
1990,19-Jun-1990,"1ra Ronda, Grupo A",Austria,Estados Unidos,2 - 1,1990_austria_estados_unidos,False,False,
1990,20-Jun-1990,"1ra Ronda, Grupo C",Brasil,Escocia,1 - 0,1990_brasil_escocia,False,False,
1990,20-Jun-1990,"1ra Ronda, Grupo C",Suecia,Costa Rica,1 - 2,1990_suecia_costa_rica,False,False,
1990,21-Jun-1990,"1ra Ronda, Grupo E",Bélgica,España,1 - 2,1990_belgica_espana,False,False,
1990,21-Jun-1990,"1ra Ronda, Grupo E",Corea del Sur,Uruguay,0 - 1,1990_corea_del_sur_uruguay,False,False,
1990,21-Jun-1990,"1ra Ronda, Grupo F",Inglaterra,Egipto,1 - 0,1990_inglaterra_egipto,False,False,
1990,21-Jun-1990,"1ra Ronda, Grupo F",Irlanda,Paises Bajos,1 - 1,1990_irlanda_holanda,False,False,
1990,23-Jun-1990,Octavos,Camerún,Colombia,2 - 1,1990_camerun_colombia,True,False,
1990,23-Jun-1990,Octavos,Checoslovaquia,Costa Rica,4 - 1,1990_checoslovaquia_costa_rica,False,False,
1990,24-Jun-1990,Octavos,Brasil,Argentina,0 - 1,1990_brasil_argentina,False,False,
1990,24-Jun-1990,Octavos,Alemania Occidental,Paises Bajos,2 - 1,1990_alemania_occidental_holanda,False,False,
1990,25-Jun-1990,Octavos,Irlanda,Rumania,0 - 0,1990_irlanda_rumania,True,True,2026 - 2022
1990,25-Jun-1990,Octavos,Italia,Uruguay,2 - 0,1990_italia_uruguay,False,False,
1990,26-Jun-1990,Octavos,España,Yugoslavia,1 - 2,1990_espana_yugoslavia,True,False,
1990,26-Jun-1990,Octavos,Inglaterra,Bélgica,1 - 0,1990_inglaterra_belgica,True,False,
1990,30-Jun-1990,Cuartos,Argentina,Yugoslavia,0 - 0,1990_argentina_yugoslavia,True,True,2026 - 2022
1990,30-Jun-1990,Cuartos,Italia,Irlanda,1 - 0,1990_italia_irlanda,False,False,
1990,01-Jul-1990,Cuartos,Alemania Occidental,Checoslovaquia,1 - 0,1990_alemania_occidental_checoslovaquia,False,False,
1990,01-Jul-1990,Cuartos,Camerún,Inglaterra,2 - 3,1990_camerun_inglaterra,True,False,
1990,03-Jul-1990,Semis,Italia,Argentina,1 - 1,1990_italia_argentina,True,True,2026 - 2022
1990,04-Jul-1990,Semis,Inglaterra,Alemania Occidental,1 - 1,1990_inglaterra_alemania_occidental,True,True,2026 - 2022
1990,07-Jul-1990,3er Puesto,Italia,Inglaterra,2 - 1,1990_italia_inglaterra,False,False,
1990,08-Jul-1990,Final,Argentina,Alemania Occidental,0 - 1,1990_argentina_alemania_occidental,False,False,
1986,31-May-1986,"1ra Ronda, Grupo A",Bulgaria,Italia,1 - 1,1986_bulgaria_italia,False,False,
1986,01-Jun-1986,"1ra Ronda, Grupo D",España,Brasil,0 - 1,1986_espana_brasil,False,False,
1986,01-Jun-1986,"1ra Ronda, Grupo C",Canadá,Francia,0 - 1,1986_canada_francia,False,False,
1986,02-Jun-1986,"1ra Ronda, Grupo A",Argentina,Corea del Sur,3 - 1,1986_argentina_corea_del_sur,False,False,
1986,02-Jun-1986,"1ra Ronda, Grupo C",URSS,Hungría,6 - 0,1986_urss_hungria,False,False,
1986,02-Jun-1986,"1ra Ronda, Grupo F",Marruecos,Polonia,0 - 0,1986_marruecos_polonia,False,False,
1986,03-Jun-1986,"1ra Ronda, Grupo B",Bélgica,México,1 - 2,1986_belgica_mexico,False,False,
1986,03-Jun-1986,"1ra Ronda, Grupo F",Portugal,Inglaterra,1 - 0,1986_portugal_inglaterra,False,False,
1986,03-Jun-1986,"1ra Ronda, Grupo D",Argelia,Irlanda del Norte,1 - 1,1986_argelia_irlanda_del_norte,False,False,
1986,04-Jun-1986,"1ra Ronda, Grupo E",Escocia,Dinamarca,0 - 1,1986_escocia_dinamarca,False,False,
1986,04-Jun-1986,"1ra Ronda, Grupo E",Uruguay,Alemania Occidental,1 - 1,1986_uruguay_alemania_occidental,False,False,
1986,04-Jun-1986,"1ra Ronda, Grupo B",Paraguay,Iraq,1 - 0,1986_paraguay_iraq,False,False,
1986,05-Jun-1986,"1ra Ronda, Grupo C",Francia,URSS,1 - 1,1986_francia_urss,False,False,
1986,05-Jun-1986,"1ra Ronda, Grupo A",Corea del Sur,Bulgaria,1 - 1,1986_corea_del_sur_bulgaria,False,False,
1986,05-Jun-1986,"1ra Ronda, Grupo A",Italia,Argentina,1 - 1,1986_italia_argentina,False,False,
1986,06-Jun-1986,"1ra Ronda, Grupo C",Hungría,Canadá,2 - 0,1986_hungria_canada,False,False,
1986,06-Jun-1986,"1ra Ronda, Grupo D",Brasil,Argelia,1 - 0,1986_brasil_argelia,False,False,
1986,06-Jun-1986,"1ra Ronda, Grupo F",Inglaterra,Marruecos,0 - 0,1986_inglaterra_marruecos,False,False,
1986,07-Jun-1986,"1ra Ronda, Grupo B",México,Paraguay,1 - 1,1986_mexico_paraguay,False,False,
1986,07-Jun-1986,"1ra Ronda, Grupo F",Polonia,Portugal,1 - 0,1986_polonia_portugal,False,False,
1986,07-Jun-1986,"1ra Ronda, Grupo D",Irlanda del Norte,España,1 - 2,1986_irlanda_del_norte_espana,False,False,
1986,08-Jun-1986,"1ra Ronda, Grupo B",Iraq,Bélgica,1 - 2,1986_iraq_belgica,False,False,
1986,08-Jun-1986,"1ra Ronda, Grupo E",Alemania Occidental,Escocia,2 - 1,1986_alemania_occidental_escocia,False,False,
1986,08-Jun-1986,"1ra Ronda, Grupo E",Dinamarca,Uruguay,6 - 1,1986_dinamarca_uruguay,False,False,
1986,09-Jun-1986,"1ra Ronda, Grupo C",URSS,Canadá,2 - 0,1986_urss_canada,False,False,
1986,09-Jun-1986,"1ra Ronda, Grupo C",Hungría,Francia,0 - 3,1986_hungria_francia,False,False,
1986,10-Jun-1986,"1ra Ronda, Grupo A",Corea del Sur,Italia,2 - 3,1986_corea_del_sur_italia,False,False,
1986,10-Jun-1986,"1ra Ronda, Grupo A",Argentina,Bulgaria,2 - 0,1986_argentina_bulgaria,False,False,
1986,11-Jun-1986,"1ra Ronda, Grupo B",Paraguay,Bélgica,2 - 2,1986_paraguay_belgica,False,False,
1986,11-Jun-1986,"1ra Ronda, Grupo F",Inglaterra,Polonia,3 - 0,1986_inglaterra_polonia,False,False,
1986,11-Jun-1986,"1ra Ronda, Grupo F",Portugal,Marruecos,1 - 3,1986_portugal_marruecos,False,False,
1986,11-Jun-1986,"1ra Ronda, Grupo B",Iraq,México,0 - 1,1986_iraq_mexico,False,False,
1986,12-Jun-1986,"1ra Ronda, Grupo D",Irlanda del Norte,Brasil,0 - 3,1986_irlanda_del_norte_brasil,False,False,
1986,12-Jun-1986,"1ra Ronda, Grupo D",Argelia,España,0 - 3,1986_argelia_espana,False,False,
1986,13-Jun-1986,"1ra Ronda, Grupo E",Dinamarca,Alemania Occidental,2 - 0,1986_dinamarca_alemania_occidental,False,False,
1986,13-Jun-1986,"1ra Ronda, Grupo E",Escocia,Uruguay,0 - 0,1986_escocia_uruguay,False,False,
1986,15-Jun-1986,Octavos,URSS,Bélgica,3 - 4,1986_urss_belgica,True,False,
1986,15-Jun-1986,Octavos,México,Bulgaria,2 - 0,1986_mexico_bulgaria,False,False,
1986,16-Jun-1986,Octavos,Brasil,Polonia,4 - 0,1986_brasil_polonia,False,False,
1986,16-Jun-1986,Octavos,Argentina,Uruguay,1 - 0,1986_argentina_uruguay,False,False,
1986,17-Jun-1986,Octavos,Marruecos,Alemania Occidental,0 - 1,1986_marruecos_alemania_occidental,False,False,
1986,17-Jun-1986,Octavos,Italia,Francia,0 - 2,1986_italia_francia,False,False,
1986,18-Jun-1986,Octavos,Dinamarca,España,1 - 5,1986_dinamarca_espana,False,False,
1986,18-Jun-1986,Octavos,Inglaterra,Paraguay,3 - 0,1986_inglaterra_paraguay,False,False,
1986,21-Jun-1986,Cuartos,México,Alemania Occidental,0 - 0,1986_mexico_alemania_occidental,False,False,
1986,21-Jun-1986,Cuartos,Brasil,Francia,1 - 1,1986_brasil_francia,True,True,2026 - 2022
1986,22-Jun-1986,Cuartos,Bélgica,España,1 - 1,1986_belgica_espana,True,True,2026 - 2022
1986,22-Jun-1986,Cuartos,Argentina,Inglaterra,2 - 1,1986_argentina_inglaterra,False,False,
1986,25-Jun-1986,Semis,Argentina,Bélgica,2 - 0,1986_argentina_belgica,False,False,
1986,25-Jun-1986,Semis,Alemania Occidental,Francia,2 - 0,1986_alemania_occidental_francia,False,False,
1986,28-Jun-1986,3er Puesto,Bélgica,Francia,2 - 4,1986_belgica_francia,True,False,
1986,29-Jun-1986,Final,Argentina,Alemania Occidental,3 - 2,1986_argentina_alemania_occidental,False,False,
1982,13-Jun-1982,"1ra Ronda, Grupo C",Argentina,Bélgica,0 - 1,1982_argentina_belgica,False,False,
1982,14-Jun-1982,"1ra Ronda, Grupo F",Brasil,URSS,2 - 1,1982_brasil_urss,False,False,
1982,14-Jun-1982,"1ra Ronda, Grupo A",Italia,Polonia,0 - 0,1982_italia_polonia,False,False,
1982,15-Jun-1982,"1ra Ronda, Grupo A",Perú,Camerún,0 - 0,1982_peru_camerun,False,False,
1982,15-Jun-1982,"1ra Ronda, Grupo F",Escocia,Nueva Zelanda,5 - 2,1982_escocia_nueva_zelanda,False,False,
1982,15-Jun-1982,"1ra Ronda, Grupo C",Hungría,El Salvador,10 - 1,1982_hungria_el_salvador,False,False,
1982,16-Jun-1982,"1ra Ronda, Grupo B",Alemania Occidental,Argelia,1 - 2,1982_alemania_occidental_argelia,False,False,
1982,16-Jun-1982,"1ra Ronda, Grupo E",España,Honduras,1 - 1,1982_espana_honduras,False,False,
1982,16-Jun-1982,"1ra Ronda, Grupo D",Inglaterra,Francia,3 - 1,1982_inglaterra_francia,False,False,
1982,17-Jun-1982,"1ra Ronda, Grupo D",Checoslovaquia,Kuwait,1 - 1,1982_checoslovaquia_kuwait,False,False,
1982,17-Jun-1982,"1ra Ronda, Grupo E",Yugoslavia,Irlanda del Norte,0 - 0,1982_yugoslavia_irlanda_del_norte,False,False,
1982,17-Jun-1982,"1ra Ronda, Grupo B",Chile,Austria,0 - 1,1982_chile_austria,False,False,
1982,18-Jun-1982,"1ra Ronda, Grupo C",Argentina,Hungría,4 - 1,1982_argentina_hungria,False,False,
1982,18-Jun-1982,"1ra Ronda, Grupo A",Italia,Perú,1 - 1,1982_italia_peru,False,False,
1982,18-Jun-1982,"1ra Ronda, Grupo F",Brasil,Escocia,4 - 1,1982_brasil_escocia,False,False,
1982,19-Jun-1982,"1ra Ronda, Grupo A",Polonia,Camerún,0 - 0,1982_polonia_camerun,False,False,
1982,19-Jun-1982,"1ra Ronda, Grupo C",Bélgica,El Salvador,1 - 0,1982_belgica_el_salvador,False,False,
1982,19-Jun-1982,"1ra Ronda, Grupo F",URSS,Nueva Zelanda,3 - 0,1982_urss_nueva_zelanda,False,False,
1982,20-Jun-1982,"1ra Ronda, Grupo E",España,Yugoslavia,2 - 1,1982_espana_yugoslavia,False,False,
1982,20-Jun-1982,"1ra Ronda, Grupo D",Inglaterra,Checoslovaquia,2 - 0,1982_inglaterra_checoslovaquia,False,False,
1982,20-Jun-1982,"1ra Ronda, Grupo B",Alemania Occidental,Chile,4 - 1,1982_alemania_occidental_chile,False,False,
1982,21-Jun-1982,"1ra Ronda, Grupo E",Honduras,Irlanda del Norte,1 - 1,1982_honduras_irlanda_del_norte,False,False,
1982,21-Jun-1982,"1ra Ronda, Grupo D",Francia,Kuwait,4 - 1,1982_francia_kuwait,False,False,
1982,21-Jun-1982,"1ra Ronda, Grupo B",Argelia,Austria,0 - 2,1982_argelia_austria,False,False,
1982,22-Jun-1982,"1ra Ronda, Grupo F",URSS,Escocia,2 - 2,1982_urss_escocia,False,False,
1982,22-Jun-1982,"1ra Ronda, Grupo C",Bélgica,Hungría,1 - 1,1982_belgica_hungria,False,False,
1982,22-Jun-1982,"1ra Ronda, Grupo A",Polonia,Perú,5 - 1,1982_polonia_peru,False,False,
1982,23-Jun-1982,"1ra Ronda, Grupo A",Italia,Camerún,1 - 1,1982_italia_camerun,False,False,
1982,23-Jun-1982,"1ra Ronda, Grupo C",Argentina,El Salvador,2 - 0,1982_argentina_el_salvador,False,False,
1982,23-Jun-1982,"1ra Ronda, Grupo F",Brasil,Nueva Zelanda,4 - 0,1982_brasil_nueva_zelanda,False,False,
1982,24-Jun-1982,"1ra Ronda, Grupo E",Honduras,Yugoslavia,0 - 1,1982_honduras_yugoslavia,False,False,
1982,24-Jun-1982,"1ra Ronda, Grupo D",Francia,Checoslovaquia,1 - 1,1982_francia_checoslovaquia,False,False,
1982,24-Jun-1982,"1ra Ronda, Grupo B",Argelia,Chile,3 - 2,1982_argelia_chile,False,False,
1982,25-Jun-1982,"1ra Ronda, Grupo E",Irlanda del Norte,España,1 - 0,1982_irlanda_del_norte_espana,False,False,
1982,25-Jun-1982,"1ra Ronda, Grupo B",Alemania Occidental,Austria,1 - 0,1982_alemania_occidental_austria,False,False,
1982,25-Jun-1982,"1ra Ronda, Grupo D",Inglaterra,Kuwait,1 - 0,1982_inglaterra_kuwait,False,False,
1982,28-Jun-1982,"2da Ronda, Grupo 4",Austria,Francia,0 - 1,1982_austria_francia,False,False,
1982,28-Jun-1982,"2da Ronda, Grupo 1",Polonia,Bélgica,3 - 0,1982_polonia_belgica,False,False,
1982,29-Jun-1982,"2da Ronda, Grupo 2",Alemania Occidental,Inglaterra,0 - 0,1982_alemania_occidental_inglaterra,False,False,
1982,29-Jun-1982,"2da Ronda, Grupo 3",Italia,Argentina,2 - 1,1982_italia_argentina,False,False,
1982,01-Jul-1982,"2da Ronda, Grupo 1",Bélgica,URSS,0 - 1,1982_belgica_urss,False,False,
1982,01-Jul-1982,"2da Ronda, Grupo 4",Austria,Irlanda del Norte,2 - 2,1982_austria_irlanda_del_norte,False,False,
1982,02-Jul-1982,"2da Ronda, Grupo 3",Argentina,Brasil,1 - 3,1982_argentina_brasil,False,False,
1982,02-Jul-1982,"2da Ronda, Grupo 2",Alemania Occidental,España,2 - 1,1982_alemania_occidental_espana,False,False,
1982,04-Jul-1982,"2da Ronda, Grupo 4",Francia,Irlanda del Norte,4 - 1,1982_francia_irlanda_del_norte,False,False,
1982,04-Jul-1982,"2da Ronda, Grupo 1",Polonia,URSS,0 - 0,1982_polonia_urss,False,False,
1982,05-Jul-1982,"2da Ronda, Grupo 3",Italia,Brasil,3 - 2,1982_italia_brasil,False,False,
1982,05-Jul-1982,"2da Ronda, Grupo 2",España,Inglaterra,0 - 0,1982_espana_inglaterra,False,False,
1982,08-Jul-1982,Semis,Alemania Occidental,Francia,3 - 3,1982_alemania_occidental_francia,True,True,2026 - 2022
1982,08-Jul-1982,Semis,Polonia,Italia,0 - 2,1982_polonia_italia,False,False,
1982,10-Jul-1982,3er Puesto,Polonia,Francia,3 - 2,1982_polonia_francia,False,False,
1982,11-Jul-1982,Final,Italia,Alemania Occidental,3 - 1,1982_italia_alemania_occidental,False,False,
1978,01-Jun-1978,"1ra Ronda, Grupo 2",Alemania Occidental,Polonia,0 - 0,1978_alemania_occidental_polonia,False,False,
1978,02-Jun-1978,"1ra Ronda, Grupo 2",Túnez,México,3 - 1,1978_tunez_mexico,False,False,
1978,02-Jun-1978,"1ra Ronda, Grupo 1",Italia,Francia,2 - 1,1978_italia_francia,False,False,
1978,02-Jun-1978,"1ra Ronda, Grupo 1",Argentina,Hungría,2 - 1,1978_argentina_hungria,False,False,
1978,03-Jun-1978,"1ra Ronda, Grupo 4",Paises Bajos,Irán,3 - 0,1978_holanda_iran,False,False,
1978,03-Jun-1978,"1ra Ronda, Grupo 3",Austria,España,2 - 1,1978_austria_espana,False,False,
1978,03-Jun-1978,"1ra Ronda, Grupo 4",Perú,Escocia,3 - 1,1978_peru_escocia,False,False,
1978,03-Jun-1978,"1ra Ronda, Grupo 3",Suecia,Brasil,1 - 1,1978_suecia_brasil,False,False,
1978,06-Jun-1978,"1ra Ronda, Grupo 2",Alemania Occidental,México,6 - 0,1978_alemania_occidental_mexico,False,False,
1978,06-Jun-1978,"1ra Ronda, Grupo 1",Argentina,Francia,2 - 1,1978_argentina_francia,False,False,
1978,06-Jun-1978,"1ra Ronda, Grupo 2",Polonia,Túnez,1 - 0,1978_polonia_tunez,False,False,
1978,06-Jun-1978,"1ra Ronda, Grupo 1",Italia,Hungría,3 - 1,1978_italia_hungria,False,False,
1978,07-Jun-1978,"1ra Ronda, Grupo 4",Paises Bajos,Perú,0 - 0,1978_holanda_peru,False,False,
1978,07-Jun-1978,"1ra Ronda, Grupo 3",Brasil,España,0 - 0,1978_brasil_espana,False,False,
1978,07-Jun-1978,"1ra Ronda, Grupo 4",Escocia,Irán,1 - 1,1978_escocia_iran,False,False,
1978,07-Jun-1978,"1ra Ronda, Grupo 3",Austria,Suecia,1 - 0,1978_austria_suecia,False,False,
1978,10-Jun-1978,"1ra Ronda, Grupo 1",Italia,Argentina,1 - 0,1978_italia_argentina,False,False,
1978,10-Jun-1978,"1ra Ronda, Grupo 2",Alemania Occidental,Túnez,0 - 0,1978_alemania_occidental_tunez,False,False,
1978,10-Jun-1978,"1ra Ronda, Grupo 1",Francia,Hungría,3 - 1,1978_francia_hungria,False,False,
1978,10-Jun-1978,"1ra Ronda, Grupo 2",Polonia,México,3 - 1,1978_polonia_mexico,False,False,
1978,11-Jun-1978,"1ra Ronda, Grupo 4",Perú,Irán,4 - 1,1978_peru_iran,False,False,
1978,11-Jun-1978,"1ra Ronda, Grupo 3",España,Suecia,1 - 0,1978_espana_suecia,False,False,
1978,11-Jun-1978,"1ra Ronda, Grupo 4",Escocia,Paises Bajos,3 - 2,1978_escocia_holanda,False,False,
1978,11-Jun-1978,"1ra Ronda, Grupo 3",Brasil,Austria,1 - 0,1978_brasil_austria,False,False,
1978,14-Jun-1978,"2da Ronda, Grupo A",Paises Bajos,Austria,5 - 1,1978_holanda_austria,False,False,
1978,14-Jun-1978,"2da Ronda, Grupo A",Alemania Occidental,Italia,0 - 0,1978_alemania_occidental_italia,False,False,
1978,14-Jun-1978,"2da Ronda, Grupo B",Brasil,Perú,3 - 0,1978_brasil_peru,False,False,
1978,14-Jun-1978,"2da Ronda, Grupo B",Argentina,Polonia,2 - 0,1978_argentina_polonia,False,False,
1978,18-Jun-1978,"2da Ronda, Grupo B",Argentina,Brasil,0 - 0,1978_argentina_brasil,False,False,
1978,18-Jun-1978,"2da Ronda, Grupo B",Polonia,Perú,1 - 0,1978_polonia_peru,False,False,
1978,18-Jun-1978,"2da Ronda, Grupo A",Alemania Occidental,Paises Bajos,2 - 2,1978_alemania_occidental_holanda,False,False,
1978,18-Jun-1978,"2da Ronda, Grupo A",Italia,Austria,1 - 0,1978_italia_austria,False,False,
1978,21-Jun-1978,"2da Ronda, Grupo B",Argentina,Perú,6 - 0,1978_argentina_peru,False,False,
1978,21-Jun-1978,"2da Ronda, Grupo A",Paises Bajos,Italia,2 - 1,1978_holanda_italia,False,False,
1978,21-Jun-1978,"2da Ronda, Grupo B",Brasil,Polonia,3 - 1,1978_brasil_polonia,False,False,
1978,21-Jun-1978,"2da Ronda, Grupo A",Austria,Alemania Occidental,3 - 2,1978_austria_alemania_occidental,False,False,
1978,24-Jun-1978,3er Puesto,Brasil,Italia,2 - 1,1978_brasil_italia,False,False,
1978,25-Jun-1978,Final,Argentina,Paises Bajos,3 - 1,1978_argentina_holanda,True,False,
1974,13-Jun-1974,"1ra Ronda, Grupo 2",Brasil,Yugoslavia,0 - 0,1974_brasil_yugoslavia,False,False,
1974,14-Jun-1974,"1ra Ronda, Grupo 1",Alemania Occidental,Chile,1 - 0,1974_alemania_occidental_chile,False,False,
1974,14-Jun-1974,"1ra Ronda, Grupo 1",Alemania Oriental,Australia,2 - 0,1974_alemania_oriental_australia,False,False,
1974,14-Jun-1974,"1ra Ronda, Grupo 2",Zaire,Escocia,0 - 2,1974_zaire_escocia,False,False,
1974,15-Jun-1974,"1ra Ronda, Grupo 3",Suecia,Bulgaria,0 - 0,1974_suecia_bulgaria,False,False,
1974,15-Jun-1974,"1ra Ronda, Grupo 4",Polonia,Argentina,3 - 2,1974_polonia_argentina,False,False,
1974,15-Jun-1974,"1ra Ronda, Grupo 4",Italia,Haití,3 - 1,1974_italia_haiti,False,False,
1974,15-Jun-1974,"1ra Ronda, Grupo 3",Uruguay,Paises Bajos,0 - 2,1974_uruguay_holanda,False,False,
1974,18-Jun-1974,"1ra Ronda, Grupo 2",Escocia,Brasil,0 - 0,1974_escocia_brasil,False,False,
1974,18-Jun-1974,"1ra Ronda, Grupo 1",Australia,Alemania Occidental,0 - 3,1974_australia_alemania_occidental,False,False,
1974,18-Jun-1974,"1ra Ronda, Grupo 2",Yugoslavia,Zaire,9 - 0,1974_yugoslavia_zaire,False,False,
1974,18-Jun-1974,"1ra Ronda, Grupo 1",Chile,Alemania Oriental,1 - 1,1974_chile_alemania_oriental,False,False,
1974,19-Jun-1974,"1ra Ronda, Grupo 3",Paises Bajos,Suecia,0 - 0,1974_holanda_suecia,False,False,
1974,19-Jun-1974,"1ra Ronda, Grupo 4",Argentina,Italia,1 - 1,1974_argentina_italia,False,False,
1974,19-Jun-1974,"1ra Ronda, Grupo 4",Haití,Polonia,0 - 7,1974_haiti_polonia,False,False,
1974,19-Jun-1974,"1ra Ronda, Grupo 3",Bulgaria,Uruguay,1 - 1,1974_bulgaria_uruguay,False,False,
1974,22-Jun-1974,"1ra Ronda, Grupo 2",Zaire,Brasil,0 - 3,1974_zaire_brasil,False,False,
1974,22-Jun-1974,"1ra Ronda, Grupo 1",Alemania Oriental,Alemania Occidental,1 - 0,1974_alemania_oriental_alemania_occidental,False,False,
1974,22-Jun-1974,"1ra Ronda, Grupo 1",Australia,Chile,0 - 0,1974_australia_chile,False,False,
1974,22-Jun-1974,"1ra Ronda, Grupo 2",Escocia,Yugoslavia,1 - 1,1974_escocia_yugoslavia,False,False,
1974,23-Jun-1974,"1ra Ronda, Grupo 4",Polonia,Italia,2 - 1,1974_polonia_italia,False,False,
1974,23-Jun-1974,"1ra Ronda, Grupo 4",Argentina,Haití,4 - 1,1974_argentina_haiti,False,False,
1974,23-Jun-1974,"1ra Ronda, Grupo 3",Bulgaria,Paises Bajos,1 - 4,1974_bulgaria_holanda,False,False,
1974,23-Jun-1974,"1ra Ronda, Grupo 3",Suecia,Uruguay,3 - 0,1974_suecia_uruguay,False,False,
1974,26-Jun-1974,"2da Ronda, Grupo B",Suecia,Polonia,0 - 1,1974_suecia_polonia,False,False,
1974,26-Jun-1974,"2da Ronda, Grupo B",Yugoslavia,Alemania Occidental,0 - 2,1974_yugoslavia_alemania_occidental,False,False,
1974,26-Jun-1974,"2da Ronda, Grupo A",Paises Bajos,Argentina,4 - 0,1974_holanda_argentina,False,False,
1974,26-Jun-1974,"2da Ronda, Grupo A",Brasil,Alemania Oriental,1 - 0,1974_brasil_alemania_oriental,False,False,
1974,30-Jun-1974,"2da Ronda, Grupo A",Alemania Oriental,Paises Bajos,0 - 2,1974_alemania_oriental_holanda,False,False,
1974,30-Jun-1974,"2da Ronda, Grupo A",Argentina,Brasil,1 - 2,1974_argentina_brasil,False,False,
1974,30-Jun-1974,"2da Ronda, Grupo B",Polonia,Yugoslavia,2 - 1,1974_polonia_yugoslavia,False,False,
1974,30-Jun-1974,"2da Ronda, Grupo B",Alemania Occidental,Suecia,4 - 2,1974_alemania_occidental_suecia,False,False,
1974,03-Jul-1974,"2da Ronda, Grupo B",Suecia,Yugoslavia,2 - 1,1974_suecia_yugoslavia,False,False,
1974,03-Jul-1974,"2da Ronda, Grupo A",Argentina,Alemania Oriental,1 - 1,1974_argentina_alemania_oriental,False,False,
1974,03-Jul-1974,"2da Ronda, Grupo B",Polonia,Alemania Occidental,0 - 1,1974_polonia_alemania_occidental,False,False,
1974,03-Jul-1974,"2da Ronda, Grupo A",Paises Bajos,Brasil,2 - 0,1974_holanda_brasil,False,False,
1974,06-Jul-1974,3er Puesto,Brasil,Polonia,0 - 1,1974_brasil_polonia,False,False,
1974,07-Jul-1974,Final,Paises Bajos,Alemania Occidental,1 - 2,1974_holanda_alemania_occidental,False,False,
1966,11-Jul-1966,"1ra Ronda, Grupo 1",Inglaterra,Uruguay,0 - 0,1966_inglaterra_uruguay,False,False,
1966,12-Jul-1966,"1ra Ronda, Grupo 2",Alemania Occidental,Suiza,5 - 0,1966_alemania_occidental_suiza,False,False,
1966,12-Jul-1966,"1ra Ronda, Grupo 4",URSS,Corea del Norte,3 - 0,1966_urss_corea_del_norte,False,False,
1966,12-Jul-1966,"1ra Ronda, Grupo 3",Brasil,Bulgaria,2 - 0,1966_brasil_bulgaria,False,False,
1966,13-Jul-1966,"1ra Ronda, Grupo 1",Francia,México,1 - 1,1966_francia_mexico,False,False,
1966,13-Jul-1966,"1ra Ronda, Grupo 4",Italia,Chile,2 - 0,1966_italia_chile,False,False,
1966,13-Jul-1966,"1ra Ronda, Grupo 3",Portugal,Hungría,3 - 1,1966_portugal_hungria,False,False,
1966,13-Jul-1966,"1ra Ronda, Grupo 2",Argentina,España,2 - 1,1966_argentina_espana,False,False,
1966,15-Jul-1966,"1ra Ronda, Grupo 1",Uruguay,Francia,2 - 1,1966_uruguay_francia,False,False,
1966,15-Jul-1966,"1ra Ronda, Grupo 3",Hungría,Brasil,3 - 1,1966_hungria_brasil,False,False,
1966,15-Jul-1966,"1ra Ronda, Grupo 2",España,Suiza,2 - 1,1966_espana_suiza,False,False,
1966,15-Jul-1966,"1ra Ronda, Grupo 4",Corea del Norte,Chile,1 - 1,1966_corea_del_norte_chile,False,False,
1966,16-Jul-1966,"1ra Ronda, Grupo 3",Portugal,Bulgaria,3 - 0,1966_portugal_bulgaria,False,False,
1966,16-Jul-1966,"1ra Ronda, Grupo 2",Alemania Occidental,Argentina,0 - 0,1966_alemania_occidental_argentina,False,False,
1966,16-Jul-1966,"1ra Ronda, Grupo 4",URSS,Italia,1 - 0,1966_urss_italia,False,False,
1966,16-Jul-1966,"1ra Ronda, Grupo 1",Inglaterra,México,2 - 0,1966_inglaterra_mexico,False,False,
1966,19-Jul-1966,"1ra Ronda, Grupo 3",Portugal,Brasil,3 - 1,1966_portugal_brasil,False,False,
1966,19-Jul-1966,"1ra Ronda, Grupo 1",Uruguay,México,0 - 0,1966_uruguay_mexico,False,False,
1966,19-Jul-1966,"1ra Ronda, Grupo 2",Argentina,Suiza,2 - 0,1966_argentina_suiza,False,False,
1966,19-Jul-1966,"1ra Ronda, Grupo 4",Corea del Norte,Italia,1 - 0,1966_corea_del_norte_italia,False,False,
1966,20-Jul-1966,"1ra Ronda, Grupo 1",Inglaterra,Francia,2 - 0,1966_inglaterra_francia,False,False,
1966,20-Jul-1966,"1ra Ronda, Grupo 2",Alemania Occidental,España,2 - 1,1966_alemania_occidental_espana,False,False,
1966,20-Jul-1966,"1ra Ronda, Grupo 4",URSS,Chile,2 - 1,1966_urss_chile,False,False,
1966,20-Jul-1966,"1ra Ronda, Grupo 3",Hungría,Bulgaria,3 - 1,1966_hungria_bulgaria,False,False,
1966,23-Jul-1966,Cuartos,Portugal,Corea del Norte,5 - 3,1966_portugal_corea_del_norte,False,False,
1966,23-Jul-1966,Cuartos,Inglaterra,Argentina,1 - 0,1966_inglaterra_argentina,False,False,
1966,23-Jul-1966,Cuartos,Alemania Occidental,Uruguay,4 - 0,1966_alemania_occidental_uruguay,False,False,
1966,23-Jul-1966,Cuartos,URSS,Hungría,2 - 1,1966_urss_hungria,False,False,
1966,25-Jul-1966,Semis,Alemania Occidental,URSS,2 - 1,1966_alemania_occidental_urss,False,False,
1966,26-Jul-1966,Semis,Inglaterra,Portugal,2 - 1,1966_inglaterra_portugal,False,False,
1966,28-Jul-1966,3er Puesto,Portugal,URSS,2 - 1,1966_portugal_urss,False,False,
1966,30-Jul-1966,Final,Inglaterra,Alemania Occidental,4 - 2,1966_inglaterra_alemania_occidental,True,False,
1962,30-May-1962,"1ra Ronda, Grupo 1",Uruguay,Colombia,2 - 1,1962_uruguay_colombia,False,False,
1962,30-May-1962,"1ra Ronda, Grupo 3",Brasil,México,2 - 0,1962_brasil_mexico,False,False,
1962,30-May-1962,"1ra Ronda, Grupo 2",Chile,Suiza,3 - 1,1962_chile_suiza,False,False,
1962,30-May-1962,"1ra Ronda, Grupo 4",Argentina,Bulgaria,1 - 0,1962_argentina_bulgaria,False,False,
1962,31-May-1962,"1ra Ronda, Grupo 3",Checoslovaquia,España,1 - 0,1962_checoslovaquia_espana,False,False,
1962,31-May-1962,"1ra Ronda, Grupo 1",URSS,Yugoslavia,2 - 0,1962_urss_yugoslavia,False,False,
1962,31-May-1962,"1ra Ronda, Grupo 4",Hungría,Inglaterra,2 - 1,1962_hungria_inglaterra,False,False,
1962,31-May-1962,"1ra Ronda, Grupo 2",Alemania Occidental,Italia,0 - 0,1962_alemania_occidental_italia,False,False,
1962,02-Jun-1962,"1ra Ronda, Grupo 2",Chile,Italia,2 - 0,1962_chile_italia,False,False,
1962,02-Jun-1962,"1ra Ronda, Grupo 3",Brasil,Checoslovaquia,0 - 0,1962_brasil_checoslovaquia,False,False,
1962,02-Jun-1962,"1ra Ronda, Grupo 1",Yugoslavia,Uruguay,3 - 1,1962_yugoslavia_uruguay,False,False,
1962,02-Jun-1962,"1ra Ronda, Grupo 4",Inglaterra,Argentina,3 - 1,1962_inglaterra_argentina,False,False,
1962,03-Jun-1962,"1ra Ronda, Grupo 4",Hungría,Bulgaria,6 - 1,1962_hungria_bulgaria,False,False,
1962,03-Jun-1962,"1ra Ronda, Grupo 1",URSS,Colombia,4 - 4,1962_urss_colombia,False,False,
1962,03-Jun-1962,"1ra Ronda, Grupo 3",España,México,1 - 0,1962_espana_mexico,False,False,
1962,03-Jun-1962,"1ra Ronda, Grupo 2",Alemania Occidental,Suiza,2 - 1,1962_alemania_occidental_suiza,False,False,
1962,06-Jun-1962,"1ra Ronda, Grupo 2",Alemania Occidental,Chile,2 - 0,1962_alemania_occidental_chile,False,False,
1962,06-Jun-1962,"1ra Ronda, Grupo 4",Hungría,Argentina,0 - 0,1962_hungria_argentina,False,False,
1962,06-Jun-1962,"1ra Ronda, Grupo 1",URSS,Uruguay,2 - 1,1962_urss_uruguay,False,False,
1962,06-Jun-1962,"1ra Ronda, Grupo 3",Brasil,España,2 - 1,1962_brasil_espana,False,False,
1962,07-Jun-1962,"1ra Ronda, Grupo 1",Yugoslavia,Colombia,5 - 0,1962_yugoslavia_colombia,False,False,
1962,07-Jun-1962,"1ra Ronda, Grupo 3",México,Checoslovaquia,3 - 1,1962_mexico_checoslovaquia,False,False,
1962,07-Jun-1962,"1ra Ronda, Grupo 2",Italia,Suiza,3 - 0,1962_italia_suiza,False,False,
1962,07-Jun-1962,"1ra Ronda, Grupo 4",Inglaterra,Bulgaria,0 - 0,1962_inglaterra_bulgaria,False,False,
1962,10-Jun-1962,Cuartos,Brasil,Inglaterra,3 - 1,1962_brasil_inglaterra,False,False,
1962,10-Jun-1962,Cuartos,Checoslovaquia,Hungría,1 - 0,1962_checoslovaquia_hungria,False,False,
1962,10-Jun-1962,Cuartos,Yugoslavia,Alemania Occidental,1 - 0,1962_yugoslavia_alemania_occidental,False,False,
1962,10-Jun-1962,Cuartos,Chile,URSS,2 - 1,1962_chile_urss,False,False,
1962,13-Jun-1962,Semis,Yugoslavia,Checoslovaquia,1 - 3,1962_yugoslavia_checoslovaquia,False,False,
1962,13-Jun-1962,Semis,Chile,Brasil,2 - 4,1962_chile_brasil,False,False,
1962,16-Jun-1962,3er Puesto,Chile,Yugoslavia,1 - 0,1962_chile_yugoslavia,False,False,
1962,17-Jun-1962,Final,Brasil,Checoslovaquia,3 - 1,1962_brasil_checoslovaquia_2,False,False,
1958,08-Jun-1958,"1ra Ronda, Grupo 3",Hungría,Gales,1 - 1,1958_hungria_gales,False,False,
1958,08-Jun-1958,"1ra Ronda, Grupo 1",Irlanda del Norte,Checoslovaquia,1 - 0,1958_irlanda_del_norte_checoslovaquia,False,False,
1958,08-Jun-1958,"1ra Ronda, Grupo 4",Brasil,Austria,3 - 0,1958_brasil_austria,False,False,
1958,08-Jun-1958,"1ra Ronda, Grupo 2",Francia,Paraguay,7 - 3,1958_francia_paraguay,False,False,
1958,08-Jun-1958,"1ra Ronda, Grupo 1",Argentina,Alemania Occidental,1 - 3,1958_argentina_alemania_occidental,False,False,
1958,08-Jun-1958,"1ra Ronda, Grupo 4",URSS,Inglaterra,2 - 2,1958_urss_inglaterra,False,False,
1958,08-Jun-1958,"1ra Ronda, Grupo 2",Yugoslavia,Escocia,1 - 1,1958_yugoslavia_escocia,False,False,
1958,08-Jun-1958,"1ra Ronda, Grupo 3",Suecia,México,3 - 0,1958_suecia_mexico,False,False,
1958,11-Jun-1958,"1ra Ronda, Grupo 2",Yugoslavia,Francia,3 - 2,1958_yugoslavia_francia,False,False,
1958,11-Jun-1958,"1ra Ronda, Grupo 2",Paraguay,Escocia,3 - 2,1958_paraguay_escocia,False,False,
1958,11-Jun-1958,"1ra Ronda, Grupo 3",México,Gales,1 - 1,1958_mexico_gales,False,False,
1958,11-Jun-1958,"1ra Ronda, Grupo 1",Alemania Occidental,Checoslovaquia,2 - 2,1958_alemania_occidental_checoslovaquia,False,False,
1958,11-Jun-1958,"1ra Ronda, Grupo 4",URSS,Austria,2 - 0,1958_urss_austria,False,False,
1958,11-Jun-1958,"1ra Ronda, Grupo 1",Argentina,Irlanda del Norte,3 - 1,1958_argentina_irlanda_del_norte,False,False,
1958,11-Jun-1958,"1ra Ronda, Grupo 4",Brasil,Inglaterra,0 - 0,1958_brasil_inglaterra,False,False,
1958,12-Jun-1958,"1ra Ronda, Grupo 3",Suecia,Hungría,2 - 1,1958_suecia_hungria,False,False,
1958,15-Jun-1958,"1ra Ronda, Grupo 2",Francia,Escocia,2 - 1,1958_francia_escocia,False,False,
1958,15-Jun-1958,"1ra Ronda, Grupo 3",Suecia,Gales,0 - 0,1958_suecia_gales,False,False,
1958,15-Jun-1958,"1ra Ronda, Grupo 1",Alemania Occidental,Irlanda del Norte,2 - 2,1958_alemania_occidental_irlanda_del_norte,False,False,
1958,15-Jun-1958,"1ra Ronda, Grupo 2",Paraguay,Yugoslavia,3 - 3,1958_paraguay_yugoslavia,False,False,
1958,15-Jun-1958,"1ra Ronda, Grupo 4",Brasil,URSS,2 - 0,1958_brasil_urss,False,False,
1958,15-Jun-1958,"1ra Ronda, Grupo 4",Inglaterra,Austria,2 - 2,1958_inglaterra_austria,False,False,
1958,15-Jun-1958,"1ra Ronda, Grupo 3",Hungría,México,4 - 0,1958_hungria_mexico,False,False,
1958,15-Jun-1958,"1ra Ronda, Grupo 1",Checoslovaquia,Argentina,6 - 1,1958_checoslovaquia_argentina,False,False,
1958,17-Jun-1958,"1ra Ronda, Grupo 1",Irlanda del Norte,Checoslovaquia,2 - 1,1958_irlanda_del_norte_checoslovaquia_2,False,False,
1958,17-Jun-1958,"1ra Ronda, Grupo 3",Gales,Hungría,2 - 1,1958_gales_hungria,False,False,
1958,17-Jun-1958,"1ra Ronda, Grupo 4",URSS,Inglaterra,1 - 0,1958_urss_inglaterra_2,False,False,
1958,19-Jun-1958,Cuartos,Francia,Irlanda del Norte,4 - 0,1958_francia_irlanda_del_norte,False,False,
1958,19-Jun-1958,Cuartos,Alemania Occidental,Yugoslavia,1 - 0,1958_alemania_occidental_yugoslavia,False,False,
1958,19-Jun-1958,Cuartos,Brasil,Gales,1 - 0,1958_brasil_gales,False,False,
1958,19-Jun-1958,Cuartos,Suecia,URSS,2 - 0,1958_suecia_urss,False,False,
1958,24-Jun-1958,Semis,Alemania Occidental,Suecia,1 - 3,1958_alemania_occidental_suecia,False,False,
1958,24-Jun-1958,Semis,Francia,Brasil,2 - 5,1958_francia_brasil,False,False,
1958,28-Jun-1958,3er Puesto,Alemania Occidental,Francia,3 - 6,1958_alemania_occidental_francia,False,False,
1958,29-Jun-1958,Final,Suecia,Brasil,2 - 5,1958_suecia_brasil,False,False,
1954,16-Jun-1954,"1ra Ronda, Grupo 1",Yugoslavia,Francia,1 - 0,1954_yugoslavia_francia,False,False,
1954,16-Jun-1954,"1ra Ronda, Grupo 3",Austria,Escocia,1 - 0,1954_austria_escocia,False,False,
1954,16-Jun-1954,"1ra Ronda, Grupo 3",Uruguay,Checoslovaquia,2 - 0,1954_uruguay_checoslovaquia,False,False,
1954,16-Jun-1954,"1ra Ronda, Grupo 1",Brasil,México,5 - 0,1954_brasil_mexico,False,False,
1954,17-Jun-1954,"1ra Ronda, Grupo 2",Hungría,Corea del Sur,9 - 0,1954_hungria_corea_del_sur,False,False,
1954,17-Jun-1954,"1ra Ronda, Grupo 4",Inglaterra,Bélgica,4 - 4,1954_inglaterra_belgica,False,False,
1954,17-Jun-1954,"1ra Ronda, Grupo 2",Alemania Occidental,Turquía,4 - 1,1954_alemania_occidental_turquia,False,False,
1954,17-Jun-1954,"1ra Ronda, Grupo 4",Suiza,Italia,2 - 1,1954_suiza_italia,False,False,
1954,19-Jun-1954,"1ra Ronda, Grupo 1",Francia,México,3 - 2,1954_francia_mexico,False,False,
1954,19-Jun-1954,"1ra Ronda, Grupo 1",Brasil,Yugoslavia,1 - 1,1954_brasil_yugoslavia,True,False,
1954,19-Jun-1954,"1ra Ronda, Grupo 3",Austria,Checoslovaquia,5 - 0,1954_austria_checoslovaquia,False,False,
1954,19-Jun-1954,"1ra Ronda, Grupo 3",Uruguay,Escocia,7 - 0,1954_uruguay_escocia,False,False,
1954,20-Jun-1954,"1ra Ronda, Grupo 2",Hungría,Alemania Occidental,8 - 3,1954_hungria_alemania_occidental,False,False,
1954,20-Jun-1954,"1ra Ronda, Grupo 2",Turquía,Corea del Sur,7 - 0,1954_turquia_corea_del_sur,False,False,
1954,20-Jun-1954,"1ra Ronda, Grupo 4",Inglaterra,Suiza,2 - 0,1954_inglaterra_suiza,False,False,
1954,20-Jun-1954,"1ra Ronda, Grupo 4",Italia,Bélgica,4 - 1,1954_italia_belgica,False,False,
1954,23-Jun-1954,"1ra Ronda, Grupo 4",Suiza,Italia,4 - 1,1954_suiza_italia_2,False,False,
1954,23-Jun-1954,"1ra Ronda, Grupo 2",Alemania Occidental,Turquía,7 - 2,1954_alemania_occidental_turquia_2,False,False,
1954,26-Jun-1954,Cuartos,Uruguay,Inglaterra,4 - 2,1954_uruguay_inglaterra,False,False,
1954,26-Jun-1954,Cuartos,Austria,Suiza,7 - 5,1954_austria_suiza,False,False,
1954,27-Jun-1954,Cuartos,Hungría,Brasil,4 - 2,1954_hungria_brasil,False,False,
1954,27-Jun-1954,Cuartos,Alemania Occidental,Yugoslavia,2 - 0,1954_alemania_occidental_yugoslavia,False,False,
1954,30-Jun-1954,Semis,Hungría,Uruguay,4 - 2,1954_hungria_uruguay,True,False,
1954,30-Jun-1954,Semis,Alemania Occidental,Austria,6 - 1,1954_alemania_occidental_austria,False,False,
1954,03-Jul-1954,3er Puesto,Uruguay,Austria,1 - 3,1954_uruguay_austria,False,False,
1954,04-Jul-1954,Final,Hungría,Alemania Occidental,2 - 3,1954_hungria_alemania_occidental_2,False,False,
1950,24-Jun-1950,"1ra Ronda, Grupo 1",Brasil,México,4 - 0,1950_brasil_mexico,False,False,
1950,25-Jun-1950,"1ra Ronda, Grupo 3",Suecia,Italia,3 - 2,1950_suecia_italia,False,False,
1950,25-Jun-1950,"1ra Ronda, Grupo 1",Yugoslavia,Suiza,3 - 0,1950_yugoslavia_suiza,False,False,
1950,25-Jun-1950,"1ra Ronda, Grupo 2",Inglaterra,Chile,2 - 0,1950_inglaterra_chile,False,False,
1950,25-Jun-1950,"1ra Ronda, Grupo 2",España,Estados Unidos,3 - 1,1950_espana_estados_unidos,False,False,
1950,28-Jun-1950,"1ra Ronda, Grupo 1",Yugoslavia,México,4 - 1,1950_yugoslavia_mexico,False,False,
1950,28-Jun-1950,"1ra Ronda, Grupo 1",Brasil,Suiza,2 - 2,1950_brasil_suiza,False,False,
1950,29-Jun-1950,"1ra Ronda, Grupo 3",Suecia,Paraguay,2 - 2,1950_suecia_paraguay,False,False,
1950,29-Jun-1950,"1ra Ronda, Grupo 2",Estados Unidos,Inglaterra,1 - 0,1950_estados_unidos_inglaterra,False,False,
1950,29-Jun-1950,"1ra Ronda, Grupo 2",España,Chile,2 - 0,1950_espana_chile,False,False,
1950,01-Jul-1950,"1ra Ronda, Grupo 1",Brasil,Yugoslavia,2 - 0,1950_brasil_yugoslavia,False,False,
1950,02-Jul-1950,"1ra Ronda, Grupo 4",Uruguay,Bolivia,8 - 0,1950_uruguay_bolivia,False,False,
1950,02-Jul-1950,"1ra Ronda, Grupo 1",Suiza,México,2 - 1,1950_suiza_mexico,False,False,
1950,02-Jul-1950,"1ra Ronda, Grupo 2",España,Inglaterra,1 - 0,1950_espana_inglaterra,False,False,
1950,02-Jul-1950,"1ra Ronda, Grupo 2",Chile,Estados Unidos,5 - 2,1950_chile_estados_unidos,False,False,
1950,02-Jul-1950,"1ra Ronda, Grupo 3",Italia,Paraguay,2 - 0,1950_italia_paraguay,False,False,
1950,09-Jul-1950,Ronda Final,Brasil,Suecia,7 - 1,1950_brasil_suecia,False,False,
1950,09-Jul-1950,Ronda Final,Uruguay,España,2 - 2,1950_uruguay_espana,False,False,
1950,13-Jul-1950,Ronda Final,Uruguay,Suecia,3 - 2,1950_uruguay_suecia,False,False,
1950,13-Jul-1950,Ronda Final,Brasil,España,6 - 1,1950_brasil_espana,False,False,
1950,16-Jul-1950,Ronda Final,Suecia,España,3 - 1,1950_suecia_espana,False,False,
1950,16-Jul-1950,Ronda Final,Uruguay,Brasil,2 - 1,1950_uruguay_brasil,False,False,
1938,04-Jun-1938,Octavos,Suiza,Alemania,1 - 1,1938_suiza_alemania,True,False,
1938,05-Jun-1938,Octavos,Francia,Bélgica,3 - 1,1938_francia_belgica,False,False,
1938,05-Jun-1938,Octavos,Italia,Noruega,2 - 1,1938_italia_noruega,True,False,
1938,05-Jun-1938,Octavos,Brasil,Polonia,6 - 5,1938_brasil_polonia,True,False,
1938,05-Jun-1938,Octavos,Hungría,Indias Orientales Holand.,6 - 0,1938_hungria_indias_orientales,False,False,
1938,05-Jun-1938,Octavos,Checoslovaquia,Paises Bajos,3 - 0,1938_checoslovaquia_holanda,True,False,
1938,05-Jun-1938,Octavos,Cuba,Rumania,3 - 3,1938_cuba_rumania,True,False,
1938,09-Jun-1938,Octavos,Suiza,Alemania,4 - 2,1938_suiza_alemania_2,False,False,
1938,09-Jun-1938,Octavos,Cuba,Rumania,2 - 1,1938_cuba_rumania_2,False,False,
1938,12-Jun-1938,Cuartos,Cuba,Suecia,0 - 8,1938_cuba_suecia,False,False,
1938,12-Jun-1938,Cuartos,Italia,Francia,3 - 1,1938_italia_francia,False,False,
1938,12-Jun-1938,Cuartos,Hungría,Suiza,2 - 0,1938_hungria_suiza,False,False,
1938,12-Jun-1938,Cuartos,Brasil,Checoslovaquia,1 - 1,1938_brasil_checoslovaquia,True,False,
1938,14-Jun-1938,Cuartos,Brasil,Checoslovaquia,2 - 1,1938_brasil_checoslovaquia_2,False,False,
1938,16-Jun-1938,Semis,Hungría,Suecia,5 - 1,1938_hungria_suecia,False,False,
1938,16-Jun-1938,Semis,Brasil,Italia,1 - 2,1938_brasil_italia,False,False,
1938,19-Jun-1938,3er Puesto,Brasil,Suecia,4 - 2,1938_brasil_suecia,False,False,
1938,19-Jun-1938,Final,Italia,Hungría,4 - 2,1938_italia_hungria,False,False,
1934,27-May-1934,Octavos,Alemania,Bélgica,5 - 2,1934_alemania_belgica,False,False,
1934,27-May-1934,Octavos,Suecia,Argentina,3 - 2,1934_suecia_argentina,False,False,
1934,27-May-1934,Octavos,Italia,Estados Unidos,7 - 1,1934_italia_estados_unidos,False,False,
1934,27-May-1934,Octavos,Hungría,Egipto,4 - 2,1934_hungria_egipto,False,False,
1934,27-May-1934,Octavos,España,Brasil,3 - 1,1934_espana_brasil,False,False,
1934,27-May-1934,Octavos,Checoslovaquia,Rumania,2 - 1,1934_checoslovaquia_rumania,False,False,
1934,27-May-1934,Octavos,Suiza,Paises Bajos,3 - 2,1934_suiza_holanda,False,False,
1934,27-May-1934,Octavos,Austria,Francia,3 - 2,1934_austria_francia,True,False,
1934,31-May-1934,Cuartos,Checoslovaquia,Suiza,3 - 2,1934_checoslovaquia_suiza,False,False,
1934,31-May-1934,Cuartos,Austria,Hungría,2 - 1,1934_austria_hungria,False,False,
1934,31-May-1934,Cuartos,Alemania,Suecia,2 - 1,1934_alemania_suecia,False,False,
1934,31-May-1934,Cuartos,Italia,España,1 - 1,1934_italia_espana,True,False,
1934,01-Jun-1934,Cuartos,Italia,España,1 - 0,1934_italia_espana_2,False,False,
1934,03-Jun-1934,Semis,Checoslovaquia,Alemania,3 - 1,1934_checoslovaquia_alemania,False,False,
1934,03-Jun-1934,Semis,Italia,Austria,1 - 0,1934_italia_austria,False,False,
1934,07-Jun-1934,3er Puesto,Austria,Alemania,2 - 3,1934_austria_alemania,False,False,
1934,10-Jun-1934,Final,Italia,Checoslovaquia,2 - 1,1934_italia_checoslovaquia,False,False,
1930,13-Jul-1930,"1ra Ronda, Grupo 1",Francia,México,4 - 1,1930_francia_mexico,False,False,
1930,13-Jul-1930,"1ra Ronda, Grupo 4",Estados Unidos,Bélgica,3 - 0,1930_estados_unidos_belgica,False,False,
1930,14-Jul-1930,"1ra Ronda, Grupo 3",Rumania,Perú,3 - 1,1930_rumania_peru,False,False,
1930,14-Jul-1930,"1ra Ronda, Grupo 2",Yugoslavia,Brasil,2 - 1,1930_yugoslavia_brasil,False,False,
1930,15-Jul-1930,"1ra Ronda, Grupo 1",Argentina,Francia,1 - 0,1930_argentina_francia,False,False,
1930,16-Jul-1930,"1ra Ronda, Grupo 1",Chile,México,3 - 0,1930_chile_mexico,False,False,
1930,17-Jul-1930,"1ra Ronda, Grupo 2",Yugoslavia,Bolivia,4 - 0,1930_yugoslavia_bolivia,False,False,
1930,17-Jul-1930,"1ra Ronda, Grupo 4",Estados Unidos,Paraguay,3 - 0,1930_estados_unidos_paraguay,False,False,
1930,18-Jul-1930,"1ra Ronda, Grupo 3",Uruguay,Perú,1 - 0,1930_uruguay_peru,False,False,
1930,19-Jul-1930,"1ra Ronda, Grupo 1",Argentina,México,6 - 3,1930_argentina_mexico,False,False,
1930,19-Jul-1930,"1ra Ronda, Grupo 1",Chile,Francia,1 - 0,1930_chile_francia,False,False,
1930,20-Jul-1930,"1ra Ronda, Grupo 4",Paraguay,Bélgica,1 - 0,1930_paraguay_belgica,False,False,
1930,20-Jul-1930,"1ra Ronda, Grupo 2",Brasil,Bolivia,4 - 0,1930_brasil_bolivia,False,False,
1930,21-Jul-1930,"1ra Ronda, Grupo 3",Uruguay,Rumania,4 - 0,1930_uruguay_rumania,False,False,
1930,22-Jul-1930,"1ra Ronda, Grupo 1",Argentina,Chile,3 - 1,1930_argentina_chile,False,False,
1930,26-Jul-1930,Semis,Argentina,Estados Unidos,6 - 1,1930_argentina_estados_unidos,False,False,
1930,27-Jul-1930,Semis,Uruguay,Yugoslavia,6 - 1,1930_uruguay_yugoslavia,False,False,
1930,30-Jul-1930,Final,Argentina,Uruguay,2 - 4,1930_argentina_uruguay,False,False,
