anio,seleccion_id,jugador_id,posicion,camiseta,club
2022,5,2876,AR,1,River Plate (ARG)
2022,5,2877,AR,12,Villarreal (ESP)
2022,5,1495,AR,23,Aston Villa (ING)
2022,5,2878,DF,2,Villarreal (ESP)
2022,5,1581,DF,3,Olympique de Lyon (FRA)
2022,5,1404,DF,4,Sevilla FC (ESP)
2022,5,1482,DF,6,Real Betis (ESP)
2022,5,1476,DF,13,Tottenham Hotspur (ING)
2022,5,1480,DF,19,Benfica (POR)
2022,5,1477,DF,25,Manchester United (ING)
2022,5,141,DF,26,Atlético Madrid (ESP)
2022,5,1479,MC,5,Juventus (ITA)
2022,5,2874,MC,7,Atlético Madrid (ESP)
2022,5,1448,MC,8,Sevilla FC (ESP)
2022,5,2879,MC,14,Bayer Leverkusen (ALE)
2022,5,2880,MC,16,Atlanta United FC (USA)
2022,5,2875,MC,17,Sevilla FC (ESP)
2022,5,2881,MC,18,Real Betis (ESP)
2022,5,110,MC,20,Brighton & Hove Albion (ING)
2022,5,80,MC,24,Benfica (POR)
2022,5,111,DL,9,Manchester City (ING)
2022,5,1,DL,10,PSG (FRA)
2022,5,150,DL,11,Juventus (ITA)
2022,5,2882,DL,15,Atlético Madrid (ESP)
2022,5,2630,DL,21,Roma (ITA)
2022,5,2627,DL,22,Inter (ITA)
2022,37,2961,AR,1,Tottenham Hotspur (ING)
2022,37,2966,AR,16,Stade Rennais (FRA)
2022,37,2967,AR,23,Fulham (ING)
2022,37,220,DF,2,Bayern Munich (ALE)
2022,37,2968,DF,3,AS Monaco FC (FRA)
2022,37,2693,DF,4,Manchester United (ING)
2022,37,1402,DF,5,FC Barcelona (ESP)
2022,37,2965,DF,13,AS Monaco FC (FRA)
2022,37,2969,DF,17,Arsenal (ING)
2022,37,2962,DF,18,Bayern Munich (ALE)
2022,37,2963,DF,21,Bayern Munich (ALE)
2022,37,145,DF,22,Milan (ITA)
2022,37,2964,DF,24,Liverpool (ING)
2022,37,2970,MC,6,Olympique de Marseille (FRA)
2022,37,144,MC,8,Real Madrid CF (ESP)
2022,37,54,MC,14,Young Boys (SUI)
2022,37,2971,MC,15,Olympique de Marseille (FRA)
2022,37,2972,MC,25,Real Madrid CF (ESP)
2022,37,31,DL,7,Atlético Madrid (ESP)
2022,37,11,DL,9,Milan (ITA)
2022,37,3,DL,10,PSG (FRA)
2022,37,1487,DL,11,FC Barcelona (ESP)
2022,37,146,DL,12,Eintracht Braunschweig (ALE)
2022,37,13,DL,19,Real Madrid CF (ESP)
2022,37,2631,DL,20,Bayern Munich (ALE)
2022,37,1494,DL,26,Borussia Mönchengladbach (ALE)
2018,5,3327,AR,1,Tigres (MEX)
2018,5,2876,AR,12,River Plate (ARG)
2018,5,3323,AR,23,Chelsea (ING)
2018,5,219,DF,2,Sevilla FC (ESP)
2018,5,1581,DF,3,Ajax (HOL)
2018,5,3328,DF,4,Torino (ITA)
2018,5,3329,DF,6,Roma (ITA)
2018,5,1448,DF,8,Sporting de Lisboa (POR)
2018,5,204,DF,16,Manchester United (ING)
2018,5,1480,DF,17,Manchester City (ING)
2018,5,3324,DF,18,Benfica (POR)
2018,5,1690,MC,5,Milan (ITA)
2018,5,1559,MC,7,Sevilla FC (ESP)
2018,5,150,MC,11,PSG (FRA)
2018,5,3325,MC,13,Independiente (ARG)
2018,5,1558,MC,14,Hebei China Fortune (CHN)
2018,5,3330,MC,15,River Plate (ARG)
2018,5,3331,MC,20,PSG (FRA)
2018,5,3326,MC,22,Boca Juniors (ARG)
2018,5,322,DL,9,Juventus (ITA)
2018,5,1,DL,10,FC Barcelona (ESP)
2018,5,161,DL,19,Manchester City (ING)
2018,5,2630,DL,21,Juventus (ITA)
2018,29,3258,AR,1,Al-Taawoun (ARA)
2018,29,3259,AR,16,Al-Ahly (EGI)
2018,29,3249,AR,23,Al-Ahly (EGI)
2018,29,1545,DF,2,West Bromwich Albion (ING)
2018,29,3260,DF,3,Aston Villa (ING)
2018,29,1498,DF,6,West Bromwich Albion (ING)
2018,29,1546,DF,7,Al-Ahly (EGI)
2018,29,3261,DF,12,Al-Ahly (EGI)
2018,29,3250,DF,13,Al-Ahli (ARA)
2018,29,3262,DF,15,Zamalek (EGI)
2018,29,3263,DF,20,Al-Ahly (EGI)
2018,29,3264,MC,4,Los Angeles FC (USA)
2018,29,1497,MC,5,Wigan Athletic (ING)
2018,29,3251,MC,8,Zamalek (EGI)
2018,29,3252,MC,17,Arsenal (ING)
2018,29,3253,MC,19,Kuopion Palloseura (FIN)
2018,29,1520,MC,21,Kasımpaşa (TUR)
2018,29,3254,DL,9,Al-Ahly (EGI)
2018,29,174,DL,10,Liverpool (ING)
2018,29,3256,DL,11,Al-Ittihad (ARA)
2018,29,3257,DL,14,Stoke City (ING)
2018,29,3265,DL,18,Al-Raed (ARA)
2018,29,3255,DL,22,Atromitos (GRE)
2018,37,2961,AR,1,Tottenham Hotspur (ING)
2018,37,2966,AR,16,Olympique de Marseille (FRA)
2018,37,2967,AR,23,PSG (FRA)
2018,37,220,DF,2,VfB Stuttgart (ALE)
2018,37,3307,DF,3,PSG (FRA)
2018,37,2693,DF,4,Real Madrid CF (ESP)
2018,37,236,DF,5,FC Barcelona (ESP)
2018,37,3308,DF,17,Olympique de Marseille (FRA)
2018,37,3309,DF,19,AS Monaco FC (FRA)
2018,37,2963,DF,21,Atlético Madrid (ESP)
2018,37,3310,DF,22,Manchester City (ING)
2018,37,317,MC,6,Manchester United (ING)
2018,37,1503,MC,12,Bayern Munich (ALE)
2018,37,1594,MC,13,Chelsea (ING)
2018,37,277,MC,14,Juventus (ITA)
2018,37,3311,MC,15,Sevilla FC (ESP)
2018,37,31,DL,7,Atlético Madrid (ESP)
2018,37,3312,DL,8,AS Monaco FC (FRA)
2018,37,11,DL,9,Chelsea (ING)
2018,37,3,DL,10,PSG (FRA)
2018,37,1487,DL,11,FC Barcelona (ESP)
2018,37,3306,DL,18,Olympique de Lyon (FRA)
2018,37,3313,DL,20,Olympique de Marseille (FRA)
2018,124,3225,AR,1,CSKA Moscú (RUS)
2018,124,3228,AR,12,Zenit (RUS)
2018,124,3229,AR,20,Club Brujas KV (BEL)
2018,124,233,DF,2,CSKA Moscú (RUS)
2018,124,1583,DF,3,Spartak Moscú (RUS)
2018,124,2632,DF,4,CSKA Moscú (RUS)
2018,124,3230,DF,5,Ajmat Grozni (RUS)
2018,124,3231,DF,13,Rubin Kazan (RUS)
2018,124,3232,DF,14,Rubin Kazan (RUS)
2018,124,1544,DF,23,Zenit (RUS)
2018,124,152,MC,6,Villarreal (ESP)
2018,124,2641,MC,7,Zenit (RUS)
2018,124,151,MC,8,Krasnodar (RUS)
2018,124,2640,MC,9,CSKA Moscú (RUS)
2018,124,1584,MC,11,Spartak Moscú (RUS)
2018,124,3233,MC,15,Lokomotiv Moscú (RUS)
2018,124,3234,MC,16,Lokomotiv Moscú (RUS)
2018,124,154,MC,17,CSKA Moscú (RUS)
2018,124,3226,MC,18,Zenit (RUS)
2018,124,3227,MC,19,Spartak Moscú (RUS)
2018,124,3235,MC,21,Zenit (RUS)
2018,124,1521,DL,10,Krasnodar (RUS)
2018,124,153,DL,22,Arsenal Tula (RUS)
2018,135,1651,AR,1,Galatasaray (TUR)
2018,135,3268,AR,12,Independiente (ARG)
2018,135,3269,AR,23,Vasco da Gama (BRA)
2018,135,155,DF,2,Atlético Madrid (ESP)
2018,135,32,DF,3,Atlético Madrid (ESP)
2018,135,3137,DF,4,Peñarol (URU)
2018,135,3270,DF,13,Independiente (ARG)
2018,135,397,DF,16,Porto (POR)
2018,135,1459,DF,19,Sporting de Lisboa (POR)
2018,135,1381,DF,22,Lazio (ITA)
2018,135,1517,MC,5,Monterrey (MEX)
2018,135,1428,MC,6,Juventus (ITA)
2018,135,3267,MC,7,Peñarol (URU)
2018,135,3266,MC,8,Boca Juniors (ARG)
2018,135,3143,MC,14,Sampdoria (ITA)
2018,135,3134,MC,15,Inter (ITA)
2018,135,3271,MC,17,Genoa (ITA)
2018,135,175,DL,9,FC Barcelona (ESP)
2018,135,120,DL,10,Cruzeiro (BRA)
2018,135,3272,DL,11,Girona (ESP)
2018,135,3146,DL,18,Celta de Vigo (ESP)
2018,135,3273,DL,20,Monterrey (MEX)
2018,135,36,DL,21,PSG (FRA)
2014,1,2738,AR,1,Bayern Munich (ALE)
2014,1,3779,AR,12,Hannover 96 (ALE)
2014,1,3780,AR,22,Borussia Dortmund (ALE)
2014,1,3781,DF,2,Borussia Dortmund (ALE)
2014,1,3023,DF,3,SC Freiburg (ALE)
2014,1,1660,DF,4,Schalke 04 (ALE)
2014,1,266,DF,5,Borussia Dortmund (ALE)
2014,1,3782,DF,15,Borussia Dortmund (ALE)
2014,1,3777,DF,17,Arsenal (ING)
2014,1,1535,DF,20,Bayern Munich (ALE)
2014,1,3778,DF,21,Sampdoria (ITA)
2014,1,323,MC,6,Real Madrid CF (ESP)
2014,1,475,MC,7,Bayern Munich (ALE)
2014,1,320,MC,8,Arsenal (ING)
2014,1,3478,MC,14,Schalke 04 (ALE)
2014,1,400,MC,16,Bayern Munich (ALE)
2014,1,183,MC,18,Bayern Munich (ALE)
2014,1,3783,MC,23,Borussia Mönchengladbach (ALE)
2014,1,319,DL,9,Chelsea (ING)
2014,1,331,DL,10,Arsenal (ING)
2014,1,6,DL,11,Lazio (ITA)
2014,1,15,DL,13,Bayern Munich (ALE)
2014,1,282,DL,19,Bayern Munich (ALE)
2014,5,3720,AR,1,AS Monaco FC (FRA)
2014,5,3725,AR,12,Boca Juniors (ARG)
2014,5,3726,AR,21,Catania (ITA)
2014,5,1681,DF,2,Benfica (POR)
2014,5,3721,DF,3,Inter (ITA)
2014,5,3722,DF,4,Manchester City (ING)
2014,5,375,DF,15,Manchester City (ING)
2014,5,204,DF,16,Sporting de Lisboa (POR)
2014,5,3723,DF,17,Napoli (ITA)
2014,5,3727,DF,23,Monterrey (MEX)
2014,5,3724,MC,5,Boca Juniors (ARG)
2014,5,1690,MC,6,Lazio (ITA)
2014,5,150,MC,7,Real Madrid CF (ESP)
2014,5,3330,MC,8,Benfica (POR)
2014,5,422,MC,11,Newell's Old Boys (ARG)
2014,5,3728,MC,13,Celta de Vigo (ESP)
2014,5,1558,MC,14,FC Barcelona (ESP)
2014,5,3729,MC,19,Inter (ITA)
2014,5,322,DL,9,Napoli (ITA)
2014,5,1,DL,10,FC Barcelona (ESP)
2014,5,3730,DL,18,Inter (ITA)
2014,5,161,DL,20,Manchester City (ING)
2014,5,3731,DL,22,PSG (FRA)
2014,10,3536,AR,1,Botafogo (BRA)
2014,10,1685,AR,12,Toronto FC (USA)
2014,10,2460,AR,22,Atlético Mineiro (BRA)
2014,10,10,DF,2,FC Barcelona (ESP)
2014,10,30,DF,3,PSG (FRA)
2014,10,312,DF,4,PSG (FRA)
2014,10,2643,DF,6,Real Madrid CF (ESP)
2014,10,1691,DF,13,Bayern Munich (ALE)
2014,10,3537,DF,14,PSG (FRA)
2014,10,3538,DF,15,Napoli (ITA)
2014,10,339,DF,23,Roma (ITA)
2014,10,295,MC,5,Manchester City (ING)
2014,10,207,MC,8,Tottenham Hotspur (ING)
2014,10,240,MC,11,Chelsea (ING)
2014,10,1620,MC,16,Chelsea (ING)
2014,10,1597,MC,17,VfL Wolfsburg (ALE)
2014,10,3534,MC,18,Inter (ITA)
2014,10,2642,MC,19,Chelsea (ING)
2014,10,3535,MC,20,Shakhtar Donetsk (UCR)
2014,10,1675,DL,7,Zenit (RUS)
2014,10,294,DL,9,Fluminense (BRA)
2014,10,12,DL,10,FC Barcelona (ESP)
2014,10,1676,DL,21,Atlético Mineiro (BRA)
2014,14,3556,AR,1,Cotonsport Garoua (CAM)
2014,14,3550,AR,16,Atromitos (GRE)
2014,14,3557,AR,23,Fethiyespor (TUR)
2014,14,3551,DF,2,Queen's Park Rangers (ING)
2014,14,1420,DF,3,Olympique de Marseille (FRA)
2014,14,3552,DF,4,Cotonsport Garoua (CAM)
2014,14,1598,DF,5,Besiktas (TUR)
2014,14,3558,DF,12,Olympique de Lyon (FRA)
2014,14,3553,DF,14,Galatasaray (TUR)
2014,14,1642,DF,17,Sevilla FC (ESP)
2014,14,3559,DF,22,Granada CF (ESP)
2014,14,1623,MC,6,FC Barcelona (ESP)
2014,14,3560,MC,7,Girondins de Bordeaux (FRA)
2014,14,3561,MC,11,Stade Rennais (FRA)
2014,14,1640,MC,18,Antalyaspor (TUR)
2014,14,293,MC,21,Schalke 04 (ALE)
2014,14,3554,DL,8,AS Nancy (FRA)
2014,14,355,DL,9,Chelsea (ING)
2014,14,93,DL,10,FC Lorient (FRA)
2014,14,94,DL,13,Mainz 05 (ALE)
2014,14,3555,DL,15,Fenerbahce (TUR)
2014,14,3562,DL,19,Zulte Waregem (BEL)
2014,14,1641,DL,20,Lens (FRA)
2014,24,1937,AR,1,Rostov (RUS)
2014,24,3540,AR,12,NK Lokomotiva (CRO)
2014,24,3351,AR,23,AS Monaco FC (FRA)
2014,24,1529,DF,2,Genoa (ITA)
2014,24,3541,DF,3,Panathinaikos (GRE)
2014,24,1530,DF,5,Lokomotiv Moscú (RUS)
2014,24,1415,DF,6,Southampton (ING)
2014,24,459,DF,11,Shakhtar Donetsk (UCR)
2014,24,3542,DF,13,Panathinaikos (GRE)
2014,24,232,DF,21,Dinamo de Kiev (UCR)
2014,24,134,MC,4,VfL Wolfsburg (ALE)
2014,24,178,MC,7,Sevilla FC (ESP)
2014,24,3543,MC,8,Spartak Moscú (RUS)
2014,24,7,MC,10,Real Madrid CF (ESP)
2014,24,1485,MC,14,Dinamo Zagreb (CRO)
2014,24,205,MC,15,Hamburgo (ALE)
2014,24,3544,MC,19,Getafe (ESP)
2014,24,1471,MC,20,Inter (ITA)
2014,24,3539,DL,9,Hull City (ING)
2014,24,177,DL,16,Fiorentina (ITA)
2014,24,223,DL,17,Bayern Munich (ALE)
2014,24,272,DL,18,VfL Wolfsburg (ALE)
2014,24,1624,DL,22,Shakhtar Donetsk (UCR)
2014,111,3530,AR,1,Cruz Azul (MEX)
2014,111,2936,AR,12,Toluca (MEX)
2014,111,22,AR,13,AC Ajaccio (FRA)
2014,111,1733,DF,2,Cruz Azul (MEX)
2014,111,1839,DF,3,Guadalajara (MEX)
2014,111,296,DF,4,León (MEX)
2014,111,3545,DF,5,Porto (POR)
2014,111,1571,DF,7,América (MEX)
2014,111,1370,DF,15,RCD Español (ESP)
2014,111,3546,DF,16,Toluca (MEX)
2014,111,1621,DF,22,América (MEX)
2014,111,1406,MC,6,Porto (POR)
2014,111,3528,MC,8,Cruz Azul (MEX)
2014,111,313,MC,10,Villarreal (ESP)
2014,111,3547,MC,17,Toluca (MEX)
2014,111,297,MC,18,Bayer Leverkusen (ALE)
2014,111,3533,MC,20,Villarreal (ESP)
2014,111,3548,MC,21,León (MEX)
2014,111,1622,MC,23,León (MEX)
2014,111,21,DL,9,América (MEX)
2014,111,3549,DL,11,Tigres (MEX)
2014,111,35,DL,14,Manchester United (ING)
2014,111,241,DL,19,América (MEX)
2010,1,2738,AR,1,Schalke 04 (GER)
2010,1,3977,AR,12,Werder Bremen (GER)
2010,1,3978,AR,22,Bayern Munich (GER)
2010,1,395,DF,3,Hertha Berlin (GER)
2010,1,1822,DF,4,Hamburger SV (GER)
2010,1,3979,DF,5,VfB Stuttgart (GER)
2010,1,3975,DF,14,Bayern Munich (GER)
2010,1,400,DF,16,Bayern Munich (GER)
2010,1,3777,DF,17,Werder Bremen (GER)
2010,1,1535,DF,20,Hamburger SV (GER)
2010,1,399,MC,2,Hamburger SV (GER)
2010,1,323,MC,6,VfB Stuttgart (GER)
2010,1,475,MC,7,Bayern Munich (GER)
2010,1,320,MC,8,Werder Bremen (GER)
2010,1,15,MC,13,Bayern Munich (GER)
2010,1,3980,MC,15,Hamburger SV (GER)
2010,1,183,MC,18,Bayer Leverkusen (GER)
2010,1,3976,MC,21,Werder Bremen (GER)
2010,1,3981,DL,9,Bayer Leverkusen (GER)
2010,1,331,DL,10,FC Cologne (GER)
2010,1,6,DL,11,Bayern Munich (ALE)
2010,1,332,DL,19,VfB Stuttgart (GER)
2010,1,3481,DL,23,Bayern Munich (GER)
2010,5,3891,AR,1,Atletico Colon (ARG)
2010,5,3726,AR,21,Catania (ITA)
2010,5,3720,AR,22,AZ Alkmaar (NED)
2010,5,375,DF,2,Bayern Munich (GER)
2010,5,3892,DF,3,Estudiantes La Plata (ARG)
2010,5,3889,DF,4,AS Roma (ITA)
2010,5,326,DF,6,Marseille (FRA)
2010,5,3893,DF,12,Atletico Colon (ARG)
2010,5,1987,DF,13,Inter (ITA)
2010,5,1480,DF,15,Velez Sarsfield (ARG)
2010,5,1774,MC,5,Fiorentina (ITA)
2010,5,150,MC,7,Benfica (POR)
2010,5,2220,MC,8,Estudiantes La Plata (ARG)
2010,5,1558,MC,14,Liverpool (ENG)
2010,5,1698,MC,17,Newcastle Utd. (ENG)
2010,5,422,MC,20,Liverpool (ENG)
2010,5,3894,MC,23,Palermo (ITA)
2010,5,322,DL,9,Real Madrid (ESP)
2010,5,1,DL,10,Barcelona (ESP)
2010,5,391,DL,11,Manchester City (ENG)
2010,5,161,DL,16,Atletico Madrid (ESP)
2010,5,376,DL,18,Boca Juniors (ARG)
2010,5,3890,DL,19,Inter (ITA)
2010,37,2961,AR,1,Lyon (FRA)
2010,37,2966,AR,16,Marseille (FRA)
2010,37,3882,AR,23,Bordeaux (FRA)
2010,37,3700,DF,2,Arsenal (ENG)
2010,37,1732,DF,3,Barcelona (ESP)
2010,37,3883,DF,4,Lyon (FRA)
2010,37,3878,DF,5,Arsenal (ENG)
2010,37,3884,DF,6,Bordeaux (FRA)
2010,37,1608,DF,13,Manchester Utd. (ENG)
2010,37,3885,DF,17,Sevilla FC (ESP)
2010,37,3886,DF,22,Arsenal (ENG)
2010,37,1769,MC,8,Bordeaux (FRA)
2010,37,1697,MC,14,Lyon (FRA)
2010,37,372,MC,15,Chelsea (ENG)
2010,37,3887,MC,18,Bordeaux (FRA)
2010,37,1770,MC,19,Arsenal (ENG)
2010,37,468,DL,7,Bayern Munich (GER)
2010,37,3888,DL,9,Panathinaikos (GRE)
2010,37,3879,DL,10,Lyon (FRA)
2010,37,3881,DL,11,Toulouse (FRA)
2010,37,430,DL,12,Barcelona (ECU)
2010,37,278,DL,20,Marseille (FRA)
2010,37,3880,DL,21,Chelsea (ENG)
2010,111,2072,AR,1,Jaguares (MEX)
2010,111,22,AR,13,America (MEX)
2010,111,3867,AR,23,Chivas (MEX)
2010,111,1733,DF,2,PSV Eindhoven (NED)
2010,111,1839,DF,3,PSV Eindhoven (NED)
2010,111,296,DF,4,Barcelona (ESP)
2010,111,3866,DF,5,VfB Stuttgart (GER)
2010,111,1621,DF,12,Pachuca (MEX)
2010,111,1370,DF,15,AZ Alkmaar (NED)
2010,111,1692,DF,16,Pumas UNAM (MEX)
2010,111,3868,DF,19,Chivas (MEX)
2010,111,520,MC,6,Cruz Azul (MEX)
2010,111,1768,MC,8,Pumas UNAM (MEX)
2010,111,297,MC,18,Deportivo La Coruna (ESP)
2010,111,3869,MC,20,Atlas (MEX)
2010,111,3870,DL,7,Pumas UNAM (MEX)
2010,111,1731,DL,9,West Ham Utd. (ENG)
2010,111,34,DL,10,Veracruz (MEX)
2010,111,38,DL,11,Arsenal (ENG)
2010,111,35,DL,14,Chivas (MEX)
2010,111,313,DL,17,Galatasaray (TUR)
2010,111,3871,DL,21,Chivas (MEX)
2010,111,3872,DL,22,Chivas (MEX)
2010,127,3857,AR,1,Orlando Pirates (RSA)
2010,127,1730,AR,16,Kaizer Chiefs (RSA)
2010,127,3858,AR,22,Maritzburg Utd. (RSA)
2010,127,3852,DF,2,Mamelodi Sundowns (RSA)
2010,127,1694,DF,3,Maccabi Haifa (ISR)
2010,127,1980,DF,4,Portsmouth (ENG)
2010,127,3859,DF,5,Racing Genk (BEL)
2010,127,3860,DF,14,Mamelodi Sundowns (RSA)
2010,127,3853,DF,15,Orlando Pirates (RSA)
2010,127,370,DF,20,SuperSport Utd. (RSA)
2010,127,3861,DF,21,Golden Arrows (RSA)
2010,127,3862,MC,6,Rubin Kazan (RUS)
2010,127,3863,MC,7,Ajax Cape Town (RSA)
2010,127,325,MC,8,Kaizer Chiefs (RSA)
2010,127,1729,MC,10,Everton (ENG)
2010,127,3854,MC,11,Orlando Pirates (RSA)
2010,127,3855,MC,12,Kaizer Chiefs (RSA)
2010,127,1693,MC,13,Fulham (ENG)
2010,127,3864,MC,19,Mamelodi Sundowns (RSA)
2010,127,3865,MC,23,Golden Arrows (RSA)
2010,127,371,DL,9,Mamelodi Sundowns (RSA)
2010,127,3856,DL,17,Twente Enschede (NED)
2010,127,514,DL,18,Moroka Swallows (RSA)
2010,135,1651,AR,1,Lazio (ITA)
2010,135,3875,AR,12,Deportivo Cali (COL)
2010,135,3269,AR,23,Defensor Sporting (URU)
2010,135,1604,DF,2,Fenerbahce (TUR)
2010,135,32,DF,3,Villarreal (ESP)
2010,135,1767,DF,4,Porto (POR)
2010,135,1695,DF,6,Univ. de Chile (CHI)
2010,135,397,DF,16,Benfica (POR)
2010,135,2656,DF,19,Colo Colo (CHI)
2010,135,1381,DF,22,Juventus (ITA)
2010,135,1605,MC,5,Napoli (ITA)
2010,135,3874,MC,8,AIK Stockholm (SWE)
2010,135,343,MC,11,Porto (POR)
2010,135,1696,MC,14,Ajax (NED)
2010,135,1816,MC,15,Monaco (FRA)
2010,135,1649,MC,17,Penarol (URU)
2010,135,3873,MC,18,Valencia (ESP)
2010,135,3876,MC,20,Univ. de Chile (CHI)
2010,135,36,DL,7,Palermo (ITA)
2010,135,175,DL,9,Ajax (NED)
2010,135,40,DL,10,Atletico Madrid (ESP)
2010,135,2006,DL,13,Botafogo (BRA)
2010,135,3877,DL,21,Banfield (ARG)
2006,1,4150,AR,1,"10-Nov-1969 1.90 m / 6' 2"""
2006,1,2050,AR,12,"15-Jun-1969 1.88 m / 6' 2"""
2006,1,4151,AR,23,"05-Apr-1979 1.85 m / 6' 0"""
2006,1,399,DF,2,"04-Nov-1985 1.90 m / 6' 2"""
2006,1,395,DF,3,"29-May-1979 1.85 m / 6' 0"""
2006,1,4152,DF,4,"18-Ago-1984 1.91 m / 6' 3"""
2006,1,4153,DF,6,"11-Ene-1974 1.84 m / 6' 0"""
2006,1,400,DF,16,"11-Nov-1983 1.70 m / 5' 6"""
2006,1,3777,DF,17,"29-Sep-1984 1.96 m / 6' 5"""
2006,1,1866,DF,21,"05-Nov-1980 1.93 m / 6' 3"""
2006,1,2100,MC,5,"13-Feb-1980 1.86 m / 6' 1"""
2006,1,475,MC,7,"01-Ago-1984 1.80 m / 5' 10"""
2006,1,402,MC,8,"22-Nov-1976 1.82 m / 5' 11"""
2006,1,482,MC,13,"26-Sep-1976 1.89 m / 6' 2"""
2006,1,4154,MC,15,"05-Apr-1982 1.83 m / 6' 0"""
2006,1,1906,MC,18,"02-May-1980 1.94 m / 6' 4"""
2006,1,486,MC,19,"17-Nov-1973 1.76 m / 5' 9"""
2006,1,1865,MC,22,"21-Feb-1984 1.74 m / 5' 8"""
2006,1,4155,DL,9,"05-Nov-1983 1.84 m / 6' 0"""
2006,1,420,DL,10,"01-May-1973 1.71 m / 5' 7"""
2006,1,6,DL,11,"09-Jun-1978 1.82 m / 5' 11"""
2006,1,4156,DL,14,"03-Oct-1978 1.80 m / 5' 10"""
2006,1,331,DL,20,"04-Jun-1985 1.80 m / 5' 10"""
2006,5,4240,AR,1,"19-Ago-1972 1.86 m / 6' 1"""
2006,5,4242,AR,12,"20-May-1977 1.88 m / 6' 2"""
2006,5,4243,AR,23,"03-Jul-1986 1.84 m / 6' 0"""
2006,5,470,DF,2,"14-Apr-1973 1.77 m / 5' 9"""
2006,5,1954,DF,3,"05-May-1976 1.73 m / 5' 8"""
2006,5,4244,DF,4,"22-Ene-1982 1.83 m / 6' 0"""
2006,5,326,DF,6,"19-Apr-1978 1.78 m / 5' 10"""
2006,5,4245,DF,13,"16-May-1978 1.82 m / 5' 11"""
2006,5,4246,DF,15,"07-Sep-1980 1.77 m / 5' 9"""
2006,5,1963,DF,17,"09-May-1978 1.77 m / 5' 9"""
2006,5,3889,DF,21,"12-Apr-1981 1.74 m / 5' 8"""
2006,5,423,MC,5,"18-Ago-1980 1.78 m / 5' 10"""
2006,5,1558,MC,8,"08-Jun-1984 1.71 m / 5' 7"""
2006,5,4241,MC,10,"24-Jun-1978 1.82 m / 5' 11"""
2006,5,33,MC,16,"03-Nov-1979 1.70 m / 5' 6"""
2006,5,422,MC,18,"02-Ene-1981 1.73 m / 5' 8"""
2006,5,1834,MC,22,"19-Ene-1981 1.85 m / 6' 0"""
2006,5,407,DL,7,"11-Dic-1981 1.68 m / 5' 6"""
2006,5,406,DL,9,"05-Jul-1975 1.84 m / 6' 0"""
2006,5,391,DL,11,"05-Feb-1984 1.73 m / 5' 8"""
2006,5,3730,DL,14,"05-Feb-1982 1.76 m / 5' 9"""
2006,5,1,DL,19,"24-Jun-1987 1.70 m / 5' 7"""
2006,5,1962,DL,20,"10-Oct-1974 1.90 m / 6' 2"""
2006,10,4342,AR,1,"07-Oct-1973 1.95 m / 6' 4"""
2006,10,4343,AR,12,"22-Ene-1973 1.88 m / 6' 2"""
2006,10,1685,AR,22,"03-Sep-1979 1.86 m / 6' 1"""
2006,10,1892,DF,2,"07-Jun-1970 1.76 m / 5' 9"""
2006,10,1965,DF,3,"08-May-1978 1.88 m / 6' 2"""
2006,10,392,DF,4,"01-Feb-1979 1.82 m / 5' 11"""
2006,10,517,DF,6,"10-Apr-1973 1.68 m / 5' 6"""
2006,10,4344,DF,13,"24-Jun-1980 1.72 m / 5' 7"""
2006,10,4100,DF,14,"13-Feb-1981 1.93 m / 6' 3"""
2006,10,4345,DF,15,"03-Jun-1977 1.83 m / 6' 0"""
2006,10,458,DF,16,"25-Apr-1976 1.80 m / 5' 10"""
2006,10,1849,MC,5,"04-Apr-1976 1.82 m / 5' 11"""
2006,10,416,MC,8,"22-Apr-1982 1.86 m / 6' 1"""
2006,10,518,MC,10,"21-Mar-1980 1.83 m / 6' 0"""
2006,10,467,MC,11,"06-Jul-1974 1.72 m / 5' 7"""
2006,10,2104,MC,17,"07-Oct-1976 1.90 m / 6' 2"""
2006,10,4346,MC,18,"02-Ago-1975 1.69 m / 5' 6"""
2006,10,457,MC,19,"30-Ene-1975 1.78 m / 5' 10"""
2006,10,4347,MC,20,"23-May-1976 1.76 m / 5' 9"""
2006,10,429,DL,7,"17-Feb-1982 1.89 m / 6' 2"""
2006,10,4,DL,9,"22-Sep-1976 1.83 m / 6' 0"""
2006,10,294,DL,21,"03-Oct-1983 1.85 m / 6' 0"""
2006,10,393,DL,23,"25-Ene-1984 1.75 m / 5' 8"""
2006,22,4160,AR,1,"24-Dic-1972 1.80 m / 5' 10"""
2006,22,4157,AR,18,"08-Nov-1970 1.84 m / 6' 0"""
2006,22,4161,AR,23,"31-Dic-1977 1.80 m / 5' 10"""
2006,22,4159,DF,2,"08-Sep-1976 1.72 m / 5' 7"""
2006,22,1868,DF,3,"10-Ago-1974 1.80 m / 5' 10"""
2006,22,1687,DF,4,"16-Jul-1982 1.83 m / 6' 0"""
2006,22,2024,DF,5,"01-Oct-1979 1.74 m / 5' 8"""
2006,22,1912,DF,12,"21-Nov-1980 1.86 m / 6' 1"""
2006,22,4162,DF,15,"07-Sep-1975 1.75 m / 5' 8"""
2006,22,1910,DF,17,"30-Jun-1984 1.81 m / 5' 11"""
2006,22,4163,DF,22,"30-Dic-1981 1.74 m / 5' 8"""
2006,22,1826,MC,6,"07-Nov-1979 1.79 m / 5' 10"""
2006,22,2650,MC,7,"17-May-1984 1.77 m / 5' 9"""
2006,22,1869,MC,8,"13-Dic-1972 1.77 m / 5' 9"""
2006,22,1999,MC,10,"06-Oct-1974 1.74 m / 5' 8"""
2006,22,3388,MC,14,"30-Dic-1984 1.82 m / 5' 11"""
2006,22,4164,MC,16,"09-Apr-1982 1.70 m / 5' 6"""
2006,22,4158,MC,20,"23-Ago-1977 1.86 m / 6' 1"""
2006,22,401,DL,9,"31-Jul-1976 1.82 m / 5' 11"""
2006,22,437,DL,11,"24-Ene-1975 1.83 m / 6' 0"""
2006,22,4165,DL,13,"08-Dic-1977 1.85 m / 6' 0"""
2006,22,4166,DL,19,"25-Mar-1982 1.83 m / 6' 0"""
2006,22,4167,DL,21,"15-Apr-1980 1.78 m / 5' 10"""
2006,28,4185,AR,1,"12-Mar-1979 1.86 m / 6' 1"""
2006,28,1872,AR,12,"26-Ago-1979 1.85 m / 6' 0"""
2006,28,4186,AR,22,"10-Apr-1982 1.86 m / 6' 1"""
2006,28,3679,DF,2,"28-Sep-1981 1.79 m / 5' 10"""
2006,28,1827,DF,3,"16-Ago-1974 1.80 m / 5' 10"""
2006,28,1871,DF,4,"08-Feb-1974 1.78 m / 5' 10"""
2006,28,4187,DF,5,"06-Oct-1981 1.93 m / 6' 3"""
2006,28,4188,DF,13,"14-Oct-1980 1.77 m / 5' 9"""
2006,28,4181,DF,17,"12-Apr-1977 1.84 m / 6' 0"""
2006,28,4182,DF,18,"23-Jul-1977 1.71 m / 5' 7"""
2006,28,4184,MC,6,"15-Oct-1977 1.78 m / 5' 10"""
2006,28,4189,MC,7,"27-Apr-1980 1.62 m / 5' 3"""
2006,28,545,MC,8,"16-Mar-1979 1.75 m / 5' 8"""
2006,28,1870,MC,14,"15-May-1982 1.79 m / 5' 10"""
2006,28,4190,MC,15,"27-Sep-1971 1.74 m / 5' 8"""
2006,28,1632,MC,16,"04-Ago-1985 1.80 m / 5' 10"""
2006,28,3691,MC,19,"20-Oct-1983 1.75 m / 5' 8"""
2006,28,4183,MC,20,"16-Jun-1976 1.72 m / 5' 7"""
2006,28,4191,DL,9,"02-Apr-1983 1.80 m / 5' 10"""
2006,28,421,DL,10,"24-Oct-1977 1.82 m / 5' 11"""
2006,28,404,DL,11,"23-Dic-1974 1.89 m / 6' 2"""
2006,28,403,DL,21,"14-May-1979 1.82 m / 5' 11"""
2006,28,4192,DL,23,"01-May-1986 1.68 m / 5' 6"""
2006,119,1867,AR,1,"20-Feb-1980 1.92 m / 6' 3"""
2006,119,4174,AR,12,"20-Mar-1982 1.91 m / 6' 3"""
2006,119,3508,AR,22,"18-Apr-1985 1.90 m / 6' 2"""
2006,119,4168,DF,2,"03-Ago-1978 1.88 m / 6' 2"""
2006,119,4175,DF,3,"22-Nov-1981 1.81 m / 5' 11"""
2006,119,1911,DF,4,"07-Jun-1977 1.83 m / 6' 0"""
2006,119,1908,DF,6,"24-Mar-1973 1.87 m / 6' 1"""
2006,119,1909,DF,14,"22-Apr-1976 1.83 m / 6' 0"""
2006,119,4176,DF,17,"09-Dic-1983 1.82 m / 5' 11"""
2006,119,4177,DF,18,"18-May-1979 1.85 m / 6' 0"""
2006,119,438,DF,19,"20-Dic-1975 1.89 m / 6' 2"""
2006,119,4171,MC,5,"30-Ago-1977 1.86 m / 6' 1"""
2006,119,1864,MC,7,"13-Dic-1976 1.82 m / 5' 11"""
2006,119,1863,MC,8,"15-May-1976 1.80 m / 5' 10"""
2006,119,4169,MC,10,"12-Nov-1976 1.79 m / 5' 10"""
2006,119,4178,MC,13,"10-Jul-1982 1.78 m / 5' 10"""
2006,119,1828,MC,15,"09-Ene-1981 1.76 m / 5' 9"""
2006,119,1907,MC,16,"27-Jun-1977 1.80 m / 5' 10"""
2006,119,4179,MC,20,"28-Feb-1980 1.79 m / 5' 10"""
2006,119,4170,DL,9,"12-Sep-1976 1.80 m / 5' 10"""
2006,119,4180,DL,11,"12-Ene-1979 1.90 m / 6' 2"""
2006,119,4172,DL,21,"09-Apr-1981 1.84 m / 6' 0"""
2006,119,4173,DL,23,"21-Apr-1983 1.80 m / 5' 10"""
2002,1,2050,AR,1,"15-Jun-1969 1.88 m / 6' 2"""
2002,1,4150,AR,12,"10-Nov-1969 1.90 m / 6' 2"""
2002,1,3978,AR,23,"28-May-1974 1.91 m / 6' 3"""
2002,1,484,DF,2,"26-Dic-1969 1.83 m / 6' 0"""
2002,1,4529,DF,3,"29-Apr-1972 1.87 m / 6' 1"""
2002,1,2085,DF,4,"29-Oct-1975 1.87 m / 6' 1"""
2002,1,1976,DF,6,"01-Feb-1972 1.86 m / 6' 1"""
2002,1,2100,DF,15,"13-Feb-1980 1.86 m / 6' 1"""
2002,1,4530,DF,18,"22-Ene-1974 1.78 m / 5' 10"""
2002,1,1866,DF,21,"05-Nov-1980 1.93 m / 6' 3"""
2002,1,2049,MC,5,"20-Mar-1974 1.85 m / 6' 0"""
2002,1,1977,MC,8,"27-Ago-1973 1.91 m / 6' 3"""
2002,1,4531,MC,10,"10-Jul-1976 1.78 m / 5' 10"""
2002,1,482,MC,13,"26-Sep-1976 1.89 m / 6' 2"""
2002,1,2101,MC,16,"05-Mar-1974 1.77 m / 5' 9"""
2002,1,486,MC,19,"17-Nov-1973 1.76 m / 5' 9"""
2002,1,402,MC,22,"22-Nov-1976 1.82 m / 5' 11"""
2002,1,420,DL,7,"01-May-1973 1.71 m / 5' 7"""
2002,1,483,DL,9,"28-Ago-1974 1.93 m / 6' 3"""
2002,1,6,DL,11,"09-Jun-1978 1.82 m / 5' 11"""
2002,1,4156,DL,14,"03-Oct-1978 1.80 m / 5' 10"""
2002,1,532,DL,17,"23-Jul-1969 1.89 m / 6' 2"""
2002,1,485,DL,20,"01-May-1968 1.91 m / 6' 3"""
2002,10,4626,AR,1,"04-Ago-1973 1.93 m / 6' 3"""
2002,10,4342,AR,12,"07-Oct-1973 1.95 m / 6' 4"""
2002,10,4343,AR,22,"22-Ene-1973 1.88 m / 6' 2"""
2002,10,1892,DF,2,"07-Jun-1970 1.76 m / 5' 9"""
2002,10,1965,DF,3,"08-May-1978 1.88 m / 6' 2"""
2002,10,2020,DF,4,"31-Ago-1976 1.86 m / 6' 1"""
2002,10,541,DF,5,"10-Jul-1976 1.86 m / 6' 1"""
2002,10,517,DF,6,"10-Apr-1973 1.68 m / 5' 6"""
2002,10,4630,DF,13,"20-Jun-1976 1.79 m / 5' 10"""
2002,10,4631,DF,14,"09-Feb-1979 1.82 m / 5' 11"""
2002,10,542,DF,16,"20-Jun-1973 1.73 m / 5' 8"""
2002,10,4347,MC,7,"23-May-1976 1.76 m / 5' 9"""
2002,10,2104,MC,8,"07-Oct-1976 1.90 m / 6' 2"""
2002,10,498,MC,10,"19-Apr-1972 1.86 m / 6' 1"""
2002,10,518,MC,11,"21-Mar-1980 1.83 m / 6' 0"""
2002,10,4103,MC,15,"19-Jun-1979 1.75 m / 5' 8"""
2002,10,4628,MC,18,"13-Mar-1974 1.82 m / 5' 11"""
2002,10,4627,MC,19,"22-Feb-1973 1.65 m / 5' 4"""
2002,10,4,DL,9,"22-Sep-1976 1.83 m / 6' 0"""
2002,10,1995,DL,17,"24-Ago-1977 1.77 m / 5' 9"""
2002,10,4632,DL,20,"17-Sep-1970 1.68 m / 5' 6"""
2002,10,4629,DL,21,"14-Nov-1975 1.76 m / 5' 9"""
2002,10,416,DL,23,"22-Apr-1982 1.86 m / 6' 1"""
2002,27,1750,AR,1,"12-Jun-1976 1.85 m / 6' 0"""
2002,27,4521,AR,16,"05-Nov-1965 1.87 m / 6' 1"""
2002,27,4020,AR,22,"24-Apr-1978 1.92 m / 6' 3"""
2002,27,4519,DF,3,"27-Ago-1969 1.83 m / 6' 0"""
2002,27,1975,DF,4,"26-Jul-1977 1.90 m / 6' 2"""
2002,27,1974,DF,5,"17-Ago-1963 1.70 m / 5' 6"""
2002,27,641,DF,6,"24-Jun-1971 1.79 m / 5' 10"""
2002,27,2041,DF,12,"17-Ago-1974 1.80 m / 5' 10"""
2002,27,4522,DF,13,"13-Apr-1971 1.85 m / 6' 0"""
2002,27,4523,DF,20,"08-Oct-1980 1.80 m / 5' 10"""
2002,27,2086,MC,2,"14-Ago-1969 1.73 m / 5' 8"""
2002,27,4520,MC,7,"11-Mar-1976 1.78 m / 5' 10"""
2002,27,4524,MC,14,"29-Apr-1977 1.83 m / 6' 0"""
2002,27,4525,MC,15,"28-Nov-1970 1.82 m / 5' 11"""
2002,27,1791,MC,17,"28-Feb-1980 1.82 m / 5' 11"""
2002,27,4526,MC,23,"28-Dic-1968 1.80 m / 5' 10"""
2002,27,4017,DL,8,"12-Ago-1977 1.87 m / 6' 1"""
2002,27,383,DL,9,"29-Ago-1976 1.82 m / 5' 11"""
2002,27,646,DL,10,"06-Oct-1975 1.80 m / 5' 10"""
2002,27,640,DL,11,"19-Jul-1972 1.83 m / 6' 0"""
2002,27,4527,DL,18,"29-Ene-1980 1.81 m / 5' 11"""
2002,27,357,DL,19,"22-Jul-1978 1.78 m / 5' 10"""
2002,27,4528,DL,21,"26-Apr-1978 1.83 m / 6' 0"""
2002,37,4470,AR,1,"19-Sep-1972 1.87 m / 6' 1"""
2002,37,2739,AR,16,"28-Jun-1971 1.82 m / 5' 11"""
2002,37,4364,AR,23,"31-Dic-1972 1.81 m / 5' 11"""
2002,37,4471,DF,2,"24-Oct-1973 1.80 m / 5' 10"""
2002,37,598,DF,3,"09-Dic-1969 1.69 m / 5' 6"""
2002,37,4472,DF,5,"31-Ago-1978 1.85 m / 6' 0"""
2002,37,2230,DF,8,"07-Sep-1968 1.84 m / 6' 0"""
2002,37,4366,DF,13,"09-Ago-1977 1.83 m / 6' 0"""
2002,37,651,DF,15,"01-Ene-1972 1.85 m / 6' 0"""
2002,37,4469,DF,18,"22-Ene-1968 1.83 m / 6' 0"""
2002,37,1856,DF,19,"18-Mar-1977 1.80 m / 5' 10"""
2002,37,469,MC,4,"23-Jun-1976 1.93 m / 6' 3"""
2002,37,2699,MC,6,"09-Mar-1968 1.79 m / 5' 10"""
2002,37,4361,MC,7,"18-Feb-1973 1.74 m / 5' 8"""
2002,37,26,MC,10,"23-Jun-1972 1.85 m / 6' 1"""
2002,37,4473,MC,14,"27-Oct-1970 1.85 m / 6' 0"""
2002,37,652,MC,17,"22-Sep-1970 1.85 m / 6' 0"""
2002,37,4474,MC,22,"24-Jul-1973 1.88 m / 6' 2"""
2002,37,3888,DL,9,"12-Ago-1981 1.82 m / 5' 11"""
2002,37,4362,DL,11,"10-May-1974 1.73 m / 5' 8"""
2002,37,430,DL,12,"17-Ago-1977 1.88 m / 6' 2"""
2002,37,597,DL,20,"15-Oct-1977 1.87 m / 6' 1"""
2002,37,576,DL,21,"24-Mar-1972 1.88 m / 6' 2"""
2002,125,4475,AR,1,"17-May-1975 1.85 m / 6' 0"""
2002,125,4479,AR,16,"28-Sep-1972 1.87 m / 6' 1"""
2002,125,4480,AR,22,"14-Dic-1972 1.71 m / 5' 7"""
2002,125,2042,DF,2,"12-Feb-1977 1.77 m / 5' 9"""
2002,125,4476,DF,4,"29-Dic-1974 1.87 m / 6' 1"""
2002,125,4481,DF,5,"12-Dic-1981 1.85 m / 6' 0"""
2002,125,1968,DF,6,"24-Mar-1976 1.80 m / 5' 10"""
2002,125,4477,DF,13,"02-Jul-1975 1.84 m / 6' 0"""
2002,125,2044,DF,17,"10-Sep-1973 1.79 m / 5' 10"""
2002,125,2047,DF,21,"19-Oct-1977 1.82 m / 5' 11"""
2002,125,4482,MC,3,"07-Dic-1977 1.80 m / 5' 10"""
2002,125,529,MC,10,"30-Dic-1974 1.83 m / 6' 0"""
2002,125,4483,MC,12,"12-Mar-1977 1.84 m / 6' 0"""
2002,125,4478,MC,14,"20-Feb-1979 1.80 m / 5' 11"""
2002,125,510,MC,15,"10-Feb-1977 1.84 m / 6' 0"""
2002,125,478,MC,19,"28-Ene-1978 1.93 m / 6' 3"""
2002,125,4484,MC,20,"25-Jun-1976 1.78 m / 5' 10"""
2002,125,4485,MC,23,"31-Dic-1981 1.75 m / 5' 8"""
2002,125,558,DL,7,"10-May-1977 1.76 m / 5' 9"""
2002,125,4486,DL,8,"25-Sep-1965 1.86 m / 6' 1"""
2002,125,4487,DL,9,"22-Dic-1982 1.74 m / 5' 8"""
2002,125,2046,DL,11,"15-Ene-1981 1.80 m / 5' 10"""
2002,125,2088,DL,18,"05-Feb-1981 1.83 m / 6' 0"""
2002,135,2043,AR,1,"26-Dic-1979 1.89 m / 6' 2"""
2002,135,4512,AR,12,"27-Ene-1978 1.86 m / 6' 1"""
2002,135,4513,AR,23,"25-Jun-1977 1.81 m / 5' 11"""
2002,135,1973,DF,2,"03-Feb-1971 1.76 m / 5' 9"""
2002,135,4514,DF,3,"15-Feb-1978 1.78 m / 5' 10"""
2002,135,2045,DF,4,"03-Sep-1971 1.79 m / 5' 10"""
2002,135,481,DF,6,"17-Sep-1974 1.86 m / 6' 1"""
2002,135,4507,DF,14,"09-Oct-1979 1.90 m / 6' 2"""
2002,135,4515,DF,19,"17-May-1980 1.81 m / 5' 11"""
2002,135,2005,MC,5,"11-May-1977 1.86 m / 6' 1"""
2002,135,4508,MC,7,"22-Feb-1975 1.75 m / 5' 8"""
2002,135,4509,MC,8,"14-May-1978 1.72 m / 5' 7"""
2002,135,4516,MC,15,"30-May-1978 1.66 m / 5' 5"""
2002,135,2007,MC,16,"04-Jul-1976 1.76 m / 5' 9"""
2002,135,4517,MC,22,"19-Jul-1976 1.86 m / 6' 1"""
2002,135,2008,DL,9,"02-Nov-1972 1.78 m / 5' 10"""
2002,135,4518,DL,10,"14-Oct-1973 1.85 m / 6' 0"""
2002,135,4510,DL,11,"22-Ago-1976 1.81 m / 5' 11"""
2002,135,2006,DL,13,"17-Oct-1976 1.93 m / 6' 3"""
2002,135,4511,DL,17,"14-Sep-1978 1.78 m / 5' 10"""
2002,135,530,DL,18,"21-Feb-1975 1.97 m / 6' 5"""
2002,135,531,DL,20,"17-Mar-1976 1.78 m / 5' 10"""
2002,135,40,DL,21,"19-May-1979 1.81 m / 5' 11"""
1998,1,5034,AR,1,12-Mar-1962
1998,1,2050,AR,12,"15-Jun-1969 1.88 m / 6' 2"""
1998,1,4150,AR,22,"10-Nov-1969 1.90 m / 6' 2"""
1998,1,2224,DF,2,"10-May-1972 1.84 m / 6' 0"""
1998,1,2223,DF,3,06-Dic-1969
1998,1,2232,DF,4,06-Oct-1965
1998,1,2344,DF,5,21-Apr-1965
1998,1,2683,DF,6,01-May-1966
1998,1,2213,DF,14,"08-Sep-1972 1.88 m / 6' 2"""
1998,1,5036,DF,19,16-Oct-1966
1998,1,2235,MC,7,02-Sep-1967
1998,1,19,MC,8,21-Mar-1961
1998,1,2195,MC,10,30-May-1966
1998,1,2101,MC,13,"05-Mar-1974 1.77 m / 5' 9"""
1998,1,5037,MC,15,19-Ene-1970
1998,1,1977,MC,16,"27-Ago-1973 1.91 m / 6' 3"""
1998,1,1976,MC,17,"01-Feb-1972 1.86 m / 6' 1"""
1998,1,2215,MC,21,27-Oct-1969
1998,1,5035,DL,9,04-Dic-1965
1998,1,5038,DL,11,19-Mar-1966
1998,1,633,DL,18,30-Jul-1964
1998,1,485,DL,20,"01-May-1968 1.91 m / 6' 3"""
1998,10,4758,AR,1,08-May-1966
1998,10,4760,AR,12,14-Ago-1970
1998,10,4342,AR,22,"07-Oct-1973 1.95 m / 6' 4"""
1998,10,1892,DF,2,"07-Jun-1970 1.76 m / 5' 9"""
1998,10,2107,DF,3,30-Nov-1965
1998,10,2141,DF,4,14-Mar-1970
1998,10,517,DF,6,"10-Apr-1973 1.68 m / 5' 6"""
1998,10,4761,DF,14,22-Jun-1966
1998,10,4762,DF,15,20-Sep-1968
1998,10,564,MC,5,31-Mar-1968
1998,10,4759,MC,7,04-Feb-1972
1998,10,2343,MC,8,31-Oct-1963
1998,10,498,MC,10,"19-Apr-1972 1.86 m / 6' 1"""
1998,10,1849,MC,11,"04-Apr-1976 1.82 m / 5' 11"""
1998,10,2226,MC,13,14-Nov-1967
1998,10,467,MC,16,"06-Jul-1974 1.72 m / 5' 7"""
1998,10,4763,MC,17,28-May-1972
1998,10,2206,MC,18,05-Sep-1969
1998,10,1995,MC,19,"24-Ago-1977 1.77 m / 5' 9"""
1998,10,4,DL,9,"22-Sep-1976 1.83 m / 6' 0"""
1998,10,594,DL,20,16-Feb-1964
1998,10,4764,DL,21,02-Apr-1971
1998,32,4765,AR,1,24-Jul-1958
1998,32,4773,AR,12,24-Feb-1970
1998,32,4774,AR,21,18-Jul-1968
1998,32,4775,DF,2,24-Oct-1973
1998,32,4766,DF,3,24-Nov-1965
1998,32,4767,DF,4,20-Ene-1965
1998,32,4768,DF,5,07-Dic-1965
1998,32,4771,DF,6,03-Dic-1964
1998,32,4776,DF,16,10-May-1970
1998,32,4777,DF,18,01-Nov-1968
1998,32,4778,DF,19,31-Ago-1968
1998,32,4769,DF,22,23-Oct-1973
1998,32,593,MC,8,24-Sep-1971
1998,32,565,MC,11,31-Ene-1968
1998,32,4770,MC,14,07-Ago-1969
1998,32,4779,MC,15,02-Ene-1971
1998,32,4772,MC,17,22-Apr-1969
1998,32,2178,DL,7,23-Nov-1966
1998,32,2139,DL,9,06-Dic-1965
1998,32,2106,DL,10,25-Jul-1966
1998,32,4780,DL,13,01-Dic-1974
1998,32,4781,DL,20,16-Dic-1971
1998,58,4787,AR,1,05-Nov-1964
1998,58,4782,AR,12,31-Dic-1970
1998,58,4788,AR,22,"14-Feb-1973 1.70 m / 5' 6"""
1998,58,4783,DF,2,21-Apr-1974
1998,58,2292,DF,3,06-Mar-1972
1998,58,4784,DF,4,28-Jun-1973
1998,58,4789,DF,5,01-Ago-1967
1998,58,2249,DF,6,10-Feb-1970
1998,58,4790,DF,13,10-Apr-1972
1998,58,4791,DF,15,31-Dic-1969
1998,58,2311,DF,20,16-Jun-1968
1998,58,567,MC,7,16-Nov-1971
1998,58,2108,MC,8,28-Sep-1970
1998,58,2253,MC,16,10-Ene-1971
1998,58,4785,MC,17,03-May-1973
1998,58,2179,MC,18,"10-May-1973 1.74 m / 5' 8"""
1998,58,4792,MC,19,06-Oct-1970
1998,58,569,DL,9,21-Mar-1972
1998,58,4793,DL,10,11-Dic-1970
1998,58,4786,DL,11,17-Ene-1977
1998,58,617,DL,14,05-Sep-1972
1998,58,4794,DL,21,08-Nov-1974
1998,113,4795,AR,1,24-Oct-1964
1998,113,4800,AR,12,16-Oct-1973
1998,113,4801,AR,13,07-Dic-1977
1998,113,4802,DF,2,11-Ago-1965
1998,113,4796,DF,3,10-Jun-1969
1998,113,2140,DF,4,01-Sep-1969
1998,113,2276,DF,5,11-Dic-1969
1998,113,570,DF,15,13-Ene-1970
1998,113,4803,DF,19,03-Mar-1969
1998,113,4798,MC,6,27-Feb-1968
1998,113,2209,MC,7,21-Jul-1971
1998,113,2180,MC,8,17-Ago-1970
1998,113,619,MC,10,06-Nov-1968
1998,113,4804,MC,11,08-Nov-1965
1998,113,4799,MC,21,21-Apr-1972
1998,113,4805,MC,22,02-Feb-1970
1998,113,618,DL,9,15-Jun-1973
1998,113,4806,DL,14,13-Jul-1975
1998,113,4807,DL,16,03-Oct-1964
1998,113,592,DL,17,04-Apr-1970
1998,113,4808,DL,18,02-Ene-1972
1998,113,4797,DL,20,26-Feb-1973
1994,1,5046,AR,1,07-Apr-1967
1994,1,5034,AR,12,12-Mar-1962
1994,1,2050,AR,22,"15-Jun-1969 1.88 m / 6' 2"""
1994,1,772,DF,3,09-Nov-1960
1994,1,2232,DF,4,06-Oct-1965
1994,1,2344,DF,5,21-Apr-1965
1994,1,5050,DF,6,24-Ene-1961
1994,1,2386,DF,14,12-Nov-1964
1994,1,2345,DF,17,24-Feb-1968
1994,1,5048,MC,2,25-Apr-1968
1994,1,2235,MC,7,02-Sep-1967
1994,1,2195,MC,8,30-May-1966
1994,1,19,MC,10,21-Mar-1961
1994,1,5051,MC,15,12-Dic-1966
1994,1,5047,MC,16,05-Sep-1967
1994,1,2268,MC,20,02-Ago-1968
1994,1,5049,MC,21,18-Dic-1968
1994,1,699,DL,9,16-Sep-1965
1994,1,5052,DL,11,30-Oct-1962
1994,1,728,DL,13,13-Apr-1960
1994,1,633,DL,18,30-Jul-1964
1994,1,5035,DL,19,04-Dic-1965
1994,10,4758,AR,1,08-May-1966
1994,10,5179,AR,12,10-Ene-1965
1994,10,5180,AR,22,13-Ene-1959
1994,10,2334,DF,2,17-Ago-1964
1994,10,2408,DF,3,11-Sep-1962
1994,10,5181,DF,4,19-Jun-1965
1994,10,715,DF,6,04-Apr-1964
1994,10,2107,DF,13,30-Nov-1965
1994,10,1892,DF,14,"07-Jun-1970 1.76 m / 5' 9"""
1994,10,684,DF,15,15-Sep-1969
1994,10,2285,MC,5,"12-Ene-1968 1.80 m / 5' 10"""
1994,10,2343,MC,8,31-Oct-1963
1994,10,2349,MC,9,17-Jun-1967
1994,10,669,MC,10,15-May-1965
1994,10,2206,MC,16,05-Sep-1969
1994,10,2333,MC,17,08-Apr-1966
1994,10,594,DL,7,16-Feb-1964
1994,10,668,DL,11,"29-Ene-1966 1.69 m / 5' 6"""
1994,10,5182,DL,18,02-Jun-1969
1994,10,739,DL,19,31-Ene-1966
1994,10,4,DL,20,"22-Sep-1976 1.83 m / 6' 0"""
1994,10,5183,DL,21,01-Ene-1969
1994,19,5011,AR,1,"03-Feb-1970 1.86 m / 6' 1"""
1994,19,3604,AR,12,"21-Jun-1971 1.88 m / 6' 2"""
1994,19,5118,AR,22,04-Apr-1964
1994,19,5116,DF,2,13-Mar-1967
1994,19,5119,DF,3,08-Nov-1961
1994,19,2247,DF,4,12-Jun-1962
1994,19,5120,DF,13,26-Sep-1968
1994,19,2404,DF,15,29-Dic-1963
1994,19,5121,DF,18,19-Oct-1968
1994,19,5117,DF,20,09-Ago-1967
1994,19,694,MC,5,27-Nov-1969
1994,19,2385,MC,6,08-Dic-1959
1994,19,695,MC,8,"30-Mar-1972 1.90 m / 6' 2"""
1994,19,720,MC,10,"02-Sep-1961 1.75 m / 5' 9"""
1994,19,2248,MC,14,30-Jul-1965
1994,19,2199,MC,17,22-Ene-1968
1994,19,755,MC,19,14-Ago-1966
1994,19,2273,DL,7,21-Dic-1962
1994,19,5122,DL,9,18-Mar-1972
1994,19,662,DL,11,06-Feb-1968
1994,19,2200,DL,16,"09-Dic-1971 1.76 m / 5' 9"""
1994,19,5010,DL,21,"10-Nov-1969 1.76 m / 5' 9"""
1994,36,2357,AR,1,"21-Feb-1969 1.85 m / 6' 0"""
1994,36,5042,AR,12,27-Feb-1969
1994,36,2093,AR,18,"18-May-1971 1.93 m / 6' 3"""
1994,36,5085,DF,2,28-Ago-1970
1994,36,5043,DF,3,14-Sep-1970
1994,36,5083,DF,4,03-Jul-1963
1994,36,2336,DF,5,12-May-1961
1994,36,5044,DF,17,08-Ago-1967
1994,36,724,DF,20,09-Mar-1964
1994,36,2302,DF,21,23-Ene-1956
1994,36,2274,DF,22,01-Jun-1970
1994,36,2243,MC,6,08-Mar-1967
1994,36,5086,MC,7,08-Nov-1963
1994,36,2335,MC,9,21-Sep-1966
1994,36,4708,MC,13,"16-Jun-1970 1.70 m / 5' 6"""
1994,36,5084,MC,16,14-May-1971
1994,36,1843,MC,19,"20-Jul-1973 1.78 m / 5' 10"""
1994,36,680,DL,8,"28-Mar-1969 1.75 m / 5' 8"""
1994,36,5039,DL,10,19-Mar-1964
1994,36,658,DL,11,09-Jun-1969
1994,36,5087,DL,14,01-Sep-1966
1994,36,4709,DL,15,"23-Feb-1971 1.75 m / 5' 8"""
1994,123,5004,AR,1,08-Ago-1968
1994,123,4997,AR,12,05-Dic-1967
1994,123,5125,AR,22,18-Jun-1970
1994,123,615,DF,2,22-Dic-1967
1994,123,5123,DF,3,23-Mar-1972
1994,123,2271,DF,4,20-May-1964
1994,123,2173,DF,6,09-Oct-1967
1994,123,2332,DF,13,14-May-1970
1994,123,2269,DF,14,09-Dic-1965
1994,123,5124,DF,19,05-Sep-1973
1994,123,2270,MC,5,09-Dic-1968
1994,123,2136,MC,7,25-Jun-1968
1994,123,5126,MC,8,02-Feb-1967
1994,123,661,MC,10,05-Feb-1965
1994,123,2348,MC,15,11-Jul-1970
1994,123,4998,MC,18,08-Mar-1972
1994,123,5002,MC,20,05-Dic-1972
1994,123,660,DL,9,17-Mar-1970
1994,123,712,DL,11,06-Ene-1969
1994,123,2272,DL,16,05-Nov-1968
1994,123,614,DL,17,08-Ago-1972
1994,123,5127,DL,21,01-Jun-1969
1994,129,2327,AR,1,09-May-1966
1994,129,5094,AR,12,15-Ago-1963
1994,129,5095,AR,22,23-Apr-1963
1994,129,2325,DF,2,07-Nov-1967
1994,129,5088,DF,3,02-May-1970
1994,129,2241,DF,4,25-Oct-1965
1994,129,5089,DF,5,05-Nov-1960
1994,129,5096,DF,13,08-May-1958
1994,129,5097,DF,18,09-Ene-1963
1994,129,2326,DF,19,08-Sep-1966
1994,129,657,MC,6,17-Ene-1958
1994,129,676,MC,7,22-Ene-1968
1994,129,5090,MC,8,07-Apr-1968
1994,129,5091,MC,10,02-Mar-1970
1994,129,5092,MC,16,06-Oct-1963
1994,129,5098,MC,17,27-Jun-1971
1994,129,5099,MC,20,01-Sep-1968
1994,129,5093,MC,21,29-Ago-1966
1994,129,678,DL,9,02-Jul-1968
1994,129,677,DL,11,28-Jun-1969
1994,129,2242,DL,14,23-Apr-1966
1994,129,5100,DL,15,08-Ago-1968
1990,1,5046,AR,1,07-Apr-1967
1990,1,5355,AR,12,12-Oct-1963
1990,1,5034,AR,22,12-Mar-1962
1990,1,5036,DF,2,16-Oct-1966
1990,1,772,DF,3,09-Nov-1960
1990,1,2232,DF,4,06-Oct-1965
1990,1,5354,DF,5,26-Sep-1957
1990,1,5050,DF,6,24-Ene-1961
1990,1,2386,DF,14,12-Nov-1964
1990,1,5356,DF,16,23-Ene-1957
1990,1,5357,DF,19,27-Mar-1960
1990,1,754,MC,7,16-Apr-1960
1990,1,2195,MC,8,30-May-1966
1990,1,19,MC,10,21-Mar-1961
1990,1,738,MC,15,26-Sep-1960
1990,1,2235,MC,17,02-Sep-1967
1990,1,2683,MC,20,01-May-1966
1990,1,5358,MC,21,05-Dic-1960
1990,1,728,DL,9,13-Apr-1960
1990,1,5359,DL,11,23-Jul-1958
1990,1,699,DL,13,16-Sep-1965
1990,1,633,DL,18,30-Jul-1964
1990,7,2396,AR,1,28-May-1957
1990,7,4816,AR,21,06-Mar-1962
1990,7,5286,AR,22,01-Nov-1964
1990,7,5281,DF,2,31-Oct-1966
1990,7,2393,DF,3,15-Nov-1965
1990,7,2109,DF,4,17-Ago-1965
1990,7,2143,DF,5,26-Mar-1967
1990,7,5282,DF,7,23-Nov-1964
1990,7,2397,DF,8,20-May-1966
1990,7,5283,DF,18,19-Ene-1966
1990,7,2392,MC,6,22-Dic-1964
1990,7,5284,MC,10,27-Ago-1962
1990,7,5285,MC,11,24-Sep-1966
1990,7,5287,MC,12,16-Apr-1969
1990,7,2394,MC,16,14-Oct-1963
1990,7,2398,MC,19,13-Dic-1968
1990,7,616,MC,20,"10-Sep-1968 1.83 m / 6' 0"""
1990,7,572,DL,9,10-Mar-1964
1990,7,759,DL,13,07-Oct-1964
1990,7,760,DL,14,29-Ago-1965
1990,7,5288,DL,15,29-Ene-1961
1990,7,4817,DL,17,29-Dic-1966
1990,122,5327,AR,1,15-Ene-1962
1990,122,5328,AR,21,09-Dic-1961
1990,122,5329,AR,22,17-Feb-1958
1990,122,5330,DF,2,08-Mar-1962
1990,122,2359,DF,3,22-Jun-1964
1990,122,2405,DF,5,13-Mar-1958
1990,122,2406,DF,6,28-May-1958
1990,122,722,DF,7,13-Apr-1965
1990,122,5331,DF,12,16-May-1964
1990,122,5332,DF,15,06-Apr-1958
1990,122,723,MC,4,06-Sep-1963
1990,122,2390,MC,8,07-Mar-1960
1990,122,771,MC,9,20-Ene-1964
1990,122,2428,MC,11,22-Jun-1965
1990,122,5333,MC,13,15-May-1966
1990,122,1753,MC,14,22-Sep-1964
1990,122,5334,MC,16,26-Nov-1962
1990,122,5335,MC,20,25-Ene-1967
1990,122,721,DL,10,07-Sep-1965
1990,122,2429,DL,17,23-Feb-1962
1990,122,725,DL,18,01-Ene-1963
1990,122,5336,DL,19,04-Nov-1961
1990,36,2357,AR,1,"21-Feb-1969 1.85 m / 6' 0"""
1990,36,4303,AR,18,"29-Nov-1969 1.88 m / 6' 2"""
1990,36,5320,AR,22,06-Feb-1963
1990,36,2358,DF,2,24-Apr-1965
1990,36,5321,DF,3,16-Mar-1966
1990,36,2368,DF,4,02-Sep-1964
1990,36,2395,DF,5,06-Dic-1965
1990,36,5322,DF,12,04-Mar-1963
1990,36,5316,DF,15,02-Nov-1964
1990,36,5044,DF,17,08-Ago-1967
1990,36,724,DF,20,09-Mar-1964
1990,36,2243,MC,6,08-Mar-1967
1990,36,2335,MC,7,21-Sep-1966
1990,36,5323,MC,8,28-Sep-1965
1990,36,5317,MC,14,25-Oct-1962
1990,36,5324,MC,19,11-Dic-1970
1990,36,5325,MC,21,31-Ago-1969
1990,36,5319,DL,9,18-Apr-1965
1990,36,5318,DL,10,21-Nov-1966
1990,36,658,DL,11,09-Jun-1969
1990,36,5326,DL,13,07-May-1965
1990,36,761,DL,16,25-Ene-1966
1990,53,5273,AR,1,28-Apr-1960
1990,53,5277,AR,12,13-May-1957
1990,53,2275,AR,22,18-Dic-1966
1990,53,2672,DF,2,08-May-1960
1990,53,2432,DF,3,22-Dic-1963
1990,53,2426,DF,4,07-Apr-1961
1990,53,5278,DF,5,"11-Feb-1967 1.82 m / 5' 11"""
1990,53,2369,DF,6,20-Ago-1963
1990,53,2176,DF,7,"26-Jun-1968 1.86 m / 6' 1"""
1990,53,2472,DF,8,06-Apr-1959
1990,53,5274,MC,9,10-Jun-1959
1990,53,2391,MC,10,14-Apr-1967
1990,53,2491,MC,11,15-Mar-1964
1990,53,735,MC,13,20-Ago-1964
1990,53,5279,MC,14,04-Jul-1965
1990,53,2682,MC,17,09-Sep-1963
1990,53,574,DL,15,"18-Feb-1967 1.74 m / 5' 9"""
1990,53,5275,DL,16,12-Ene-1961
1990,53,5280,DL,18,27-Nov-1964
1990,53,718,DL,19,01-Dic-1964
1990,53,774,DL,20,25-Jun-1960
1990,53,5276,DL,21,09-Jul-1964
1982,14,2372,AR,1,20-Jul-1956
1982,14,5162,AR,12,08-Oct-1954
1982,14,5820,AR,22,31-Ago-1951
1982,14,5813,DF,2,01-Jun-1952
1982,14,5821,DF,3,17-Dic-1955
1982,14,2520,DF,4,09-Oct-1953
1982,14,5814,DF,5,13-Oct-1951
1982,14,776,DF,6,15-Jul-1956
1982,14,5815,DF,7,18-Jul-1954
1982,14,5822,DF,15,30-Ene-1954
1982,14,2507,DF,16,23-Ago-1955
1982,14,901,MC,8,27-Ene-1952
1982,14,5823,MC,11,22-Ene-1958
1982,14,5816,MC,14,09-Jul-1954
1982,14,5824,MC,17,17-Ago-1953
1982,14,5825,MC,19,18-Nov-1956
1982,14,702,DL,9,20-May-1952
1982,14,5818,DL,10,26-Ene-1948
1982,14,5819,DL,13,07-Jul-1955
1982,14,5817,DL,18,08-Nov-1955
1982,14,5826,DL,20,17-Oct-1961
1982,14,5827,DL,21,15-May-1962
1982,53,5786,AR,1,28-Feb-1942
1982,53,5787,AR,12,"13-Apr-1951 1.86 m / 6' 1"""
1982,53,5493,AR,22,29-Apr-1958
1982,53,2672,DF,2,08-May-1960
1982,53,2432,DF,3,22-Dic-1963
1982,53,2434,DF,4,08-Oct-1957
1982,53,2537,DF,5,09-May-1957
1982,53,2533,DF,6,27-Sep-1953
1982,53,2471,DF,7,25-May-1953
1982,53,2472,DF,8,06-Apr-1959
1982,53,2519,MC,9,01-Apr-1954
1982,53,5788,MC,10,02-May-1958
1982,53,2504,MC,11,25-Feb-1951
1982,53,2534,MC,13,25-Nov-1952
1982,53,924,MC,14,24-Sep-1954
1982,53,966,MC,15,01-Feb-1949
1982,53,868,MC,16,13-Mar-1955
1982,53,700,MC,17,23-May-1961
1982,53,778,DL,18,28-Nov-1955
1982,53,900,DL,19,16-Dic-1952
1982,53,917,DL,20,23-Sep-1956
1982,53,5789,DL,21,15-May-1953
1982,118,5804,AR,1,08-Apr-1952
1982,118,5805,AR,12,10-Jul-1954
1982,118,2549,AR,21,23-Jul-1950
1982,118,2505,DF,2,27-Feb-1955
1982,118,5798,DF,3,10-Ago-1951
1982,118,5806,DF,4,09-Ene-1958
1982,118,5807,DF,13,20-Ago-1957
1982,118,5808,DF,14,19-Nov-1956
1982,118,869,DF,15,17-Apr-1952
1982,118,5799,DF,16,27-Ago-1956
1982,118,947,MC,6,04-Jun-1952
1982,118,2709,MC,8,16-Jun-1952
1982,118,5800,MC,9,09-May-1958
1982,118,948,MC,10,08-Mar-1949
1982,118,5809,MC,18,13-Oct-1957
1982,118,5810,MC,20,"16-Sep-1949 1.76 m / 5' 9"""
1982,118,5811,MC,22,06-May-1959
1982,118,5801,DL,5,02-Ene-1954
1982,118,5803,DL,7,24-Sep-1952
1982,118,5802,DL,11,16-Feb-1951
1982,118,5812,DL,17,10-Nov-1961
1982,118,899,DL,19,06-Jun-1952
1982,119,5599,AR,1,20-Sep-1953
1982,119,5606,AR,21,17-Ago-1959
1982,119,5794,AR,22,21-Apr-1951
1982,119,5795,DF,2,19-Dic-1955
1982,119,922,DF,3,09-Dic-1955
1982,119,5796,DF,4,07-May-1958
1982,119,5790,DF,5,04-Mar-1953
1982,119,5797,DF,6,16-Oct-1961
1982,119,5791,DF,7,18-Jul-1957
1982,119,2536,DF,9,06-Jun-1954
1982,119,921,DF,10,31-Ene-1956
1982,119,2458,DF,12,08-Ene-1958
1982,119,5602,MC,8,27-Sep-1961
1982,119,897,MC,13,21-Sep-1959
1982,119,2506,MC,14,22-Jul-1960
1982,119,898,MC,15,24-Mar-1956
1982,119,804,DL,11,16-Jul-1957
1982,119,895,DL,16,08-Apr-1950
1982,119,920,DL,17,03-Oct-1950
1982,119,5793,DL,18,29-Apr-1954
1982,119,5792,DL,19,10-Nov-1959
1982,119,896,DL,20,03-Mar-1956
1978,5,5755,AR,3,16-Nov-1950
1978,5,5753,AR,5,21-Jul-1950
1978,5,6170,AR,13,06-Feb-1952
1978,5,5754,DF,7,24-Feb-1948
1978,5,6171,DF,8,07-Apr-1952
1978,5,6172,DF,11,21-Dic-1949
1978,5,2521,DF,15,17-May-1952
1978,5,6173,DF,18,31-Ene-1949
1978,5,902,DF,19,25-May-1953
1978,5,960,DF,20,03-Dic-1955
1978,5,6168,MC,1,04-Ene-1953
1978,5,867,MC,2,03-Ago-1952
1978,5,2522,MC,6,25-Apr-1955
1978,5,961,MC,9,19-Jul-1953
1978,5,2558,MC,12,18-Nov-1947
1978,5,6174,MC,17,12-Oct-1950
1978,5,5761,MC,21,03-Oct-1955
1978,5,2548,MC,22,18-Ago-1952
1978,5,866,DL,4,14-Mar-1955
1978,5,25,DL,10,15-Jul-1954
1978,5,938,DL,14,03-May-1949
1978,5,6169,DL,16,08-Apr-1953
1978,37,5944,AR,1,26-Dic-1947
1978,37,6104,AR,21,13-May-1952
1978,37,6109,AR,22,09-Dic-1951
1978,37,5535,DF,2,12-Mar-1957
1978,37,886,DF,3,26-Jun-1955
1978,37,5946,DF,4,21-Ago-1953
1978,37,6110,DF,5,03-Nov-1951
1978,37,944,DF,6,15-Mar-1953
1978,37,6105,DF,7,15-Ago-1948
1978,37,918,DF,8,15-Ene-1950
1978,37,6111,MC,9,13-Feb-1954
1978,37,6106,MC,10,20-Dic-1945
1978,37,2539,MC,11,28-Oct-1947
1978,37,6112,MC,12,16-Apr-1949
1978,37,6113,MC,13,25-Sep-1949
1978,37,834,MC,15,"21-Jun-1955 1.79 m / 5' 10"""
1978,37,945,DL,14,06-Apr-1953
1978,37,6107,DL,16,19-Dic-1949
1978,37,930,DL,17,15-Ago-1952
1978,37,813,DL,18,14-Ene-1955
1978,37,884,DL,19,21-Ago-1954
1978,37,6108,DL,20,01-Dic-1955
1978,43,6181,AR,1,08-Nov-1951
1978,43,5857,AR,21,11-Apr-1950
1978,43,6182,AR,22,24-Apr-1951
1978,43,6183,DF,2,18-Apr-1951
1978,43,6175,DF,3,06-Oct-1949
1978,43,853,DF,4,02-Dic-1951
1978,43,6176,DF,6,13-Jul-1953
1978,43,2541,DF,12,15-Dic-1949
1978,43,5858,DF,14,01-Feb-1948
1978,43,5863,DF,15,02-Oct-1955
1978,43,946,MC,5,31-Oct-1951
1978,43,850,MC,8,18-Ene-1955
1978,43,6177,MC,10,18-Jul-1950
1978,43,2708,MC,13,23-Feb-1952
1978,43,6180,MC,16,12-Oct-1951
1978,43,6178,MC,18,21-Oct-1949
1978,43,6184,MC,20,22-Feb-1955
1978,43,852,DL,7,15-Oct-1947
1978,43,5860,DL,9,01-May-1955
1978,43,6185,DL,11,12-Apr-1953
1978,43,6179,DL,17,01-Mar-1946
1978,43,941,DL,19,05-Sep-1949
1978,53,5786,AR,1,28-Feb-1942
1978,53,6096,AR,12,01-Apr-1950
1978,53,5787,AR,22,"13-Apr-1951 1.86 m / 6' 1"""
1978,53,6095,DF,2,07-Feb-1950
1978,53,2434,DF,3,08-Oct-1957
1978,53,6097,DF,4,04-Oct-1949
1978,53,2533,DF,5,27-Sep-1953
1978,53,6098,DF,6,14-Oct-1953
1978,53,6099,DF,7,27-Nov-1956
1978,53,2471,DF,8,25-May-1953
1978,53,2519,MC,9,01-Apr-1954
1978,53,940,MC,10,20-Oct-1945
1978,53,6100,MC,11,12-Apr-1955
1978,53,6101,MC,13,16-Jun-1955
1978,53,924,MC,14,24-Sep-1954
1978,53,931,MC,15,18-Ene-1951
1978,53,966,MC,16,01-Feb-1949
1978,53,6102,MC,17,08-Sep-1947
1978,53,939,DL,18,27-Dic-1950
1978,53,900,DL,19,16-Dic-1952
1978,53,6103,DL,20,27-Apr-1950
1978,53,917,DL,21,23-Sep-1956
1970,1,2551,AR,1,28-Feb-1944
1970,1,8184,AR,21,08-Mar-1940
1970,1,8185,AR,22,08-Jun-1942
1970,1,6254,DF,2,10-Sep-1943
1970,1,6473,DF,3,31-Mar-1939
1970,1,1010,DF,4,"11-Sep-1945 1.81 m / 5' 11"""
1970,1,6474,DF,5,04-Oct-1938
1970,1,1050,DF,6,26-Jun-1944
1970,1,2598,DF,7,30-Dic-1946
1970,1,8186,DF,11,19-Nov-1944
1970,1,6477,DF,15,14-Mar-1943
1970,1,6480,DF,16,19-Ago-1939
1970,1,6479,DF,18,27-Feb-1942
1970,1,1009,MC,8,21-Jul-1939
1970,1,973,MC,12,29-Sep-1943
1970,1,8187,MC,19,06-Mar-1944
1970,1,1041,DL,9,05-Nov-1936
1970,1,1008,DL,10,07-Ago-1942
1970,1,29,DL,13,03-Nov-1945
1970,1,8188,DL,14,10-Oct-1943
1970,1,8189,DL,17,05-Jul-1942
1970,1,1005,DL,20,07-Jul-1944
1970,12,8190,AR,1,04-Oct-1947
1970,12,8191,AR,12,13-Ene-1942
1970,12,8192,AR,22,22-Apr-1940
1970,12,8193,DF,2,08-Ago-1941
1970,12,8194,DF,3,21-Apr-1946
1970,12,8195,DF,4,20-Sep-1945
1970,12,8196,DF,5,09-Feb-1947
1970,12,8197,DF,13,21-Dic-1944
1970,12,8198,DF,14,05-Jun-1947
1970,12,8199,DF,20,21-Ene-1943
1970,12,8200,MC,6,24-May-1941
1970,12,8201,MC,7,04-Ene-1940
1970,12,5767,MC,8,01-Mar-1945
1970,12,8202,MC,15,05-Mar-1945
1970,12,8203,MC,17,09-Jul-1944
1970,12,8204,DL,9,14-Apr-1944
1970,12,8205,DL,10,02-Oct-1943
1970,12,8206,DL,11,18-Feb-1943
1970,12,8207,DL,16,01-May-1943
1970,12,8208,DL,18,20-Oct-1944
1970,12,8209,DL,19,24-Sep-1943
1970,12,8210,DL,21,25-Sep-1945
1970,10,8211,AR,1,24-Dic-1937
1970,10,8212,AR,12,04-Jul-1944
1970,10,5510,AR,22,11-Jul-1949
1970,10,6545,DF,2,09-Ago-1939
1970,10,6233,DF,3,25-Feb-1943
1970,10,8213,DF,4,17-Jul-1944
1970,10,6238,DF,6,06-Feb-1951
1970,10,8214,DF,14,14-Mar-1946
1970,10,8215,DF,15,31-Dic-1940
1970,10,8216,DF,16,11-Sep-1944
1970,10,8217,DF,17,18-Sep-1946
1970,10,2604,DF,21,18-May-1949
1970,10,8218,MC,5,26-Sep-1949
1970,10,6547,MC,8,11-Ene-1941
1970,10,1026,MC,9,25-Ene-1947
1970,10,988,MC,11,01-Ene-1946
1970,10,6235,MC,18,16-Jun-1949
1970,10,987,DL,7,25-Dic-1944
1970,10,8,DL,10,"23-Oct-1940 1.73 m / 5' 8"""
1970,10,1269,DL,13,31-Jul-1944
1970,10,6241,DL,19,06-Ago-1949
1970,10,8219,DL,20,04-Mar-1946
1970,30,8220,AR,1,24-Feb-1940
1970,30,8221,AR,13,01-Ene-1939
1970,30,8222,AR,20,12-Jul-1941
1970,30,8223,DF,2,17-Jul-1941
1970,30,8224,DF,3,16-Dic-1943
1970,30,8225,DF,4,19-Ene-1945
1970,30,8226,DF,5,06-Ene-1945
1970,30,8227,DF,14,30-Sep-1943
1970,30,8228,DF,18,25-Jun-1940
1970,30,8229,MC,6,29-Oct-1947
1970,30,8230,MC,7,12-Sep-1945
1970,30,8231,MC,8,23-Apr-1945
1970,30,8232,MC,9,20-Apr-1948
1970,30,8233,MC,12,27-Nov-1938
1970,30,8234,MC,16,28-Nov-1948
1970,30,8235,MC,19,14-Feb-1942
1970,30,8236,MC,22,19-Nov-1947
1970,30,8237,DL,10,28-Feb-1947
1970,30,8238,DL,11,28-Dic-1948
1970,30,8239,DL,15,12-Sep-1945
1970,30,8240,DL,17,18-Sep-1947
1970,30,8241,DL,21,24-Feb-1946
1970,111,6586,AR,1,13-Dic-1943
1970,111,6737,AR,12,01-Ene-1943
1970,111,8242,AR,22,11-Jun-1947
1970,111,8243,DF,2,15-Nov-1943
1970,111,6588,DF,3,22-Nov-1942
1970,111,8244,DF,4,28-Jun-1942
1970,111,7357,DF,5,30-Dic-1946
1970,111,6590,DF,6,25-Jun-1942
1970,111,8245,DF,13,30-Mar-1943
1970,111,8246,DF,14,09-Ene-1945
1970,111,8247,MC,7,19-Sep-1945
1970,111,8248,MC,8,27-Jun-1942
1970,111,8249,MC,15,15-Dic-1942
1970,111,1083,MC,16,14-Mar-1940
1970,111,6599,MC,17,14-Sep-1942
1970,111,6742,MC,18,29-Mar-1940
1970,111,1014,DL,9,30-Dic-1945
1970,111,8250,DL,10,15-Sep-1948
1970,111,6592,DL,11,10-Jul-1942
1970,111,8251,DL,19,04-Dic-1941
1970,111,8252,DL,20,21-Jul-1944
1970,111,6593,DL,21,19-Apr-1942
1970,124,8253,AR,1,08-Oct-1948
1970,124,6503,AR,2,19-Jul-1940
1970,124,6510,AR,13,22-Oct-1929
1970,124,6512,DF,3,22-Dic-1939
1970,124,8254,DF,4,15-Apr-1945
1970,124,8255,DF,5,26-Feb-1944
1970,124,8256,DF,6,29-Ene-1949
1970,124,8257,DF,7,15-Apr-1942
1970,124,6507,DF,8,05-Ene-1943
1970,124,6506,DF,9,20-Jun-1941
1970,124,8258,DF,10,24-Feb-1944
1970,124,8259,MC,11,01-Ene-1947
1970,124,8260,MC,12,29-Ene-1946
1970,124,8261,MC,14,14-Sep-1946
1970,124,6516,MC,15,29-Mar-1940
1970,124,8262,DL,16,23-Apr-1946
1970,124,8263,DL,17,04-Feb-1944
1970,124,6517,DL,18,30-May-1936
1970,124,8264,DL,19,02-Ene-1948
1970,124,8265,DL,20,03-Jun-1941
1970,124,8266,DL,21,12-Jun-1943
1970,124,1042,DL,22,04-Oct-1944
1966,10,6537,AR,1,22-Ago-1930
1966,10,6543,AR,12,26-Apr-1937
1966,10,1189,DF,2,27-Feb-1929
1966,10,6544,DF,3,13-Mar-1944
1966,10,6538,DF,4,07-Jun-1930
1966,10,6545,DF,5,09-Ago-1939
1966,10,6539,DF,6,22-Ene-1938
1966,10,6546,DF,7,20-Sep-1935
1966,10,6540,DF,8,05-Ene-1943
1966,10,2716,DF,9,23-Ene-1942
1966,10,6547,MC,11,11-Ene-1941
1966,10,1995,MC,13,28-Mar-1943
1966,10,6541,MC,14,18-Ene-1942
1966,10,1095,MC,15,08-Ago-1932
1966,10,1026,MC,20,25-Ene-1947
1966,10,8,DL,10,"23-Oct-1940 1.73 m / 5' 8"""
1966,10,1013,DL,16,"28-Oct-1933 1.69 m / 5' 7"""
1966,10,987,DL,17,25-Dic-1944
1966,10,6542,DL,18,16-Dic-1945
1966,10,6548,DL,19,02-Ene-1940
1966,10,6549,DL,21,21-Mar-1942
1966,10,6241,DL,22,06-Ago-1949
1966,37,6566,AR,1,17-Jun-1940
1966,37,6576,AR,21,13-Ago-1942
1966,37,6577,AR,22,07-Dic-1941
1966,37,6567,DF,5,19-Jun-1942
1966,37,6568,DF,6,21-May-1940
1966,37,6578,DF,7,20-Feb-1938
1966,37,6569,DF,11,06-Mar-1941
1966,37,6570,DF,12,27-Oct-1939
1966,37,6571,MC,2,02-Jul-1938
1966,37,6572,MC,4,04-Ene-1939
1966,37,6579,MC,15,17-Ago-1945
1966,37,6573,MC,16,30-Mar-1939
1966,37,6580,MC,17,03-Sep-1934
1966,37,6581,MC,18,27-May-1940
1966,37,6582,DL,3,19-Oct-1942
1966,37,6574,DL,8,29-Dic-1940
1966,37,6583,DL,9,25-Jul-1944
1966,37,1023,DL,10,23-Jul-1934
1966,37,6575,DL,13,17-May-1942
1966,37,1015,DL,14,18-Mar-1939
1966,37,6584,DL,19,05-Oct-1935
1966,37,6585,DL,20,25-Mar-1941
1966,111,6595,AR,1,07-Jun-1929
1966,111,6586,AR,12,13-Dic-1943
1966,111,6596,AR,22,22-Nov-1941
1966,111,6587,DF,2,14-Mar-1937
1966,111,6588,DF,3,22-Nov-1942
1966,111,6597,DF,4,30-Nov-1937
1966,111,6598,DF,5,31-Jul-1938
1966,111,6599,DF,13,14-Sep-1942
1966,111,6589,DF,14,06-Feb-1942
1966,111,1083,MC,6,14-Mar-1940
1966,111,6600,MC,9,26-Oct-1940
1966,111,6590,MC,15,25-Jun-1942
1966,111,1302,MC,16,22-Dic-1943
1966,111,6591,MC,17,04-Apr-1944
1966,111,6601,DL,7,16-Feb-1941
1966,111,6592,DL,8,10-Jul-1942
1966,111,6593,DL,10,19-Apr-1942
1966,111,6602,DL,11,03-Feb-1941
1966,111,6603,DL,18,03-Nov-1941
1966,111,6594,DL,19,20-Sep-1936
1966,111,1014,DL,20,30-Dic-1945
1966,111,6604,DL,21,25-May-1943
1966,135,6362,AR,1,14-Feb-1945
1966,135,6464,AR,12,14-Jun-1935
1966,135,6465,AR,22,07-Mar-1931
1966,135,2616,DF,2,04-Feb-1935
1966,135,6458,DF,3,04-Nov-1938
1966,135,2571,DF,4,14-Jul-1945
1966,135,6459,DF,5,27-Apr-1936
1966,135,6466,DF,13,12-Ene-1942
1966,135,6460,DF,15,07-Jun-1940
1966,135,6467,DF,20,09-Oct-1939
1966,135,6461,MC,6,08-Nov-1938
1966,135,1025,MC,7,29-Mar-1941
1966,135,6468,MC,14,10-Feb-1939
1966,135,6469,MC,16,09-Ago-1940
1966,135,2617,MC,19,01-Feb-1940
1966,135,6363,MC,21,06-Oct-1944
1966,135,6470,DL,8,25-Ago-1944
1966,135,1053,DL,9,27-Dic-1933
1966,135,1024,DL,10,03-Dic-1942
1966,135,6462,DL,11,07-Jun-1936
1966,135,6471,DL,17,27-Nov-1939
1966,135,6463,DL,18,11-May-1946
1962,10,6537,AR,1,22-Ago-1930
1962,10,6724,AR,22,27-Nov-1927
1962,10,1189,DF,2,27-Feb-1929
1962,10,6722,DF,3,30-Ago-1930
1962,10,6723,DF,5,19-Jun-1932
1962,10,1100,DF,6,16-May-1925
1962,10,6725,DF,12,17-Jul-1936
1962,10,6538,DF,13,07-Jun-1930
1962,10,6726,DF,14,12-Nov-1940
1962,10,6539,DF,15,22-Ene-1938
1962,10,1095,MC,4,08-Ago-1932
1962,10,1144,MC,8,08-Oct-1928
1962,10,6727,MC,16,18-Nov-1934
1962,10,6728,MC,17,17-Dic-1939
1962,10,1013,DL,7,"28-Oct-1933 1.69 m / 5' 7"""
1962,10,6729,DL,9,11-Jun-1943
1962,10,8,DL,10,"23-Oct-1940 1.73 m / 5' 8"""
1962,10,24,DL,11,25-Feb-1935
1962,10,6730,DL,18,09-Jul-1940
1962,10,1089,DL,19,12-Nov-1934
1962,10,1080,DL,20,29-Jun-1939
1962,10,1054,DL,21,09-Ago-1931
1962,19,6705,AR,1,26-Feb-1926
1962,19,6712,AR,2,
1962,19,1051,DF,3,04-Feb-1929
1962,19,6713,DF,4,31-Ene-1933
1962,19,6706,DF,5,01-Apr-1938
1962,19,6714,DF,6,
1962,19,6715,DF,7,24-Ene-1939
1962,19,6707,DF,8,10-Apr-1938
1962,19,6708,DF,11,02-Apr-1939
1962,19,6709,MC,9,10-Oct-1935
1962,19,6716,MC,10,13-Nov-1938
1962,19,6717,MC,12,
1962,19,2719,MC,15,23-Ago-1935
1962,19,2718,DL,13,30-Sep-1938
1962,19,6718,DL,14,
1962,19,6719,DL,16,
1962,19,2720,DL,17,07-Feb-1936
1962,19,6720,DL,18,
1962,19,6710,DL,19,28-Ene-1936
1962,19,2721,DL,20,13-Jun-1937
1962,19,6721,DL,21,07-Jul-1937
1962,19,6711,DL,22,02-Nov-1938
1962,124,6510,AR,1,22-Oct-1929
1962,124,6832,AR,2,05-Mar-1936
1962,124,6833,AR,3,09-Ago-1936
1962,124,6827,DF,4,06-Apr-1935
1962,124,6834,DF,5,27-Jun-1937
1962,124,6504,DF,6,17-Ene-1936
1962,124,6828,DF,7,26-Jun-1930
1962,124,6506,DF,8,20-Jun-1941
1962,124,6835,MC,9,06-Mar-1938
1962,124,6829,MC,10,09-Ene-1930
1962,124,6508,MC,11,29-Feb-1940
1962,124,2618,MC,12,17-Jul-1939
1962,124,6836,DL,13,11-Mar-1937
1962,124,1060,DL,14,19-Nov-1934
1962,124,6830,DL,15,03-Oct-1936
1962,124,1078,DL,16,29-Feb-1936
1962,124,6831,DL,17,12-Ene-1937
1962,124,6517,DL,18,30-May-1936
1962,124,1061,DL,19,22-May-1937
1962,124,6516,DL,20,29-Mar-1940
1962,124,2606,DL,21,27-Jun-1937
1962,124,1048,DL,22,04-Ene-1939
1962,135,6464,AR,1,14-Jun-1935
1962,135,6697,AR,12,24-Feb-1934
1962,135,2616,DF,2,04-Feb-1935
1962,135,6468,DF,3,10-Feb-1939
1962,135,4274,DF,4,11-May-1938
1962,135,6459,DF,5,27-Apr-1936
1962,135,6698,DF,14,13-Ene-1928
1962,135,6699,DF,15,01-Ene-1935
1962,135,6700,DF,17,17-Jul-1939
1962,135,6469,DF,18,09-Ago-1940
1962,135,6701,MC,6,25-May-1933
1962,135,1025,MC,8,29-Mar-1941
1962,135,1024,MC,10,03-Dic-1942
1962,135,6702,MC,16,30-Sep-1936
1962,135,1066,MC,22,09-Oct-1939
1962,135,6462,DL,7,07-Jun-1936
1962,135,1053,DL,9,27-Dic-1933
1962,135,1052,DL,11,28-Mar-1940
1962,135,6696,DL,19,06-Ago-1939
1962,135,6703,DL,20,01-Dic-1937
1962,135,2617,DL,21,01-Feb-1940
1962,135,6704,DL,23,24-Apr-1936
1962,137,6837,AR,1,31-Dic-1937
1962,137,6845,AR,12,14-Mar-1928
1962,137,6846,AR,19,11-Jun-1939
1962,137,6838,DF,2,06-Nov-1937
1962,137,6839,DF,3,08-Dic-1939
1962,137,6840,DF,5,01-Ene-1937
1962,137,6847,DF,13,06-Apr-1935
1962,137,6848,DF,14,31-Jul-1929
1962,137,6849,DF,20,16-Oct-1936
1962,137,1091,MC,4,02-Feb-1937
1962,137,6841,MC,6,17-Mar-1935
1962,137,6850,MC,7,16-Jul-1937
1962,137,6842,MC,8,30-Nov-1937
1962,137,6843,MC,15,09-Ago-1935
1962,137,6844,MC,16,25-Apr-1932
1962,137,6851,MC,22,28-Jun-1931
1962,137,1069,DL,9,06-Ago-1936
1962,137,1068,DL,10,08-Mar-1938
1962,137,1067,DL,11,12-Mar-1941
1962,137,1081,DL,17,05-Ene-1940
1962,137,6852,DL,18,07-Ene-1940
1962,137,6853,DL,21,18-Dic-1937
1958,1,7029,AR,1,09-Sep-1928
1958,1,6874,AR,21,22-Nov-1932
1958,1,7034,AR,22,16-Jul-1926
1958,1,6871,DF,2,06-Jul-1930
1958,1,7030,DF,3,07-Sep-1926
1958,1,7035,DF,5,27-Jul-1927
1958,1,7031,DF,7,19-Dic-1930
1958,1,6473,DF,17,31-Mar-1939
1958,1,7036,DF,18,11-Feb-1935
1958,1,7037,DF,20,10-Oct-1935
1958,1,7032,MC,4,08-Feb-1932
1958,1,1077,MC,6,29-Ago-1934
1958,1,1192,MC,9,31-Oct-1920
1958,1,7033,MC,10,05-Sep-1935
1958,1,1108,DL,8,16-Ago-1929
1958,1,1124,DL,11,19-Oct-1927
1958,1,1041,DL,12,05-Nov-1936
1958,1,1160,DL,13,26-Oct-1926
1958,1,1145,DL,14,03-May-1937
1958,1,7038,DL,15,21-Apr-1925
1958,1,6873,DL,16,03-Sep-1935
1958,1,7039,DL,19,08-Ene-1929
1958,5,7014,AR,1,12-Jun-1926
1958,5,7021,AR,12,09-Jul-1923
1958,5,7015,DF,3,27-Ene-1930
1958,5,7016,DF,4,11-Jun-1925
1958,5,7022,DF,14,27-Ene-1931
1958,5,7023,DF,15,20-Feb-1937
1958,5,6778,DF,17,26-Ago-1935
1958,5,7017,MC,2,09-Jul-1926
1958,5,7018,MC,5,10-May-1925
1958,5,6676,MC,6,27-May-1932
1958,5,7024,MC,13,10-Apr-1929
1958,5,7025,MC,16,02-Jun-1927
1958,5,1107,DL,7,11-Mar-1936
1958,5,7019,DL,8,17-Sep-1929
1958,5,1127,DL,9,14-Dic-1936
1958,5,6681,DL,10,20-Feb-1937
1958,5,7026,DL,11,28-Sep-1918
1958,5,7027,DL,18,11-Ago-1931
1958,5,1128,DL,19,06-Oct-1931
1958,5,7028,DL,20,21-Jun-1924
1958,5,1071,DL,21,04-May-1935
1958,5,7020,DL,22,29-May-1931
1958,10,6724,AR,1,27-Nov-1927
1958,10,6537,AR,3,22-Ago-1930
1958,10,6538,DF,2,07-Jun-1930
1958,10,1189,DF,4,27-Feb-1929
1958,10,6959,DF,8,13-Jun-1932
1958,10,6723,DF,9,19-Jun-1932
1958,10,1100,DF,12,16-May-1925
1958,10,6956,DF,14,14-Feb-1931
1958,10,6546,DF,15,20-Sep-1935
1958,10,6722,DF,16,30-Ago-1930
1958,10,6957,MC,5,23-May-1932
1958,10,1144,MC,6,08-Oct-1928
1958,10,6960,MC,13,18-May-1936
1958,10,1095,MC,19,08-Ago-1932
1958,10,1054,DL,7,09-Ago-1931
1958,10,8,DL,10,"23-Oct-1940 1.73 m / 5' 8"""
1958,10,1013,DL,11,"28-Oct-1933 1.69 m / 5' 7"""
1958,10,6958,DL,17,23-Nov-1931
1958,10,1099,DL,18,24-Jul-1938
1958,10,1089,DL,20,12-Nov-1934
1958,10,4342,DL,21,16-Mar-1934
1958,10,24,DL,22,25-Feb-1935
1958,122,6952,AR,1,04-Nov-1931
1958,122,6947,AR,19,29-Sep-1928
1958,122,6797,AR,22,02-Ago-1931
1958,122,6948,DF,2,11-Sep-1934
1958,122,6800,DF,4,05-Dic-1931
1958,122,6799,DF,16,12-Ago-1935
1958,122,6809,DF,17,12-Oct-1933
1958,122,6953,DF,21,02-Ene-1931
1958,122,6949,MC,3,07-Dic-1935
1958,122,1094,MC,5,09-Feb-1931
1958,122,6801,MC,6,28-Oct-1930
1958,122,6950,MC,15,23-Ene-1929
1958,122,6954,MC,20,03-Jun-1931
1958,122,6955,DL,7,28-Mar-1934
1958,122,1122,DL,8,19-Nov-1934
1958,122,6810,DL,9,13-Feb-1936
1958,122,6813,DL,10,26-Ene-1931
1958,122,6951,DL,11,22-Oct-1932
1958,122,1123,DL,12,10-Nov-1937
1958,122,1138,DL,13,19-Sep-1931
1958,122,1139,DL,14,03-Oct-1931
1958,122,1090,DL,18,05-May-1938
1958,37,6987,AR,1,24-May-1927
1958,37,6988,AR,2,04-Sep-1928
1958,37,6981,AR,3,08-Ago-1928
1958,37,6982,DF,4,31-Ene-1932
1958,37,6983,DF,5,06-Dic-1930
1958,37,6989,DF,6,05-Mar-1924
1958,37,6990,DF,7,25-Mar-1930
1958,37,6991,MC,8,24-Feb-1934
1958,37,6992,MC,9,09-Ene-1929
1958,37,6984,MC,10,03-May-1925
1958,37,6993,MC,11,13-Sep-1927
1958,37,6985,MC,12,13-Jun-1931
1958,37,6986,MC,13,26-Nov-1926
1958,37,6994,MC,19,12-Jul-1930
1958,37,6995,DL,14,06-Sep-1929
1958,37,6996,DL,15,01-Dic-1932
1958,37,1146,DL,16,16-May-1935
1958,37,20,DL,17,18-Ago-1933
1958,37,1105,DL,18,13-Oct-1931
1958,37,1103,DL,20,26-Dic-1931
1958,37,1106,DL,21,29-Nov-1930
1958,37,1104,DL,22,01-Feb-1937
1958,49,6927,AR,1,25-Oct-1932
1958,49,6936,AR,12,20-Apr-1928
1958,49,6937,AR,18,01-Ene-1933
1958,49,6928,DF,2,20-Feb-1930
1958,49,6929,DF,3,01-Oct-1927
1958,49,6930,DF,5,15-May-1933
1958,49,6938,DF,19,17-Oct-1925
1958,49,6939,DF,21,
1958,49,6931,MC,4,10-Feb-1926
1958,49,6932,MC,6,29-Sep-1928
1958,49,6933,MC,10,25-Oct-1931
1958,49,6940,MC,20,16-Feb-1938
1958,49,6934,DL,7,05-Ago-1931
1958,49,1098,DL,8,10-Jun-1928
1958,49,6941,DL,9,12-Dic-1929
1958,49,1126,DL,11,25-Apr-1934
1958,49,6942,DL,13,11-Mar-1930
1958,49,6943,DL,14,22-Dic-1933
1958,49,6944,DL,15,
1958,49,6935,DL,16,20-Ene-1938
1958,49,6945,DL,17,01-Apr-1924
1958,49,6946,DL,22,
1954,10,6724,AR,1,27-Nov-1927
1954,10,7200,AR,21,07-Ago-1930
1954,10,7201,AR,22,23-Ago-1930
1954,10,1189,DF,2,27-Feb-1929
1954,10,1100,DF,3,16-May-1925
1954,10,7196,DF,4,09-Jun-1925
1954,10,7197,DF,6,21-Nov-1925
1954,10,207,DF,12,15-Apr-1932
1954,10,7202,DF,13,27-Oct-1924
1954,10,6722,DF,15,30-Ago-1930
1954,10,7198,MC,5,13-Ene-1932
1954,10,1144,MC,8,08-Oct-1928
1954,10,7203,MC,14,14-May-1921
1954,10,7204,MC,16,19-Mar-1928
1954,10,1153,DL,7,29-Jul-1929
1954,10,1151,DL,9,14-Ene-1926
1954,10,1152,DL,10,11-Feb-1924
1954,10,7199,DL,11,27-Jun-1925
1954,10,7205,DL,17,06-Jun-1933
1954,10,7206,DL,18,04-Feb-1934
1954,10,7207,DL,19,01-Mar-1931
1954,10,7208,DL,20,24-Nov-1928
1954,37,6981,AR,1,08-Ago-1928
1954,37,7138,AR,2,13-Jun-1924
1954,37,6987,AR,3,24-May-1927
1954,37,7134,DF,4,09-Nov-1925
1954,37,7139,DF,5,30-Jul-1925
1954,37,6982,DF,6,31-Ene-1932
1954,37,6989,DF,7,05-Mar-1924
1954,37,7140,DF,8,03-Nov-1932
1954,37,6984,DF,10,03-May-1925
1954,37,6986,DF,14,26-Nov-1926
1954,37,7141,MC,9,19-Jul-1924
1954,37,7142,MC,11,31-Oct-1926
1954,37,6985,MC,12,13-Jun-1931
1954,37,7143,MC,13,25-Apr-1929
1954,37,7144,MC,15,25-Jul-1927
1954,37,7145,MC,19,10-May-1932
1954,37,7135,DL,16,22-Jun-1930
1954,37,7136,DL,17,19-Feb-1928
1954,37,1105,DL,18,13-Oct-1931
1954,37,7146,DL,20,29-Ene-1931
1954,37,7137,DL,21,23-Feb-1928
1954,37,1106,DL,22,29-Nov-1930
1954,111,6595,AR,1,07-Jun-1929
1954,111,7209,AR,12,01-Ene-1923
1954,111,7210,DF,2,18-Ago-1928
1954,111,7081,DF,3,20-Apr-1923
1954,111,7216,DF,4,01-Ene-1928
1954,111,7217,DF,13,01-Ene-1927
1954,111,7211,DF,14,26-Jun-1924
1954,111,7088,DF,20,24-May-1928
1954,111,7218,DF,21,01-Ene-1927
1954,111,6733,MC,5,30-Oct-1928
1954,111,7212,MC,6,01-Ene-1926
1954,111,6734,MC,16,03-Feb-1929
1954,111,7213,DL,7,31-May-1931
1954,111,7214,DL,8,19-Mar-1926
1954,111,1167,DL,9,03-Jul-1930
1954,111,1168,DL,10,21-Dic-1931
1954,111,7215,DL,11,28-Feb-1935
1954,111,7090,DL,15,05-Mar-1927
1954,111,7219,DL,17,18-Ene-1923
1954,111,7220,DL,18,10-Jul-1930
1954,111,7221,DL,19,
1954,111,7222,DL,22,
1954,137,7093,AR,1,02-Nov-1928
1954,137,7126,AR,12,10-Mar-1924
1954,137,7122,DF,2,31-Oct-1921
1954,137,7094,DF,3,17-Jun-1929
1954,137,7123,DF,5,16-Jul-1926
1954,137,7127,DF,13,15-Nov-1925
1954,137,7128,DF,16,10-Apr-1923
1954,137,7129,DF,17,16-Ene-1929
1954,137,7124,MC,4,24-Nov-1923
1954,137,7097,MC,6,16-May-1931
1954,137,1169,MC,11,17-May-1929
1954,137,7130,MC,14,08-Dic-1928
1954,137,7131,MC,15,07-Mar-1926
1954,137,1203,DL,7,02-Mar-1927
1954,137,1201,DL,8,19-Nov-1922
1954,137,7125,DL,9,01-May-1927
1954,137,1210,DL,10,03-Dic-1923
1954,137,1147,DL,18,05-Feb-1933
1954,137,7132,DL,19,17-Ene-1934
1954,137,7133,DL,20,27-Apr-1926
1954,137,1116,DL,21,22-Oct-1930
1954,137,1115,DL,22,06-Feb-1930
1950,10,7345,AR,,27-Mar-1921
1950,10,6724,AR,,27-Nov-1927
1950,10,7203,DF,,14-May-1921
1950,10,7346,DF,,22-Oct-1920
1950,10,1100,DF,,16-May-1925
1950,10,7347,DF,,27-Nov-1923
1950,10,7350,DF,,11-Jul-1923
1950,10,1219,MC,,14-Sep-1921
1950,10,7351,MC,,25-Sep-1918
1950,10,7352,MC,,02-Feb-1922
1950,10,7349,MC,,03-Dic-1920
1950,10,7197,MC,,21-Nov-1925
1950,10,7348,MC,,04-Apr-1922
1950,10,7353,DL,,02-Apr-1923
1950,10,1195,DL,,08-Nov-1922
1950,10,1213,DL,,01-Ene-1920
1950,10,1151,DL,,14-Ene-1926
1950,10,2731,DL,,28-Ene-1926
1950,10,1196,DL,,21-Mar-1921
1950,10,1234,DL,,20-Oct-1924
1950,10,7199,DL,,27-Jun-1925
1950,10,1232,DL,,07-Ene-1923
1950,111,6595,AR,,07-Jun-1929
1950,111,7359,AR,,
1950,111,7356,DF,,03-Jul-1923
1950,111,7355,DF,,14-Apr-1923
1950,111,7088,DF,,24-May-1928
1950,111,7354,DF,,28-Apr-1922
1950,111,7361,DF,,08-Apr-1920
1950,111,7360,DF,,26-Jun-1924
1950,111,7364,MC,,
1950,111,1212,MC,,20-Dic-1928
1950,111,7218,MC,,01-Ene-1927
1950,111,7362,MC,,20-Feb-1928
1950,111,5874,MC,,
1950,111,7363,MC,,13-Jul-1923
1950,111,7214,DL,,19-Mar-1926
1950,111,7358,DL,,12-Ago-1923
1950,111,7219,DL,,18-Ene-1923
1950,111,1225,DL,,25-May-1918
1950,111,7366,DL,,28-Mar-1919
1950,111,7357,DL,,19-Feb-1927
1950,111,6190,DL,,
1950,111,7365,DL,,31-Ene-1920
1950,129,7408,AR,,23-Sep-1923
1950,129,7407,AR,,02-Jul-1922
1950,129,7287,AR,,11-May-1925
1950,129,7411,DF,,01-Ene-1915
1950,129,7404,DF,,24-Apr-1921
1950,129,7284,DF,,03-Sep-1921
1950,129,7409,DF,,16-Apr-1920
1950,129,7410,DF,,01-Ene-1923
1950,129,7282,DF,,09-Apr-1921
1950,129,7405,MC,,22-Jul-1922
1950,129,7289,MC,,28-Ene-1919
1950,129,7414,DL,,01-Ene-1923
1950,129,1224,DL,,"03-Nov-1929 1.74 m / 5' 8"""
1950,129,7413,DL,,06-Nov-1920
1950,129,1184,DL,,19-Dic-1925
1950,129,1263,DL,,12-May-1918
1950,129,7412,DL,,23-Jul-1928
1950,129,1223,DL,,07-Ago-1922
1950,129,7406,DL,,09-Dic-1919
1950,137,7093,AR,,02-Nov-1928
1950,137,7392,AR,,26-May-1915
1950,137,7398,DF,,
1950,137,7397,DF,,01-Ene-1923
1950,137,7396,DF,,17-Mar-1918
1950,137,7123,DF,,16-Jul-1926
1950,137,7395,DF,,24-Dic-1921
1950,137,7122,DF,,31-Oct-1921
1950,137,7401,MC,,
1950,137,7399,MC,,
1950,137,7400,MC,,16-Feb-1923
1950,137,7394,MC,,17-Ene-1922
1950,137,7393,MC,,01-May-1922
1950,137,7124,MC,,24-Nov-1923
1950,137,1201,DL,,19-Nov-1922
1950,137,1203,DL,,02-Mar-1927
1950,137,7403,DL,,13-Apr-1921
1950,137,1211,DL,,05-May-1925
1950,137,1210,DL,,03-Dic-1923
1950,137,1202,DL,,25-Jul-1923
1950,137,7125,DL,,01-May-1927
1950,137,7402,DL,,29-Apr-1920
